Sale_ID,Game_ID,Title,Genre,Developer,Publisher,Platform,Region,Sale_Date,Release_Date,Critic_Score,Units_Sold,Unit_Price,Discount_Pct,Revenue,Marketing_Spend
S01452,G1144,Crystal Reborn 144,Adventure,Wildcat Interactive,Arcadia Media,Xbox One,Japan,2022-04-01,2022-07-24,68.0,214,54.99,0.0,11767.86,1174.92
S01335,G1093,Frozen Arena 93,Shooter,Red Fox Studio,Nova Interactive,PC,Europe,2025-10-01,2021-09-20,58.2,2740,64.99,0.0,178072.6,23658.17
S01762,G1252,Cyber Tactics 252,Simulation,Crystal Byte,NextLevel Games,PC,Latin America,2023-06-01,2024-08-19,81.0,278,44.99,0.0,12507.22,834.51
S01736,G1224,Crystal Warriors 224,RPG,Crystal Byte,Silverline Studios,PC,Europe,2022-07-01,2022-11-13,44.4,2801,51.99,0.2,145623.99,7130.1
S01577,G1030,Mystic Frontier 30,RPG,Orbit Games,Arcadia Media,PlayStation 4,Asia Pacific,2021-05-01,2019-04-15,52.0,321,45.49,0.3,14602.29,1882.4
S01111,G1235,Urban Warriors 235,Adventure,Red Fox Studio,PixelWorks,PlayStation 4,Europe,2022-06-01,2025-06-20,72.9,302,49.49,0.1,14945.98,909.74
S01595,G1127,Rogue Strike 127,Adventure,ShadowWorks,Arcadia Media,PC,Asia Pacific,2024-11-01,2020-04-24,69.4,1783,27.5,0.5,49032.5,3243.29
S00531,G1099,Kingdom Arena 99,Sports,Sunrise Labs,Arcadia Media,Xbox Series X,Asia Pacific,2021-06-01,2021-05-27,,849,34.99,0.5,29706.51,2417.0
S00652,G1158,Storm Reborn 158,Sports,Quantum Labs,Arcadia Media,PlayStation 4,Asia Pacific,2022-12-01,2022-05-16,84.6,996,48.99,0.3,48794.04,2102.03
S00820,G1178,Storm Origins 178,Shooter,Wildcat Interactive,PixelWorks,Nintendo Switch,Latin America,2021-09-01,2023-05-08,,919,45.49,0.3,41805.31,2686.65
S00772,G1004,Crystal Legends 4,Racing,Orbit Games,PixelWorks,PlayStation 5,Europe,2023-06-01,2024-05-02,,981,59.99,0.0,58850.19,7307.14
S01879,G1231,Titan Warriors 231,Shooter,Sunrise Labs,Blue Horizon,PlayStation 5,Latin America,2025-07-01,2020-01-05,40.2,87,64.99,0.0,5654.13,680.58
S00916,G1111,Titan Odyssey 111,Racing,Moonlight Games,PixelWorks,Xbox Series X,Latin America,2025-12-01,2019-07-07,69.7,956,41.99,0.3,40142.44,5479.72
S02016,G1151,Titan Reborn 151,Adventure,Blue Oak Studio,Arcadia Media,Nintendo Switch,North America,2024-09-01,2024-06-19,68.1,2967,38.49,0.3,114199.83,6049.83
S01877,G1133,Frozen Strike 133,Sports,Quantum Labs,Vertex Entertainment,Xbox Series X,Europe,2024-11-01,2024-10-25,83.9,3051,62.99,0.1,192182.49,21297.71
S00938,G1121,Apex Strike 121,Shooter,Digital Forge,Arcadia Media,PlayStation 5,Latin America,2023-08-01,2019-01-19,74.2,2415,64.99,0.0,156950.85,19321.42
S01563,G1104,Crystal Odyssey 104,Adventure,Wildcat Interactive,Nova Interactive,Nintendo Switch,Europe,2025-08-01,2021-06-26,61.7,1275,43.99,0.2,56087.25,7053.86
S00180,G1005,Iron Legends 5,RPG,Quantum Labs,Nova Interactive,Xbox Series X,Latin America,2021-02-01,2021-10-12,78.0,587,58.49,0.1,34333.63,3764.54
S01724,G1084,Crystal Arena 84,Adventure,Digital Forge,Titan Publishing,Xbox Series X,Asia Pacific,2024-11-01,2020-08-15,62.7,512,54.99,0.0,28154.88,1200.48
S01473,G1034,Star Frontier 34,Action,Red Fox Studio,Titan Publishing,PlayStation 5,Japan,2024-11-01,2022-09-16,49.7,1593,41.99,0.3,66890.07,8031.43
S02168,G1090,Mystic Arena 90,Shooter,Moonlight Games,NextLevel Games,PlayStation 5,Asia Pacific,2022-10-01,2021-07-17,69.7,6536,64.99,0.0,424774.64,15450.4
S01717,G1148,Dragon Reborn 148,Sports,Moonlight Games,PixelWorks,PlayStation 4,Asia Pacific,2022-01-01,2021-04-27,75.1,553,62.99,0.1,34833.47,2978.16
S01647,G1095,Urban Arena 95,Action,Northstar Dev,Arcadia Media,Nintendo Switch,North America,2025-12-01,2021-08-11,76.2,2887,59.99,0.0,173191.13,14594.32
S01709,G1028,Dragon Frontier 28,Shooter,Quantum Labs,Titan Publishing,PlayStation 5,North America,2024-08-01,2023-12-26,75.5,1883,64.99,0.0,122376.17,10661.49
S00252,G1044,Crystal Rising 44,Simulation,Wildcat Interactive,Silverline Studios,PlayStation 5,Asia Pacific,2021-02-01,2020-05-30,74.1,1170,44.99,0.0,52638.3,2323.39
S02010,G1246,Solar Tactics 246,Strategy,Sunrise Labs,Nova Interactive,PlayStation 5,Europe,2024-03-01,2020-03-18,98.0,1865,44.99,0.1,83906.35,9577.41
S00603,G1257,Quantum Tactics 257,Simulation,Northstar Dev,Titan Publishing,PlayStation 5,Asia Pacific,2023-10-01,2021-06-17,82.9,551,31.49,0.3,17350.99,1610.16
S01612,G1111,Titan Odyssey 111,Racing,Moonlight Games,PixelWorks,PlayStation 5,Europe,2022-07-01,2019-07-07,69.7,536,59.99,0.0,32154.64,1665.31
S00487,G1092,Cyber Arena 92,Strategy,Moonlight Games,Titan Publishing,PC,Japan,2023-05-01,2021-09-22,73.7,1273,49.99,0.0,63637.27,6980.36
S00030,G1062,Shadow Chronicles 62,Shooter,,NextLevel Games,Xbox Series X,Japan,2022-07-01,2021-06-20,73.7,1390,51.99,0.2,72266.1,8224.18
S00901,G1039,Kingdom Frontier 39,Racing,Blue Oak Studio,Nova Interactive,Xbox One,North America,2023-08-01,2024-12-10,62.4,1331,30.0,0.5,39930.0,2816.44
S00509,G1015,Urban Legends 15,RPG,Sunrise Labs,Blue Horizon,PC,Asia Pacific,2021-06-01,2021-06-29,84.6,3085,58.49,0.1,180441.65,22291.48
S02083,G1129,Velocity Strike 129,Adventure,Digital Forge,Nova Interactive,PC,Europe,2024-09-01,2019-03-19,59.4,1060,54.99,0.0,58289.4,6773.94
S00890,G1194,Star Revolution 194,Action,Northstar Dev,Arcadia Media,Xbox One,Asia Pacific,2025-07-01,2024-05-08,69.7,327,47.99,0.2,15692.73,855.73
S02058,G1084,Crystal Arena 84,Adventure,Digital Forge,Titan Publishing,Xbox One,Japan,2024-11-01,2020-08-15,62.7,397,54.99,0.0,21831.03,2232.71
S00793,G1207,Rogue Quest 207,Strategy,Orbit Games,PixelWorks,Xbox One,Japan,2022-10-01,2023-05-22,61.4,236,34.99,0.3,8257.64,764.02
S02096,G1024,Crystal Frontier 24,Strategy,Northstar Dev,Vertex Entertainment,Xbox Series X,Japan,2025-07-01,2025-04-20,63.3,645,34.99,0.3,22568.55,3130.63
S00276,G1093,Frozen Arena 93,Shooter,Red Fox Studio,Nova Interactive,PC,Latin America,2021-11-01,2021-09-20,58.2,1009,64.99,0.0,65574.91,3408.03
S00255,G1231,Titan Warriors 231,Shooter,Sunrise Labs,Blue Horizon,PlayStation 4,Asia Pacific,2022-11-01,2020-01-05,40.2,1475,64.99,0.0,95860.25,6058.59
S00307,G1120,Eclipse Odyssey 120,Simulation,Wildcat Interactive,Arcadia Media,Nintendo Switch,Europe,2021-10-01,2019-04-15,68.5,1373,35.99,0.2,49414.27,4348.66
S01784,G1227,Rogue Warriors 227,RPG,Red Fox Studio,NextLevel Games,Xbox Series X,Asia Pacific,2021-07-01,2023-05-26,73.2,837,58.49,0.1,48956.13,6433.4
S01190,G1099,Kingdom Arena 99,Sports,Sunrise Labs,Arcadia Media,Xbox One,Japan,2022-02-01,2021-05-27,,1501,69.99,0.0,105054.99,7091.4
S00760,G1079,Kingdom Chronicles 79,Adventure,Moonlight Games,Titan Publishing,PlayStation 5,North America,2023-09-01,2023-10-10,84.4,821,49.49,0.1,40631.29,4179.65
S00169,G1002,Shadow Legends 2,Strategy,Red Fox Studio,PixelWorks,PC,Europe,2022-10-01,2023-02-05,88.3,950,49.99,0.0,47490.5,1647.5
S00669,G1218,Storm Quest 218,Simulation,Blue Oak Studio,Silverline Studios,PC,Japan,2023-08-01,2022-03-14,59.9,288,44.99,0.0,12957.12,446.43
S00185,G1253,Frozen Tactics 253,Simulation,Moonlight Games,Vertex Entertainment,PlayStation 4,North America,2023-06-01,2022-11-15,64.5,1327,35.99,0.2,47758.73,5664.66
S00415,G1123,Neon Strike 123,Racing,Quantum Labs,Arcadia Media,PlayStation 4,Europe,2022-01-01,2020-04-10,72.6,351,53.99,0.1,18950.49,625.27
S01842,G1228,Dragon Warriors 228,Shooter,Crystal Byte,PixelWorks,Xbox One,Latin America,2025-07-01,2022-11-21,80.4,334,64.99,0.0,21706.66,1377.39
S01464,G1062,Shadow Chronicles 62,Shooter,Digital Forge,NextLevel Games,PC,Europe,2024-05-01,2021-06-20,73.7,1361,58.49,0.1,79604.89,9631.03
S00112,G1029,Velocity Frontier 29,Strategy,Wildcat Interactive,NextLevel Games,PlayStation 4,North America,2023-09-01,2024-11-12,89.2,491,49.99,0.0,24545.09,2846.61
S00743,G1018,Storm Legends 18,RPG,Red Fox Studio,PixelWorks,Xbox Series X,Latin America,2025-02-01,2022-01-30,59.3,529,64.99,0.0,34379.71,1928.32
S02111,G1109,Velocity Odyssey 109,Simulation,Northstar Dev,Vertex Entertainment,PC,North America,2024-04-01,2023-08-31,73.8,5205,31.49,0.3,163905.45,19592.53
S01272,G1043,Neon Rising 43,Sports,Sunrise Labs,Arcadia Media,Xbox Series X,Europe,2021-06-01,2022-08-21,62.8,556,69.99,0.0,38914.44,1590.94
S00619,G1076,Legend Chronicles 76,Adventure,Northstar Dev,Vertex Entertainment,Xbox Series X,Latin America,2023-07-01,2021-02-07,93.4,103,38.49,0.3,3964.47,465.85
S02105,G1064,Crystal Chronicles 64,Adventure,Crystal Byte,Titan Publishing,PlayStation 4,Europe,2021-03-01,2023-05-30,,2324,49.49,0.1,115014.76,8740.19
S00355,G1183,Neon Revolution 183,Adventure,Quantum Labs,NextLevel Games,Nintendo Switch,Japan,2021-03-01,2025-04-08,75.5,622,49.49,0.1,30782.78,3522.66
S01965,G1116,Legend Odyssey 116,Strategy,Crystal Byte,Titan Publishing,Xbox Series X,North America,2024-02-01,2023-06-20,86.3,1040,39.99,0.2,41589.6,2445.98
S01542,G1199,Kingdom Revolution 199,Racing,ShadowWorks,Nova Interactive,Xbox Series X,North America,2025-12-01,2020-08-16,70.0,1276,59.99,0.0,76547.24,9364.05
S01034,G1131,Titan Strike 131,RPG,Sunrise Labs,Titan Publishing,Xbox Series X,Europe,2024-02-01,2019-09-04,83.2,472,64.99,0.0,30675.28,2756.15
S00747,G1230,Mystic Warriors 230,Simulation,Iron Pixel,Silverline Studios,PlayStation 4,Asia Pacific,2024-10-01,2023-07-06,68.3,729,31.49,0.3,22956.21,858.81
S01318,G1231,Titan Warriors 231,Shooter,Sunrise Labs,Blue Horizon,Xbox Series X,Asia Pacific,2024-09-01,2020-01-05,40.2,672,64.99,0.0,43673.28,4061.45
S01831,G1077,Quantum Chronicles 77,Shooter,Digital Forge,PixelWorks,PlayStation 5,North America,2024-01-01,2024-07-01,59.5,2768,64.99,0.0,179892.32,18578.74
S00818,G1213,Frozen Quest 213,Sports,Wildcat Interactive,Vertex Entertainment,PlayStation 4,Japan,2023-10-01,2025-03-06,85.6,488,69.99,0.0,34155.12,1772.48
S01671,G1075,Urban Chronicles 75,Shooter,Wildcat Interactive,Arcadia Media,PC,Latin America,2023-02-01,2019-03-19,74.3,352,64.99,0.0,22876.48,2468.8
S01789,G1068,Dragon Chronicles 68,Shooter,,Titan Publishing,PC,North America,2024-08-01,2021-04-11,,836,64.99,0.0,54331.64,5202.98
S00409,G1118,Storm Odyssey 118,Racing,Iron Pixel,Titan Publishing,PlayStation 5,Japan,2021-07-01,2023-03-14,56.9,513,59.99,0.0,30774.87,3206.83
S01695,G1059,Kingdom Rising 59,Racing,Orbit Games,Silverline Studios,Xbox Series X,Japan,2022-08-01,2022-04-13,71.9,923,59.99,0.0,55370.77,4524.19
S00097,G1019,Kingdom Legends 19,Strategy,Red Fox Studio,Blue Horizon,PC,North America,2021-06-01,2023-05-26,73.5,1215,49.99,0.0,60737.85,6375.37
S01462,G1184,Crystal Revolution 184,Strategy,Sunrise Labs,Vertex Entertainment,Xbox One,Latin America,2025-04-01,2021-05-17,,425,44.99,0.1,19120.75,2020.19
S00423,G1243,Neon Tactics 243,Adventure,Crystal Byte,PixelWorks,PC,Latin America,2025-10-01,2021-10-15,52.6,466,43.99,0.2,20499.34,2821.42
S01402,G1131,Titan Strike 131,RPG,Sunrise Labs,Titan Publishing,Xbox Series X,Japan,2021-04-01,2019-09-04,83.2,1424,51.99,0.2,74033.76,5710.05
S01846,G1195,Urban Revolution 195,Action,Iron Pixel,Nova Interactive,Nintendo Switch,Latin America,2023-10-01,2024-08-27,69.5,512,53.99,0.1,27642.88,2741.04
S02029,G1139,Kingdom Strike 139,Sports,Iron Pixel,Nova Interactive,PlayStation 5,Latin America,2022-09-01,2024-10-30,88.1,809,48.99,0.3,39632.91,3557.67
S01002,G1076,Legend Chronicles 76,Adventure,Northstar Dev,Vertex Entertainment,PC,Japan,2024-05-01,2021-02-07,93.4,694,54.99,0.0,38163.06,2800.6
S00742,G1227,Rogue Warriors 227,RPG,Red Fox Studio,NextLevel Games,Nintendo Switch,North America,2022-02-01,2023-05-26,73.2,972,64.99,0.0,63170.28,3255.92
S01733,G1206,Solar Quest 206,Sports,ShadowWorks,Vertex Entertainment,PlayStation 5,North America,2025-05-01,2024-06-13,76.9,914,34.99,0.5,31980.86,4260.16
S01076,G1116,Legend Odyssey 116,Strategy,Crystal Byte,Titan Publishing,PlayStation 4,Europe,2022-06-01,2023-06-20,86.3,1197,25.0,0.5,29925.0,3705.8
S01994,G1208,Dragon Quest 208,RPG,Digital Forge,Silverline Studios,PlayStation 5,Europe,2023-02-01,2022-12-01,,1684,64.99,0.0,109443.16,10689.98
S01338,G1183,Neon Revolution 183,Adventure,Quantum Labs,NextLevel Games,PlayStation 5,Japan,2024-02-01,2025-04-08,75.5,3939,54.99,0.0,216605.61,19466.2
S01627,G1217,Quantum Quest 217,Simulation,Iron Pixel,Vertex Entertainment,PC,Europe,2023-09-01,2023-08-03,71.4,1736,40.49,0.1,70290.64,9326.26
S02134,G1137,Quantum Strike 137,Adventure,Orbit Games,Silverline Studios,PC,Japan,2024-11-01,2021-05-19,,2641,43.99,0.2,116177.59,11983.32
S00248,G1125,Iron Strike 125,Shooter,ShadowWorks,NextLevel Games,PC,Europe,2025-10-01,2019-03-27,79.8,2734,51.99,0.2,142140.66,5680.53
S00074,G1018,Storm Legends 18,RPG,Red Fox Studio,PixelWorks,Nintendo Switch,Japan,2023-08-01,2022-01-30,59.3,1586,58.49,0.1,92765.14,
S00553,G1031,Titan Frontier 31,Racing,Red Fox Studio,Nova Interactive,Xbox Series X,Japan,2025-06-01,2021-06-29,64.6,1257,41.99,0.3,52781.43,7387.38
S01617,G1024,Crystal Frontier 24,Strategy,Northstar Dev,Vertex Entertainment,Nintendo Switch,Europe,2023-02-01,2025-04-20,63.3,3310,49.99,0.0,165466.9,6562.88
S01195,G1016,Legend Legends 16,Racing,ShadowWorks,Arcadia Media,PlayStation 5,Europe,2021-11-01,2025-06-19,98.0,458,59.99,0.0,27475.42,2397.13
S02191,G1210,Mystic Quest 210,Shooter,Orbit Games,Titan Publishing,PlayStation 5,North America,2021-05-01,2020-10-03,,4045,64.99,0.0,262884.55,17294.94
S00556,G1061,Apex Chronicles 61,Simulation,Wildcat Interactive,PixelWorks,PlayStation 4,Latin America,2021-02-01,2024-04-07,61.8,548,22.5,0.5,12330.0,1017.2
S00745,G1012,Cyber Legends 12,Racing,Quantum Labs,PixelWorks,PlayStation 5,North America,2025-01-01,2024-01-08,,682,47.99,0.2,32729.18,3268.15
S00980,G1096,Legend Arena 96,Adventure,Red Fox Studio,PixelWorks,PlayStation 5,Latin America,2023-10-01,2021-05-11,74.0,933,54.99,0.0,51305.67,1748.56
S00101,G1256,Legend Tactics 256,Action,Red Fox Studio,Silverline Studios,PC,Japan,2021-08-01,2022-11-25,75.7,863,59.99,0.0,51771.37,
S00508,G1166,Solar Origins 166,Strategy,Crystal Byte,Nova Interactive,Nintendo Switch,Japan,2024-06-01,2019-10-20,82.0,475,49.99,0.0,23745.25,2178.86
S01937,G1077,Quantum Chronicles 77,Shooter,Digital Forge,PixelWorks,PlayStation 5,Asia Pacific,2022-07-01,2024-07-01,59.5,2396,64.99,0.0,155716.04,7207.97
S01763,G1176,Legend Origins 176,Strategy,Blue Oak Studio,PixelWorks,Nintendo Switch,Latin America,2023-04-01,2020-02-08,,1115,49.99,0.0,55738.85,6490.27
S00486,G1094,Star Arena 94,Action,ShadowWorks,PixelWorks,PC,Europe,2025-02-01,2024-05-17,56.9,1061,53.99,0.1,57283.39,2156.76
S00582,G1049,Velocity Rising 49,RPG,Crystal Byte,Blue Horizon,PlayStation 4,Asia Pacific,2024-09-01,2022-08-31,60.2,711,64.99,0.0,46207.89,5462.41
S00351,G1030,Mystic Frontier 30,RPG,Orbit Games,Arcadia Media,PlayStation 5,Europe,2025-12-01,2019-04-15,52.0,444,58.49,0.1,25969.56,1941.18
S02132,G1147,Rogue Reborn 147,Racing,ShadowWorks,Silverline Studios,Xbox One,Latin America,2021-11-01,2025-06-02,59.1,277,59.99,0.0,16617.23,1091.1
S00720,G1009,Velocity Legends 9,Strategy,Sunrise Labs,NextLevel Games,PC,Japan,2021-08-01,2024-10-17,68.4,1919,44.99,0.1,86335.81,11758.4
S00808,G1100,Eclipse Arena 100,Adventure,Blue Oak Studio,NextLevel Games,PC,Latin America,2022-11-01,2021-06-16,85.6,872,49.49,0.1,43155.28,4236.45
S01884,G1064,Crystal Chronicles 64,Adventure,Crystal Byte,Titan Publishing,PlayStation 5,Latin America,2025-03-01,2023-05-30,,744,43.99,0.2,32728.56,4463.88
S00071,G1043,Neon Rising 43,Sports,Sunrise Labs,Arcadia Media,PlayStation 4,Europe,2022-05-01,2022-08-21,62.8,788,69.99,0.0,55152.12,2867.47
S01700,G1019,Kingdom Legends 19,Strategy,Red Fox Studio,Blue Horizon,PlayStation 4,North America,2023-08-01,2023-05-26,73.5,397,39.99,0.2,15876.03,1068.02
S01456,G1093,Frozen Arena 93,Shooter,Red Fox Studio,Nova Interactive,Xbox Series X,Latin America,2022-11-01,2021-09-20,58.2,1425,51.99,0.2,74085.75,2829.22
S01348,G1159,Kingdom Reborn 159,Sports,Blue Oak Studio,Nova Interactive,PlayStation 4,Latin America,2025-01-01,2025-04-28,52.2,810,69.99,0.0,56691.9,6399.29
S00304,G1056,Legend Rising 56,Shooter,Quantum Labs,Arcadia Media,PlayStation 4,Asia Pacific,2024-07-01,2023-05-01,77.2,840,45.49,0.3,38211.6,2051.61
S01392,G1206,Solar Quest 206,Sports,ShadowWorks,Vertex Entertainment,Xbox One,Latin America,2025-02-01,2024-06-13,76.9,555,69.99,0.0,38844.45,3667.2
S01091,G1193,Frozen Revolution 193,Sports,Sunrise Labs,Blue Horizon,Nintendo Switch,Japan,2024-04-01,2021-01-04,58.6,389,62.99,0.1,24503.11,2171.09
S00421,G1035,Urban Frontier 35,Action,Red Fox Studio,Vertex Entertainment,PlayStation 5,Europe,2023-06-01,2021-05-06,,1283,47.99,0.2,61571.17,6026.4
S00600,G1234,Star Warriors 234,Shooter,Northstar Dev,Arcadia Media,Xbox One,Japan,2025-10-01,2024-06-29,52.8,273,64.99,0.0,17742.27,1061.25
S01001,G1107,Rogue Odyssey 107,RPG,ShadowWorks,Arcadia Media,PlayStation 4,Europe,2021-05-01,2021-03-12,67.1,1373,51.99,0.2,71382.27,8438.05
S02025,G1026,Solar Frontier 26,RPG,Red Fox Studio,PixelWorks,PlayStation 4,North America,2021-03-01,2023-02-07,71.2,349,64.99,0.0,22681.51,1482.22
S01952,G1198,Storm Revolution 198,Sports,ShadowWorks,Nova Interactive,PlayStation 4,North America,2024-12-01,2023-11-04,58.5,1418,62.99,0.1,89319.82,6562.03
S01000,G1052,Cyber Rising 52,Action,Northstar Dev,Nova Interactive,Xbox Series X,Asia Pacific,2021-04-01,2023-04-04,85.1,733,47.99,0.2,35176.67,3842.38
S00451,G1087,Rogue Arena 87,Adventure,Sunrise Labs,Vertex Entertainment,PlayStation 4,Europe,2024-12-01,2025-04-24,98.0,621,54.99,0.0,34148.79,2200.66
S00291,G1034,Star Frontier 34,Action,Red Fox Studio,Titan Publishing,PlayStation 5,Asia Pacific,2024-01-01,2022-09-16,49.7,13941,59.99,0.0,836320.59,34781.35
S00110,G1112,Cyber Odyssey 112,Action,Red Fox Studio,Titan Publishing,PlayStation 5,North America,2025-02-01,2025-01-26,77.8,2252,47.99,0.2,108073.48,8535.84
S01835,G1029,Velocity Frontier 29,Strategy,Wildcat Interactive,NextLevel Games,PlayStation 4,North America,2024-03-01,2024-11-12,89.2,804,49.99,0.0,40191.96,3894.98
S00931,G1039,Kingdom Frontier 39,Racing,Blue Oak Studio,Nova Interactive,PC,Asia Pacific,2023-11-01,2024-12-10,62.4,3055,59.99,0.0,183269.45,13748.4
S00068,G1159,Kingdom Reborn 159,Sports,Blue Oak Studio,Nova Interactive,PlayStation 4,North America,2021-07-01,2025-04-28,52.2,319,62.99,0.1,20093.81,2147.65
S00479,G1227,Rogue Warriors 227,RPG,Red Fox Studio,NextLevel Games,PlayStation 4,Japan,2024-12-01,2023-05-26,73.2,1221,58.49,0.1,71416.29,4867.78
S01284,G1037,Quantum Frontier 37,Shooter,Quantum Labs,Titan Publishing,Nintendo Switch,Latin America,2023-01-01,2022-12-04,68.3,371,64.99,0.0,24111.29,1309.19
S00722,G1018,Storm Legends 18,RPG,Red Fox Studio,PixelWorks,PC,North America,2023-06-01,2022-01-30,59.3,3475,64.99,0.0,225840.25,24754.5
S01862,G1044,Crystal Rising 44,Simulation,Wildcat Interactive,Silverline Studios,Xbox Series X,Latin America,2023-10-01,2020-05-30,74.1,1379,44.99,0.0,62041.21,5245.13
S00282,G1192,Cyber Revolution 192,Adventure,Red Fox Studio,Titan Publishing,Xbox Series X,Japan,2022-10-01,2022-07-12,77.0,423,43.99,0.2,18607.77,1890.17
S00789,G1182,Shadow Revolution 182,Action,Sunrise Labs,Silverline Studios,PC,Asia Pacific,2024-08-01,2024-09-02,83.3,1967,53.99,0.1,106198.33,3752.48
S01833,G1125,Iron Strike 125,Shooter,ShadowWorks,NextLevel Games,Xbox One,Japan,2021-08-01,2019-03-27,79.8,723,64.99,0.0,46987.77,5365.04
S00135,G1067,Rogue Chronicles 67,Strategy,Quantum Labs,Vertex Entertainment,Nintendo Switch,North America,2023-11-01,2022-09-02,87.3,1392,34.99,0.3,48706.08,5741.77
S01079,G1096,Legend Arena 96,Adventure,Red Fox Studio,PixelWorks,PlayStation 4,Asia Pacific,2022-01-01,2021-05-11,74.0,817,54.99,0.0,44926.83,4633.03
S00520,G1041,Apex Rising 41,Racing,ShadowWorks,Silverline Studios,PC,Latin America,2025-10-01,2020-01-22,66.3,996,53.99,0.1,53774.04,5510.25
S01024,G1077,Quantum Chronicles 77,Shooter,Digital Forge,PixelWorks,PlayStation 5,Latin America,2024-09-01,2024-07-01,59.5,342,58.49,0.1,20003.58,1503.08
S00354,G1087,Rogue Arena 87,Adventure,Sunrise Labs,Vertex Entertainment,PC,Japan,2021-10-01,2025-04-24,98.0,1592,54.99,0.0,87544.08,10829.87
S00905,G1169,Velocity Origins 169,Racing,Northstar Dev,Arcadia Media,Xbox One,North America,2022-01-01,2022-09-08,79.3,1292,53.99,0.1,69755.08,6171.69
S00241,G1118,Storm Odyssey 118,Racing,Iron Pixel,Titan Publishing,PlayStation 4,Japan,2025-10-01,2023-03-14,56.9,694,59.99,0.0,41633.06,4106.31
S01852,G1208,Dragon Quest 208,RPG,Digital Forge,Silverline Studios,Nintendo Switch,Asia Pacific,2021-05-01,2022-12-01,,6446,64.99,0.0,418925.54,22509.09
S01616,G1256,Legend Tactics 256,Action,Red Fox Studio,Silverline Studios,PlayStation 4,North America,2025-12-01,2022-11-25,75.7,1172,30.0,0.5,35160.0,2827.24
S00410,G1196,Legend Revolution 196,Strategy,Moonlight Games,Arcadia Media,Xbox Series X,Europe,2022-08-01,2021-11-17,56.7,654,44.99,0.1,29423.46,974.31
S01044,G1083,Neon Arena 83,Shooter,ShadowWorks,NextLevel Games,Xbox One,Europe,2025-06-01,2025-05-18,,488,58.49,0.1,28543.12,3113.66
S01081,G1121,Apex Strike 121,Shooter,Digital Forge,Arcadia Media,Nintendo Switch,Latin America,2022-12-01,2019-01-19,74.2,384,32.49,0.5,12476.16,1546.26
S01554,G1200,Eclipse Revolution 200,Action,Digital Forge,PixelWorks,Xbox Series X,North America,2022-03-01,2022-03-14,67.8,3496,59.99,0.0,209725.04,24677.59
S00333,G1073,Frozen Chronicles 73,Strategy,Digital Forge,Silverline Studios,Xbox One,North America,2025-10-01,2025-02-27,78.9,271,49.99,0.0,13547.29,1062.59
S01470,G1142,Shadow Reborn 142,RPG,Moonlight Games,Titan Publishing,Nintendo Switch,Europe,2021-11-01,2019-10-20,76.8,875,64.99,0.0,56866.25,5517.61
S00621,G1090,Mystic Arena 90,Shooter,Moonlight Games,NextLevel Games,Nintendo Switch,Europe,2022-02-01,2021-07-17,69.7,3424,45.49,0.3,155757.76,19096.52
S00544,G1081,Apex Arena 81,RPG,Wildcat Interactive,Nova Interactive,PlayStation 4,Japan,2025-05-01,2023-04-03,76.3,386,51.99,0.2,20068.14,2212.65
S01869,G1083,Neon Arena 83,Shooter,ShadowWorks,NextLevel Games,Xbox Series X,North America,2023-04-01,2025-05-18,,2653,58.49,0.1,155173.97,10138.78
S00136,G1152,Cyber Reborn 152,Adventure,Sunrise Labs,NextLevel Games,Nintendo Switch,Asia Pacific,2025-04-01,2021-06-24,81.7,782,43.99,0.2,34400.18,4503.01
S01502,G1028,Dragon Frontier 28,Shooter,Quantum Labs,Titan Publishing,PC,Latin America,2022-11-01,2023-12-26,75.5,497,64.99,0.0,32300.03,2991.71
S01856,G1064,Crystal Chronicles 64,Adventure,Crystal Byte,Titan Publishing,PlayStation 4,Japan,2024-12-01,2023-05-30,,926,49.49,0.1,45827.74,3199.55
S00361,G1021,Apex Frontier 21,Racing,Northstar Dev,PixelWorks,PC,Asia Pacific,2025-09-01,2019-10-13,68.1,815,59.99,0.0,48891.85,2945.02
S00539,G1179,Kingdom Origins 179,Action,Crystal Byte,PixelWorks,PlayStation 4,Latin America,2021-05-01,2020-08-25,68.9,1147,30.0,0.5,34410.0,2535.6
S00612,G1252,Cyber Tactics 252,Simulation,Crystal Byte,NextLevel Games,PlayStation 4,Latin America,2024-02-01,2024-08-19,81.0,1641,31.49,0.3,51675.09,4501.59
S00857,G1023,Neon Frontier 23,Racing,Digital Forge,Arcadia Media,PlayStation 5,Japan,2025-11-01,2022-09-23,76.5,832,30.0,0.5,24960.0,
S01310,G1068,Dragon Chronicles 68,Shooter,Blue Oak Studio,Titan Publishing,Xbox One,Europe,2025-08-01,2021-04-11,,1415,32.49,0.5,45973.35,3133.11
S00675,G1016,Legend Legends 16,Racing,ShadowWorks,Arcadia Media,Xbox One,Japan,2022-11-01,2025-06-19,98.0,1086,59.99,0.0,65149.14,7546.96
S00411,G1176,Legend Origins 176,Strategy,Blue Oak Studio,PixelWorks,Xbox One,Japan,2023-12-01,2020-02-08,,618,49.99,0.0,30893.82,4161.53
S00481,G1236,Legend Warriors 236,Strategy,Orbit Games,Nova Interactive,Xbox Series X,Europe,2024-01-01,2024-06-12,71.7,7890,49.99,0.0,394421.1,49351.45
S00480,G1254,Star Tactics 254,Racing,Digital Forge,PixelWorks,PlayStation 5,North America,2023-03-01,2025-03-27,,8156,59.99,0.0,489278.44,36158.02
S00308,G1197,Quantum Revolution 197,Sports,Orbit Games,Silverline Studios,Nintendo Switch,Latin America,2024-03-01,2023-05-26,54.1,988,48.99,0.3,48402.12,2374.65
S00129,G1259,Kingdom Tactics 259,Simulation,Red Fox Studio,Titan Publishing,Xbox One,Latin America,2024-04-01,2021-12-21,83.2,357,44.99,0.0,16061.43,693.98
S02023,G1134,Star Strike 134,Action,Orbit Games,Silverline Studios,Nintendo Switch,Japan,2022-05-01,2020-04-02,67.2,257,59.99,0.0,15417.43,1872.78
S00290,G1016,Legend Legends 16,Racing,ShadowWorks,Arcadia Media,PlayStation 5,North America,2024-03-01,2025-06-19,98.0,1241,59.99,0.0,74447.59,4509.94
S01514,G1184,Crystal Revolution 184,Strategy,Sunrise Labs,Vertex Entertainment,PC,Japan,2021-09-01,2021-05-17,,547,39.99,0.2,21874.53,1068.74
S01606,G1242,Shadow Tactics 242,Strategy,,Blue Horizon,Xbox One,Europe,2021-08-01,2022-10-12,86.1,573,34.99,0.3,20049.27,1895.63
S01903,G1022,Shadow Frontier 22,Adventure,Sunrise Labs,Vertex Entertainment,PlayStation 5,North America,2025-12-01,2019-12-12,77.0,4947,54.99,0.0,272035.53,32039.55
S00052,G1064,Crystal Chronicles 64,Adventure,Crystal Byte,Titan Publishing,PC,Japan,2025-09-01,2023-05-30,,6683,49.49,0.1,330741.67,12917.74
S01898,G1169,Velocity Origins 169,Racing,Northstar Dev,Arcadia Media,Nintendo Switch,North America,2025-03-01,2022-09-08,79.3,2142,53.99,0.1,115646.58,8361.82
S01270,G1119,Kingdom Odyssey 119,Sports,Quantum Labs,Blue Horizon,PlayStation 4,Latin America,2021-07-01,2019-07-13,81.1,385,69.99,0.0,26946.15,2110.93
S00858,G1072,Cyber Chronicles 72,Adventure,Quantum Labs,Silverline Studios,PlayStation 5,Latin America,2021-01-01,2024-11-13,66.9,392,54.99,0.0,21556.08,1144.58
S01342,G1190,Mystic Revolution 190,Action,Blue Oak Studio,Vertex Entertainment,PlayStation 4,Asia Pacific,2021-01-01,2020-08-08,,1554,53.99,0.1,83900.46,3654.59
S01300,G1080,Eclipse Chronicles 80,Sports,Sunrise Labs,PixelWorks,Xbox Series X,Japan,2023-10-01,2024-10-21,72.8,2927,62.99,0.1,184371.73,22179.98
S01229,G1130,Mystic Strike 130,Shooter,Quantum Labs,PixelWorks,Xbox Series X,Europe,2025-06-01,2019-08-03,62.0,2657,45.49,0.3,120866.93,11015.79
S00765,G1232,Cyber Warriors 232,Sports,Orbit Games,Arcadia Media,Xbox Series X,Japan,2023-06-01,2023-06-27,83.9,736,69.99,0.0,51512.64,5677.38
S00963,G1075,Urban Chronicles 75,Shooter,Wildcat Interactive,Arcadia Media,Xbox Series X,Latin America,2022-09-01,2019-03-19,74.3,327,58.49,0.1,19126.23,808.7
S00219,G1211,Titan Quest 211,RPG,Sunrise Labs,Titan Publishing,Nintendo Switch,Japan,2025-06-01,2023-04-26,,2444,51.99,0.2,127063.56,14034.12
S01843,G1196,Legend Revolution 196,Strategy,Moonlight Games,Arcadia Media,Xbox Series X,Europe,2021-06-01,2021-11-17,56.7,1959,39.99,0.2,78340.41,2654.0
S00197,G1038,Storm Frontier 38,RPG,Blue Oak Studio,Silverline Studios,PlayStation 4,Asia Pacific,2024-04-01,2020-03-02,74.0,535,51.99,0.2,27814.65,1291.32
S00842,G1146,Solar Reborn 146,Action,Northstar Dev,Nova Interactive,PlayStation 5,Europe,2023-05-01,2024-09-21,67.2,1531,47.99,0.2,73472.69,8260.32
S01245,G1146,Solar Reborn 146,Action,Northstar Dev,Nova Interactive,PlayStation 4,Asia Pacific,2023-05-01,2024-09-21,67.2,564,53.99,0.1,30450.36,1811.81
S01321,G1157,Quantum Reborn 157,Shooter,Sunrise Labs,Titan Publishing,PC,Asia Pacific,2024-11-01,2019-08-01,98.0,384,58.49,0.1,22460.16,2978.36
S02052,G1059,Kingdom Rising 59,Racing,Orbit Games,Silverline Studios,PlayStation 4,Asia Pacific,2021-05-01,2022-04-13,71.9,1131,47.99,0.2,54276.69,2397.17
S02125,G1238,Storm Warriors 238,Adventure,Northstar Dev,Blue Horizon,Nintendo Switch,Europe,2022-03-01,2022-09-21,76.6,1549,38.49,0.3,59621.01,2476.59
S02122,G1139,Kingdom Strike 139,Sports,Iron Pixel,Nova Interactive,PlayStation 5,Latin America,2024-10-01,2024-10-30,88.1,528,62.99,0.1,33258.72,1023.87
S00368,G1224,Crystal Warriors 224,RPG,Crystal Byte,Silverline Studios,PC,Latin America,2024-03-01,2022-11-13,44.4,1213,51.99,0.2,63063.87,4216.07
S02044,G1239,Kingdom Warriors 239,Action,Orbit Games,Arcadia Media,PlayStation 4,Europe,2023-09-01,2021-09-07,70.4,898,47.99,0.2,43095.02,4827.45
S00530,G1150,Mystic Reborn 150,RPG,Moonlight Games,Vertex Entertainment,Xbox Series X,Latin America,2021-04-01,2019-12-20,78.9,501,58.49,0.1,29303.49,3963.53
S00325,G1051,Titan Rising 51,Strategy,ShadowWorks,Blue Horizon,PlayStation 4,Latin America,2025-04-01,2024-10-14,80.3,209,39.99,0.2,8357.91,705.46
S01041,G1119,Kingdom Odyssey 119,Sports,Quantum Labs,Blue Horizon,Nintendo Switch,Europe,2025-07-01,2019-07-13,81.1,3919,69.99,0.0,274290.81,20500.15
S00384,G1073,Frozen Chronicles 73,Strategy,Digital Forge,Silverline Studios,Xbox One,Asia Pacific,2024-03-01,2025-02-27,78.9,248,39.99,0.2,9917.52,903.58
S01828,G1154,Star Reborn 154,Sports,ShadowWorks,Silverline Studios,Xbox Series X,North America,2024-12-01,2024-08-30,91.4,4539,55.99,0.2,254138.61,28274.41
S01761,G1153,Frozen Reborn 153,Simulation,Digital Forge,Silverline Studios,PlayStation 5,Europe,2021-06-01,2020-07-03,67.5,219,44.99,0.0,9852.81,1041.74
S01770,G1244,Crystal Tactics 244,Adventure,Blue Oak Studio,PixelWorks,Xbox Series X,Latin America,2021-07-01,2023-05-23,79.0,540,49.49,0.1,26724.6,3528.12
S00648,G1228,Dragon Warriors 228,Shooter,Crystal Byte,PixelWorks,PlayStation 4,North America,2024-09-01,2022-11-21,80.4,2055,58.49,0.1,120196.95,9612.32
S01176,G1161,Apex Origins 161,Strategy,Northstar Dev,Silverline Studios,Xbox One,North America,2022-05-01,2025-02-28,66.8,705,25.0,0.5,17625.0,1506.21
S00944,G1120,Eclipse Odyssey 120,Simulation,Wildcat Interactive,Arcadia Media,PC,Japan,2023-11-01,2019-04-15,68.5,432,44.99,0.0,19435.68,2592.93
S01317,G1145,Iron Reborn 145,RPG,Blue Oak Studio,Vertex Entertainment,Xbox Series X,North America,2025-10-01,2021-10-05,71.5,3948,64.99,0.0,256580.52,25158.08
S00369,G1127,Rogue Strike 127,Adventure,ShadowWorks,Arcadia Media,Xbox One,Europe,2024-02-01,2020-04-24,69.4,144,49.49,0.1,7126.56,272.76
S00189,G1027,Rogue Frontier 27,Adventure,ShadowWorks,Silverline Studios,Xbox One,North America,2025-06-01,2023-08-19,,927,54.99,0.0,50975.73,3117.22
S01576,G1215,Urban Quest 215,RPG,Quantum Labs,PixelWorks,Nintendo Switch,Asia Pacific,2021-08-01,2025-02-19,69.8,1567,45.49,0.3,71282.83,8191.48
S00781,G1108,Dragon Odyssey 108,Adventure,Wildcat Interactive,Silverline Studios,PC,Latin America,2024-11-01,2019-11-23,98.0,779,54.99,0.0,42837.21,5873.73
S00260,G1255,Urban Tactics 255,Action,Moonlight Games,Titan Publishing,PC,Latin America,2022-03-01,2023-12-05,64.3,158,53.99,0.1,8530.42,1122.92
S01259,G1160,Eclipse Reborn 160,Sports,Wildcat Interactive,Nova Interactive,PlayStation 5,Europe,2024-05-01,2019-03-02,,5652,62.99,0.1,356019.48,49079.29
S01271,G1154,Star Reborn 154,Sports,ShadowWorks,Silverline Studios,PlayStation 4,Europe,2021-12-01,2024-08-30,91.4,443,69.99,0.0,31005.57,2816.58
S01058,G1129,Velocity Strike 129,Adventure,Digital Forge,Nova Interactive,Xbox One,Asia Pacific,2021-09-01,2019-03-19,59.4,1379,38.49,0.3,53077.71,3094.66
S01951,G1252,Cyber Tactics 252,Simulation,Crystal Byte,NextLevel Games,Xbox Series X,Latin America,2024-02-01,2024-08-19,81.0,816,44.99,0.0,36711.84,4595.33
S00049,G1077,Quantum Chronicles 77,Shooter,Digital Forge,PixelWorks,PlayStation 4,Europe,2022-06-01,2024-07-01,59.5,829,58.49,0.1,48488.21,5551.35
S00906,G1197,Quantum Revolution 197,Sports,Orbit Games,Silverline Studios,Xbox One,Asia Pacific,2022-08-01,2023-05-26,54.1,203,62.99,0.1,12786.97,1241.99
S00631,G1214,Star Quest 214,Strategy,Sunrise Labs,Blue Horizon,PlayStation 5,Asia Pacific,2025-03-01,2023-01-20,,3077,34.99,0.3,107664.23,3365.39
S01048,G1105,Iron Odyssey 105,Racing,ShadowWorks,Titan Publishing,PlayStation 4,North America,2022-10-01,2019-08-02,72.8,973,53.99,0.1,52532.27,5646.36
S02092,G1186,Solar Revolution 186,Simulation,Quantum Labs,Arcadia Media,PC,Europe,2024-06-01,2024-02-21,73.0,1747,40.49,0.1,70736.03,8270.62
S00633,G1007,Rogue Legends 7,Adventure,,Titan Publishing,PlayStation 5,Asia Pacific,2023-11-01,2021-05-04,66.7,1552,38.49,0.3,59736.48,2243.32
S00121,G1131,Titan Strike 131,RPG,Sunrise Labs,Titan Publishing,Xbox Series X,Japan,2022-11-01,2019-09-04,83.2,269,64.99,0.0,17482.31,806.3
S00283,G1196,Legend Revolution 196,Strategy,Moonlight Games,Arcadia Media,PlayStation 4,Europe,2024-08-01,2021-11-17,56.7,3599,49.99,0.0,179914.01,14399.6
S00212,G1144,Crystal Reborn 144,Adventure,Wildcat Interactive,Arcadia Media,PlayStation 5,Latin America,2024-01-01,2022-07-24,68.0,478,54.99,0.0,26285.22,1047.7
S00232,G1068,Dragon Chronicles 68,Shooter,Blue Oak Studio,Titan Publishing,PC,Asia Pacific,2024-08-01,2021-04-11,,1517,51.99,0.2,78868.83,7667.39
S01568,G1147,Rogue Reborn 147,Racing,ShadowWorks,Silverline Studios,PC,Latin America,2025-11-01,2025-06-02,59.1,255,59.99,0.0,15297.45,876.0
S00057,G1257,Quantum Tactics 257,Simulation,Northstar Dev,Titan Publishing,PlayStation 5,Latin America,2023-03-01,2021-06-17,82.9,210,35.99,0.2,7557.9,328.63
S00343,G1108,Dragon Odyssey 108,Adventure,Wildcat Interactive,Silverline Studios,PlayStation 4,Asia Pacific,2024-04-01,2019-11-23,98.0,3847,49.49,0.1,190388.03,17094.85
S01750,G1222,Shadow Warriors 222,Racing,Quantum Labs,Silverline Studios,Nintendo Switch,Europe,2021-05-01,2022-03-25,93.3,5263,59.99,0.0,315727.37,30781.38
S02151,G1190,Mystic Revolution 190,Action,Blue Oak Studio,Vertex Entertainment,Nintendo Switch,Latin America,2024-11-01,2020-08-08,,2692,53.99,0.1,145341.08,17839.9
S00787,G1188,Dragon Revolution 188,Action,Moonlight Games,NextLevel Games,PC,Latin America,2025-06-01,2019-08-05,84.5,440,53.99,0.1,23755.6,2620.54
S00362,G1071,Titan Chronicles 71,Sports,Digital Forge,Nova Interactive,Nintendo Switch,Europe,2023-09-01,2020-11-02,77.9,2036,69.99,0.0,142499.64,17565.09
S01118,G1181,Apex Revolution 181,Action,Moonlight Games,PixelWorks,Xbox One,North America,2025-04-01,2020-03-20,85.5,192,30.0,0.5,5760.0,508.01
S01183,G1188,Dragon Revolution 188,Action,Moonlight Games,NextLevel Games,PlayStation 5,North America,2025-12-01,2019-08-05,84.5,683,53.99,0.1,36875.17,4628.19
S01892,G1123,Neon Strike 123,Racing,Quantum Labs,Arcadia Media,PC,Japan,2021-03-01,2020-04-10,72.6,568,41.99,0.3,23850.32,3062.34
S01711,G1160,Eclipse Reborn 160,Sports,Wildcat Interactive,Nova Interactive,Xbox One,North America,2024-03-01,2019-03-02,,1102,55.99,0.2,61700.98,5636.93
S01557,G1206,Solar Quest 206,Sports,ShadowWorks,Vertex Entertainment,Xbox One,Asia Pacific,2021-05-01,2024-06-13,76.9,422,69.99,0.0,29535.78,1069.86
S00234,G1149,Velocity Reborn 149,Simulation,Digital Forge,Vertex Entertainment,Xbox Series X,Japan,2022-12-01,2021-01-06,77.5,506,40.49,0.1,20487.94,1011.24
S00977,G1152,Cyber Reborn 152,Adventure,Sunrise Labs,NextLevel Games,Xbox Series X,Asia Pacific,2023-04-01,2021-06-24,81.7,530,49.49,0.1,26229.7,853.85
S00299,G1116,Legend Odyssey 116,Strategy,Crystal Byte,Titan Publishing,PC,North America,2021-10-01,2023-06-20,86.3,1134,34.99,0.3,39678.66,4405.76
S01458,G1023,Neon Frontier 23,Racing,Digital Forge,Arcadia Media,PC,Japan,2024-05-01,2022-09-23,76.5,1352,59.99,0.0,81106.48,6319.99
S01539,G1179,Kingdom Origins 179,Action,Crystal Byte,PixelWorks,Xbox One,Asia Pacific,2024-09-01,2020-08-25,68.9,468,59.99,0.0,28075.32,1893.41
S01450,G1096,Legend Arena 96,Adventure,Red Fox Studio,PixelWorks,Xbox One,Latin America,2025-11-01,2021-05-11,74.0,112,54.99,0.0,6158.88,262.74
S01495,G1101,Apex Odyssey 101,Simulation,Sunrise Labs,Titan Publishing,PlayStation 4,North America,2024-12-01,2022-05-11,62.1,1136,22.5,0.5,25560.0,1921.49
S01174,G1182,Shadow Revolution 182,Action,Sunrise Labs,Silverline Studios,Nintendo Switch,Asia Pacific,2024-12-01,2024-09-02,83.3,1279,59.99,0.0,76727.21,4989.28
S01179,G1093,Frozen Arena 93,Shooter,Red Fox Studio,Nova Interactive,Xbox Series X,Japan,2024-10-01,2021-09-20,58.2,1143,64.99,0.0,74283.57,8069.08
S01966,G1176,Legend Origins 176,Strategy,Blue Oak Studio,PixelWorks,PlayStation 4,North America,2022-03-01,2020-02-08,,1857,49.99,0.0,92831.43,12321.2
S01841,G1260,Eclipse Tactics 260,Racing,Orbit Games,Arcadia Media,Nintendo Switch,North America,2025-09-01,2020-05-27,71.3,2844,59.99,0.0,170611.56,12953.41
S00926,G1060,Eclipse Rising 60,Simulation,Blue Oak Studio,Nova Interactive,PC,Europe,2025-11-01,2020-02-09,67.3,3786,44.99,0.0,170332.14,15534.89
S00045,G1197,Quantum Revolution 197,Sports,Orbit Games,Silverline Studios,Xbox Series X,Europe,2024-08-01,2023-05-26,54.1,367,55.99,0.2,20548.33,1684.53
S01404,G1196,Legend Revolution 196,Strategy,Moonlight Games,Arcadia Media,PC,North America,2021-05-01,2021-11-17,56.7,2559,44.99,0.1,115129.41,3754.12
S02186,G1050,Mystic Rising 50,Adventure,Red Fox Studio,Blue Horizon,Xbox Series X,North America,2024-07-01,2019-12-12,,1287,54.99,0.0,70772.13,9345.68
S01702,G1234,Star Warriors 234,Shooter,Northstar Dev,Arcadia Media,PlayStation 4,Latin America,2022-10-01,2024-06-29,52.8,587,51.99,0.2,30518.13,2212.07
S00572,G1240,Eclipse Warriors 240,Sports,Digital Forge,Nova Interactive,Xbox One,Latin America,2025-11-01,2021-07-29,66.4,363,69.99,0.0,25406.37,991.15
S00193,G1213,Frozen Quest 213,Sports,Wildcat Interactive,Vertex Entertainment,Xbox Series X,North America,2023-08-01,2025-03-06,85.6,928,55.99,0.2,51958.72,2460.23
S01152,G1085,Iron Arena 85,Adventure,Wildcat Interactive,Silverline Studios,PlayStation 4,Asia Pacific,2021-12-01,2021-04-19,81.4,745,54.99,0.0,40967.55,5492.2
S01443,G1095,Urban Arena 95,Action,Northstar Dev,Arcadia Media,Xbox One,North America,2025-05-01,2021-08-11,76.2,1238,59.99,0.0,74267.62,3504.68
S00446,G1155,Urban Reborn 155,Sports,Blue Oak Studio,Arcadia Media,Xbox One,North America,2025-11-01,2022-12-31,74.2,626,55.99,0.2,35049.74,3510.33
S00630,G1250,Mystic Tactics 250,Simulation,Blue Oak Studio,PixelWorks,PC,Asia Pacific,2023-10-01,2023-01-07,87.9,764,35.99,0.2,27496.36,2104.69
S02177,G1076,Legend Chronicles 76,Adventure,Northstar Dev,Vertex Entertainment,PlayStation 5,Japan,2023-06-01,2021-02-07,93.4,0,54.99,0.0,0.0,1566.34
S01289,G1200,Eclipse Revolution 200,Action,Digital Forge,PixelWorks,Xbox One,Japan,2024-08-01,2022-03-14,67.8,637,53.99,0.1,34391.63,1273.98
S01837,G1135,Urban Strike 135,Strategy,,Titan Publishing,Nintendo Switch,Latin America,2022-12-01,2023-12-28,77.8,780,49.99,0.0,38992.2,4560.36
S01910,G1056,Legend Rising 56,Shooter,Quantum Labs,Arcadia Media,PlayStation 4,Europe,2024-01-01,2023-05-01,77.2,766,45.49,0.3,34845.34,3710.2
S00434,G1211,Titan Quest 211,RPG,Sunrise Labs,Titan Publishing,Xbox Series X,Latin America,2021-08-01,2023-04-26,,629,64.99,0.0,40878.71,2542.43
S00070,G1170,Mystic Origins 170,Action,Sunrise Labs,Vertex Entertainment,Xbox One,Latin America,2024-06-01,2021-03-13,83.8,188,41.99,0.3,7894.12,281.11
S01584,G1142,Shadow Reborn 142,RPG,Moonlight Games,Titan Publishing,PlayStation 4,Europe,2022-06-01,2019-10-20,76.8,1263,51.99,0.2,65663.37,4076.6
S00986,G1018,Storm Legends 18,RPG,Red Fox Studio,PixelWorks,Xbox One,Latin America,2021-06-01,2022-01-30,59.3,435,64.99,0.0,28270.65,2653.47
S02192,G1138,Storm Strike 138,Racing,Red Fox Studio,Silverline Studios,Xbox Series X,Asia Pacific,2024-05-01,2023-09-18,,109,53.99,0.1,5884.91,597.57
S00231,G1127,Rogue Strike 127,Adventure,ShadowWorks,Arcadia Media,Xbox Series X,North America,2021-03-01,2020-04-24,69.4,1458,43.99,0.2,64137.42,2713.58
S01981,G1254,Star Tactics 254,Racing,Digital Forge,PixelWorks,PlayStation 5,North America,2021-04-01,2025-03-27,,9953,59.99,0.0,597080.47,59756.52
S02070,G1043,Neon Rising 43,Sports,Sunrise Labs,Arcadia Media,Xbox One,Europe,2025-12-01,2022-08-21,62.8,945,48.99,0.3,46295.55,4524.19
S01178,G1244,Crystal Tactics 244,Adventure,Blue Oak Studio,PixelWorks,PlayStation 5,Japan,2021-05-01,2023-05-23,79.0,1808,54.99,0.0,99421.92,13156.39
S01023,G1018,Storm Legends 18,RPG,Red Fox Studio,PixelWorks,Xbox One,Japan,2025-03-01,2022-01-30,59.3,672,51.99,0.2,34937.28,4509.15
S01727,G1067,Rogue Chronicles 67,Strategy,Quantum Labs,Vertex Entertainment,Xbox One,Europe,2022-04-01,2022-09-02,87.3,540,34.99,0.3,18894.6,2102.66
S01587,G1163,Neon Origins 163,Strategy,Northstar Dev,Silverline Studios,PlayStation 5,Europe,2021-06-01,2019-08-05,54.7,3445,49.99,0.0,172215.55,22907.56
S00240,G1168,Dragon Origins 168,Adventure,Iron Pixel,NextLevel Games,Xbox One,North America,2024-05-01,2025-01-01,89.4,959,38.49,0.3,36911.91,1368.61
S00100,G1253,Frozen Tactics 253,Simulation,Moonlight Games,Vertex Entertainment,Xbox One,Europe,2025-09-01,2022-11-15,64.5,1080,22.5,0.5,24300.0,2487.23
S00431,G1017,Quantum Legends 17,Shooter,Iron Pixel,Nova Interactive,PlayStation 4,Asia Pacific,2023-08-01,2020-07-29,,1017,58.49,0.1,59484.33,2194.54
S00555,G1057,Quantum Rising 57,Racing,Orbit Games,Arcadia Media,Xbox One,Latin America,2023-04-01,2023-01-09,69.6,458,59.99,0.0,27475.42,1783.12
S00602,G1114,Star Odyssey 114,Shooter,Digital Forge,Arcadia Media,PlayStation 5,Latin America,2025-07-01,2022-09-19,92.7,1228,64.99,0.0,79807.72,8087.63
S02082,G1120,Eclipse Odyssey 120,Simulation,Wildcat Interactive,Arcadia Media,Nintendo Switch,North America,2025-04-01,2019-04-15,68.5,5301,35.99,0.2,190782.99,7167.39
S00999,G1029,Velocity Frontier 29,Strategy,Wildcat Interactive,NextLevel Games,Nintendo Switch,Latin America,2022-01-01,2024-11-12,89.2,2134,44.99,0.1,96008.66,3935.0
S01224,G1159,Kingdom Reborn 159,Sports,Blue Oak Studio,Nova Interactive,Xbox Series X,North America,2023-08-01,2025-04-28,52.2,1063,48.99,0.3,52076.37,4703.86
S00515,G1070,Mystic Chronicles 70,Simulation,Northstar Dev,Vertex Entertainment,Nintendo Switch,North America,2024-04-01,2023-06-03,72.4,3786,40.49,0.1,153295.14,13968.73
S02014,G1164,Crystal Origins 164,Adventure,Crystal Byte,Arcadia Media,PlayStation 5,North America,2022-03-01,2023-10-25,63.3,521,43.99,0.2,22918.79,3026.59
S00125,G1250,Mystic Tactics 250,Simulation,Blue Oak Studio,PixelWorks,PlayStation 4,Europe,2022-09-01,2023-01-07,87.9,575,31.49,0.3,18106.75,2409.82
S01829,G1138,Storm Strike 138,Racing,Red Fox Studio,Silverline Studios,Nintendo Switch,Japan,2024-08-01,2023-09-18,,1292,53.99,0.1,69755.08,4219.81
S00186,G1249,Velocity Tactics 249,Racing,Moonlight Games,Titan Publishing,Xbox One,North America,2022-02-01,2021-08-17,80.0,725,53.99,0.1,39142.75,5283.2
S00298,G1112,Cyber Odyssey 112,Action,Red Fox Studio,Titan Publishing,Nintendo Switch,Europe,2023-09-01,2025-01-26,77.8,3501,59.99,0.0,210024.99,9522.8
S01062,G1251,Titan Tactics 251,Sports,Iron Pixel,Silverline Studios,PC,Asia Pacific,2024-06-01,2024-06-23,75.0,958,55.99,0.2,53638.42,3984.05
S00066,G1209,Velocity Quest 209,RPG,Northstar Dev,NextLevel Games,Xbox One,Asia Pacific,2021-10-01,2025-06-15,81.3,131,51.99,0.2,6810.69,452.75
S01821,G1002,Shadow Legends 2,Strategy,Red Fox Studio,PixelWorks,Xbox Series X,Latin America,2023-11-01,2023-02-05,88.3,1616,49.99,0.0,80783.84,9091.9
S02006,G1075,Urban Chronicles 75,Shooter,Wildcat Interactive,Arcadia Media,PlayStation 4,North America,2022-04-01,2019-03-19,74.3,1225,32.49,0.5,39800.25,5452.82
S01165,G1113,Frozen Odyssey 113,Action,Orbit Games,NextLevel Games,Nintendo Switch,Europe,2023-03-01,2019-11-26,84.8,803,59.99,0.0,48171.97,4490.34
S01406,G1016,Legend Legends 16,Racing,ShadowWorks,Arcadia Media,PlayStation 5,Europe,2022-09-01,2025-06-19,98.0,704,53.99,0.1,38008.96,2787.63
S01545,G1107,Rogue Odyssey 107,RPG,ShadowWorks,Arcadia Media,PlayStation 5,Japan,2022-10-01,2021-03-12,67.1,1462,51.99,0.2,76009.38,2660.16
S01037,G1091,Titan Arena 91,Action,Red Fox Studio,NextLevel Games,PC,Latin America,2022-07-01,2021-11-26,,657,53.99,0.1,35471.43,2854.67
S00427,G1025,Iron Frontier 25,Simulation,Quantum Labs,Vertex Entertainment,PlayStation 4,Latin America,2022-01-01,2025-01-01,74.3,268,40.49,0.1,10851.32,1019.19
S00708,G1211,Titan Quest 211,RPG,Sunrise Labs,Titan Publishing,PlayStation 4,Asia Pacific,2023-06-01,2023-04-26,,96,64.99,0.0,6239.04,451.94
S01693,G1053,Frozen Rising 53,Adventure,Sunrise Labs,Vertex Entertainment,PlayStation 4,Asia Pacific,2024-04-01,2022-08-24,86.5,401,54.99,0.0,22050.99,1943.37
S00220,G1104,Crystal Odyssey 104,Adventure,Wildcat Interactive,Nova Interactive,Xbox Series X,North America,2021-01-01,2021-06-26,61.7,1103,43.99,0.2,48520.97,4263.54
S01381,G1125,Iron Strike 125,Shooter,ShadowWorks,NextLevel Games,PC,Asia Pacific,2025-09-01,2019-03-27,79.8,372,45.49,0.3,16922.28,566.27
S01028,G1204,Crystal Quest 204,Shooter,Wildcat Interactive,PixelWorks,PC,Latin America,2022-02-01,2019-10-25,85.5,478,51.99,0.2,24851.22,3101.53
S01553,G1159,Kingdom Reborn 159,Sports,Blue Oak Studio,Nova Interactive,Nintendo Switch,Europe,2024-05-01,2025-04-28,52.2,654,69.99,0.0,45773.46,5066.39
S00213,G1250,Mystic Tactics 250,Simulation,Blue Oak Studio,PixelWorks,PlayStation 4,Latin America,2024-09-01,2023-01-07,87.9,642,35.99,0.2,23105.58,890.53
S02104,G1147,Rogue Reborn 147,Racing,ShadowWorks,Silverline Studios,PlayStation 5,Latin America,2022-05-01,2025-06-02,59.1,651,47.99,0.2,31241.49,3259.13
S00433,G1081,Apex Arena 81,RPG,Wildcat Interactive,Nova Interactive,Nintendo Switch,Latin America,2023-02-01,2023-04-03,76.3,2047,64.99,0.0,133034.53,16208.05
S01652,G1237,Quantum Warriors 237,Simulation,Northstar Dev,Silverline Studios,Xbox Series X,Asia Pacific,2025-08-01,2024-11-02,89.1,594,35.99,0.2,21378.06,1949.25
S01503,G1054,Star Rising 54,Simulation,Blue Oak Studio,Nova Interactive,Nintendo Switch,North America,2025-11-01,2020-08-13,77.0,3892,44.99,0.0,175101.08,8001.13
S01822,G1257,Quantum Tactics 257,Simulation,Northstar Dev,Titan Publishing,Xbox One,Japan,2025-06-01,2021-06-17,82.9,959,35.99,0.2,34514.41,3347.55
S01729,G1198,Storm Revolution 198,Sports,ShadowWorks,Nova Interactive,Nintendo Switch,Latin America,2024-08-01,2023-11-04,58.5,716,69.99,0.0,50112.84,5068.12
S01304,G1238,Storm Warriors 238,Adventure,,Blue Horizon,PlayStation 4,North America,2025-04-01,2022-09-21,76.6,1310,54.99,0.0,72036.9,8565.11
S00528,G1229,Velocity Warriors 229,Action,Blue Oak Studio,Blue Horizon,Xbox One,North America,2023-08-01,2019-03-30,73.5,1026,59.99,0.0,61549.74,3545.99
S01794,G1058,Storm Rising 58,Strategy,Crystal Byte,Nova Interactive,Xbox One,Europe,2022-05-01,2023-09-28,82.4,1159,49.99,0.0,57938.41,4817.17
S00211,G1220,Eclipse Quest 220,Sports,Quantum Labs,PixelWorks,PlayStation 4,Japan,2024-05-01,2024-07-16,80.2,163,55.99,0.2,9126.37,1131.23
S00975,G1180,Eclipse Origins 180,Shooter,Blue Oak Studio,NextLevel Games,PC,North America,2021-03-01,2023-07-06,77.5,3251,51.99,0.2,169019.49,16179.3
S00300,G1177,Quantum Origins 177,Sports,ShadowWorks,Vertex Entertainment,Nintendo Switch,Asia Pacific,2021-12-01,2021-06-19,55.3,3192,55.99,0.2,178720.08,12798.67
S01747,G1229,Velocity Warriors 229,Action,Blue Oak Studio,Blue Horizon,Nintendo Switch,Asia Pacific,2023-02-01,2019-03-30,73.5,860,53.99,0.1,46431.4,1647.37
S00830,G1239,Kingdom Warriors 239,Action,Orbit Games,Arcadia Media,Xbox One,Japan,2025-10-01,2021-09-07,70.4,781,53.99,0.1,42166.19,1656.36
S01560,G1258,Storm Tactics 258,Adventure,Crystal Byte,Nova Interactive,Xbox Series X,Europe,2022-09-01,2024-05-27,93.7,735,54.99,0.0,40417.65,4010.83
S00907,G1170,Mystic Origins 170,Action,Sunrise Labs,Vertex Entertainment,Xbox Series X,Europe,2021-04-01,2021-03-13,83.8,541,59.99,0.0,32454.59,3659.85
S00221,G1248,Dragon Tactics 248,Shooter,Sunrise Labs,Arcadia Media,PC,Japan,2022-04-01,2020-04-04,84.1,573,45.49,0.3,26065.77,3200.14
S01193,G1005,Iron Legends 5,RPG,Quantum Labs,Nova Interactive,Nintendo Switch,Japan,2025-04-01,2021-10-12,78.0,579,64.99,0.0,37629.21,4670.37
S00238,G1021,Apex Frontier 21,Racing,Northstar Dev,PixelWorks,PC,North America,2023-11-01,2019-10-13,68.1,1100,59.99,0.0,65989.0,7136.92
S00987,G1175,Urban Origins 175,Sports,ShadowWorks,Arcadia Media,PC,North America,2022-02-01,2023-01-26,73.6,1557,62.99,0.1,98075.43,12399.14
S01388,G1044,Crystal Rising 44,Simulation,Wildcat Interactive,Silverline Studios,Xbox One,Europe,2025-09-01,2020-05-30,74.1,395,44.99,0.0,17771.05,1646.08
S00352,G1016,Legend Legends 16,Racing,ShadowWorks,Arcadia Media,PC,Japan,2024-07-01,2025-06-19,98.0,854,53.99,0.1,46107.46,2883.43
S00637,G1227,Rogue Warriors 227,RPG,Red Fox Studio,NextLevel Games,PC,Asia Pacific,2024-07-01,2023-05-26,73.2,4317,51.99,0.2,224440.83,27854.0
S01403,G1201,Apex Quest 201,RPG,Crystal Byte,Arcadia Media,PC,Asia Pacific,2021-04-01,2024-05-12,63.9,3656,32.49,0.5,118783.44,11195.73
S01371,G1260,Eclipse Tactics 260,Racing,Orbit Games,Arcadia Media,PlayStation 5,Latin America,2021-04-01,2020-05-27,71.3,537,53.99,0.1,28992.63,3191.57
S00322,G1114,Star Odyssey 114,Shooter,Digital Forge,Arcadia Media,Xbox One,Europe,2021-10-01,2022-09-19,92.7,697,64.99,0.0,45298.03,1792.18
S01461,G1252,Cyber Tactics 252,Simulation,Crystal Byte,NextLevel Games,PlayStation 5,Latin America,2025-08-01,2024-08-19,81.0,245,44.99,0.0,11022.55,1385.52
S01171,G1222,Shadow Warriors 222,Racing,Quantum Labs,Silverline Studios,Nintendo Switch,North America,2024-04-01,2022-03-25,93.3,1073,53.99,0.1,57931.27,7841.33
S00014,G1015,Urban Legends 15,RPG,Sunrise Labs,Blue Horizon,PC,Asia Pacific,2024-04-01,2021-06-29,84.6,316,58.49,0.1,18482.84,1458.71
S00706,G1242,Shadow Tactics 242,Strategy,Iron Pixel,Blue Horizon,Xbox One,Japan,2025-05-01,2022-10-12,86.1,568,25.0,0.5,14200.0,893.68
S00297,G1045,Iron Rising 45,Shooter,Digital Forge,Titan Publishing,PC,Asia Pacific,2025-02-01,2023-07-18,71.9,537,51.99,0.2,27918.63,3131.42
S01074,G1145,Iron Reborn 145,RPG,Blue Oak Studio,Vertex Entertainment,PlayStation 4,Latin America,2024-03-01,2021-10-05,71.5,952,64.99,0.0,61870.48,5122.73
S00773,G1078,Storm Chronicles 78,Action,Quantum Labs,NextLevel Games,Xbox One,Asia Pacific,2025-03-01,2019-06-17,65.2,290,47.99,0.2,13917.1,944.39
S00472,G1065,Iron Chronicles 65,Sports,Red Fox Studio,Nova Interactive,Xbox One,Japan,2024-09-01,2025-05-07,,1210,69.99,0.0,84687.9,
S01793,G1229,Velocity Warriors 229,Action,Blue Oak Studio,Blue Horizon,PlayStation 5,Europe,2022-11-01,2019-03-30,73.5,1718,59.99,0.0,103062.82,6872.36
S00439,G1230,Mystic Warriors 230,Simulation,Iron Pixel,Silverline Studios,PC,Asia Pacific,2023-08-01,2023-07-06,68.3,4058,44.99,0.0,182569.42,12333.39
S00622,G1067,Rogue Chronicles 67,Strategy,Quantum Labs,Vertex Entertainment,Xbox One,Asia Pacific,2024-09-01,2022-09-02,87.3,1249,49.99,0.0,62437.51,6007.78
S01826,G1125,Iron Strike 125,Shooter,ShadowWorks,NextLevel Games,PC,North America,2024-02-01,2019-03-27,79.8,1903,58.49,0.1,111306.47,11614.04
S01941,G1087,Rogue Arena 87,Adventure,Sunrise Labs,Vertex Entertainment,Xbox Series X,Europe,2025-09-01,2025-04-24,98.0,907,43.99,0.2,39898.93,1509.85
S01233,G1066,Solar Chronicles 66,Racing,Iron Pixel,NextLevel Games,Xbox Series X,Japan,2021-08-01,2021-08-26,,604,59.99,0.0,36233.96,1854.6
S01522,G1241,Apex Tactics 241,RPG,Northstar Dev,Arcadia Media,Nintendo Switch,North America,2025-09-01,2025-06-12,74.1,981,58.49,0.1,57378.69,2153.56
S00870,G1007,Rogue Legends 7,Adventure,ShadowWorks,Titan Publishing,Nintendo Switch,Europe,2021-11-01,2021-05-04,66.7,1346,54.99,0.0,74016.54,10218.78
S01045,G1100,Eclipse Arena 100,Adventure,Blue Oak Studio,NextLevel Games,Xbox Series X,Japan,2023-08-01,2021-06-16,85.6,551,54.99,0.0,30299.49,1246.24
S02035,G1229,Velocity Warriors 229,Action,Blue Oak Studio,Blue Horizon,Nintendo Switch,Asia Pacific,2022-03-01,2019-03-30,73.5,3931,53.99,0.1,212234.69,6784.38
S01593,G1084,Crystal Arena 84,Adventure,Digital Forge,Titan Publishing,PlayStation 4,Asia Pacific,2021-07-01,2020-08-15,62.7,1189,49.49,0.1,58843.61,8057.41
S00949,G1112,Cyber Odyssey 112,Action,Red Fox Studio,Titan Publishing,PlayStation 4,Asia Pacific,2025-05-01,2025-01-26,77.8,556,30.0,0.5,16680.0,1038.71
S01512,G1094,Star Arena 94,Action,ShadowWorks,PixelWorks,Xbox Series X,Japan,2024-11-01,2024-05-17,56.9,340,53.99,0.1,18356.6,2404.74
S00671,G1248,Dragon Tactics 248,Shooter,Sunrise Labs,Arcadia Media,Xbox Series X,Europe,2024-12-01,2020-04-04,84.1,862,64.99,0.0,56021.38,5127.56
S01449,G1100,Eclipse Arena 100,Adventure,Blue Oak Studio,NextLevel Games,PlayStation 5,Europe,2022-07-01,2021-06-16,85.6,1759,27.5,0.5,48372.5,3810.45
S02117,G1149,Velocity Reborn 149,Simulation,Digital Forge,Vertex Entertainment,Nintendo Switch,North America,2024-08-01,2021-01-06,77.5,4008,40.49,0.1,162283.92,15647.49
S02176,G1102,Shadow Odyssey 102,Racing,Northstar Dev,NextLevel Games,PlayStation 5,Asia Pacific,2021-02-01,2021-04-04,70.2,769,47.99,0.2,36904.31,1674.86
S00407,G1059,Kingdom Rising 59,Racing,Orbit Games,Silverline Studios,Xbox Series X,Latin America,2023-04-01,2022-04-13,71.9,1064,47.99,0.2,51061.36,2291.0
S02032,G1055,Urban Rising 55,Strategy,Blue Oak Studio,Vertex Entertainment,Xbox Series X,Asia Pacific,2021-07-01,2021-12-02,55.4,662,49.99,0.0,33093.38,1188.1
S00317,G1048,Dragon Rising 48,Adventure,Quantum Labs,Nova Interactive,PC,Japan,2023-12-01,2022-07-06,,283,54.99,0.0,15562.17,1466.59
S01006,G1249,Velocity Tactics 249,Racing,Moonlight Games,Titan Publishing,Xbox One,Asia Pacific,2025-02-01,2021-08-17,80.0,985,59.99,0.0,59090.15,4722.11
S00106,G1176,Legend Origins 176,Strategy,Blue Oak Studio,PixelWorks,PlayStation 5,Europe,2021-03-01,2020-02-08,,1358,49.99,0.0,67886.42,3890.61
S02060,G1050,Mystic Rising 50,Adventure,Red Fox Studio,Blue Horizon,Xbox One,North America,2023-05-01,2019-12-12,,1305,49.49,0.1,64584.45,4987.96
S00122,G1144,Crystal Reborn 144,Adventure,Wildcat Interactive,Arcadia Media,PlayStation 4,Latin America,2023-04-01,2022-07-24,68.0,1637,27.5,0.5,45017.5,1761.11
S00428,G1032,Cyber Frontier 32,Strategy,Sunrise Labs,Blue Horizon,Xbox One,Latin America,2023-12-01,2024-01-30,56.8,334,49.99,0.0,16696.66,1922.78
S01182,G1200,Eclipse Revolution 200,Action,Digital Forge,PixelWorks,PC,Europe,2022-05-01,2022-03-14,67.8,725,53.99,0.1,39142.75,3735.6
S00388,G1008,Dragon Legends 8,RPG,ShadowWorks,Silverline Studios,Xbox One,Asia Pacific,2021-02-01,2022-03-06,75.1,1376,45.49,0.3,62594.24,8480.0
S00994,G1019,Kingdom Legends 19,Strategy,Red Fox Studio,Blue Horizon,Xbox Series X,Europe,2021-12-01,2023-05-26,73.5,398,34.99,0.3,13926.02,1366.01
S01352,G1142,Shadow Reborn 142,RPG,Moonlight Games,Titan Publishing,Nintendo Switch,Latin America,2023-06-01,2019-10-20,76.8,452,51.99,0.2,23499.48,1687.76
S00783,G1034,Star Frontier 34,Action,Red Fox Studio,Titan Publishing,Xbox One,Latin America,2022-12-01,2022-09-16,49.7,344,41.99,0.3,14444.56,1711.69
S00116,G1104,Crystal Odyssey 104,Adventure,Wildcat Interactive,Nova Interactive,Nintendo Switch,Asia Pacific,2021-01-01,2021-06-26,61.7,1379,38.49,0.3,53077.71,6798.48
S00077,G1251,Titan Tactics 251,Sports,Iron Pixel,Silverline Studios,PC,Japan,2023-08-01,2024-06-23,75.0,3059,69.99,0.0,214099.41,19495.95
S00533,G1141,Apex Reborn 141,Action,Orbit Games,Vertex Entertainment,PlayStation 4,North America,2025-01-01,2021-11-25,93.7,1276,41.99,0.3,53579.24,2149.08
S00383,G1021,Apex Frontier 21,Racing,Northstar Dev,PixelWorks,Xbox One,North America,2025-04-01,2019-10-13,68.1,150,59.99,0.0,8998.5,672.25
S01188,G1097,Quantum Arena 97,Shooter,Wildcat Interactive,Vertex Entertainment,Nintendo Switch,Asia Pacific,2022-12-01,2021-07-20,,903,64.99,0.0,58685.97,3066.78
S01973,G1175,Urban Origins 175,Sports,ShadowWorks,Arcadia Media,Xbox One,Asia Pacific,2022-05-01,2023-01-26,73.6,161,55.99,0.2,9014.39,773.91
S01792,G1232,Cyber Warriors 232,Sports,Orbit Games,Arcadia Media,Xbox Series X,Latin America,2021-07-01,2023-06-27,83.9,611,69.99,0.0,42763.89,
S00549,G1147,Rogue Reborn 147,Racing,ShadowWorks,Silverline Studios,PlayStation 5,North America,2022-11-01,2025-06-02,59.1,1809,59.99,0.0,108521.91,10177.92
S01914,G1167,Rogue Origins 167,Shooter,Wildcat Interactive,PixelWorks,PlayStation 5,Japan,2022-01-01,2023-08-02,,546,64.99,0.0,35484.54,1272.1
S00694,G1017,Quantum Legends 17,Shooter,Iron Pixel,Nova Interactive,PlayStation 5,Japan,2021-02-01,2020-07-29,,1234,64.99,0.0,80197.66,11123.25
S01681,G1151,Titan Reborn 151,Adventure,Blue Oak Studio,Arcadia Media,Xbox Series X,Asia Pacific,2021-06-01,2024-06-19,68.1,1559,38.49,0.3,60005.91,7866.89
S02013,G1126,Solar Strike 126,Strategy,Quantum Labs,Titan Publishing,PlayStation 4,North America,2024-09-01,2020-01-23,,436,44.99,0.1,19615.64,2098.22
S00728,G1202,Shadow Quest 202,RPG,Red Fox Studio,PixelWorks,Nintendo Switch,North America,2024-09-01,2024-07-25,78.9,2215,58.49,0.1,129555.35,13488.72
S00638,G1122,Shadow Strike 122,Racing,Red Fox Studio,Blue Horizon,PC,North America,2024-07-01,2021-02-05,70.3,1406,53.99,0.1,75909.94,9907.64
S02110,G1238,Storm Warriors 238,Adventure,Northstar Dev,Blue Horizon,Xbox Series X,Asia Pacific,2023-10-01,2022-09-21,76.6,519,49.49,0.1,25685.31,1733.06
S01092,G1049,Velocity Rising 49,RPG,Crystal Byte,Blue Horizon,PC,Europe,2025-11-01,2022-08-31,60.2,950,64.99,0.0,61740.5,2706.49
S00417,G1227,Rogue Warriors 227,RPG,Red Fox Studio,NextLevel Games,PlayStation 5,Europe,2025-04-01,2023-05-26,73.2,2507,58.49,0.1,146634.43,20152.95
S01779,G1088,Dragon Arena 88,Racing,Moonlight Games,Arcadia Media,PlayStation 5,Europe,2025-12-01,2020-04-27,75.6,719,47.99,0.2,34504.81,2494.3
S01507,G1164,Crystal Origins 164,Adventure,Crystal Byte,Arcadia Media,PlayStation 4,Europe,2025-03-01,2023-10-25,63.3,741,43.99,0.2,32596.59,3667.45
S00945,G1200,Eclipse Revolution 200,Action,Digital Forge,PixelWorks,Xbox One,Japan,2024-02-01,2022-03-14,67.8,467,59.99,0.0,28015.33,1774.61
S00179,G1007,Rogue Legends 7,Adventure,ShadowWorks,Titan Publishing,PlayStation 4,Asia Pacific,2021-08-01,2021-05-04,66.7,796,43.99,0.2,35016.04,1082.96
S01106,G1148,Dragon Reborn 148,Sports,Moonlight Games,PixelWorks,Xbox Series X,Asia Pacific,2025-10-01,2021-04-27,75.1,1208,69.99,0.0,84547.92,5422.0
S01805,G1099,Kingdom Arena 99,Sports,Sunrise Labs,Arcadia Media,PC,Japan,2025-12-01,2021-05-27,,794,69.99,0.0,55572.06,7561.75
S01591,G1045,Iron Rising 45,Shooter,Digital Forge,Titan Publishing,PlayStation 4,North America,2025-09-01,2023-07-18,71.9,521,64.99,0.0,33859.79,3697.03
S00868,G1206,Solar Quest 206,Sports,ShadowWorks,Vertex Entertainment,PlayStation 4,Japan,2024-01-01,2024-06-13,76.9,412,55.99,0.2,23067.88,2813.89
S02059,G1072,Cyber Chronicles 72,Adventure,Quantum Labs,Silverline Studios,Xbox One,Latin America,2024-03-01,2024-11-13,66.9,749,43.99,0.2,32948.51,2774.1
S00586,G1172,Cyber Origins 172,Simulation,Crystal Byte,Titan Publishing,Xbox Series X,Latin America,2021-01-01,2021-02-13,58.4,328,44.99,0.0,14756.72,570.57
S00841,G1116,Legend Odyssey 116,Strategy,Crystal Byte,Titan Publishing,Nintendo Switch,North America,2022-01-01,2023-06-20,86.3,1173,44.99,0.1,52773.27,5208.09
S01880,G1064,Crystal Chronicles 64,Adventure,Crystal Byte,Titan Publishing,PlayStation 5,North America,2025-04-01,2023-05-30,,625,38.49,0.3,24056.25,1190.31
S00799,G1121,Apex Strike 121,Shooter,Digital Forge,Arcadia Media,Xbox One,Asia Pacific,2024-01-01,2019-01-19,74.2,1194,51.99,0.2,62076.06,6277.2
S02090,G1128,Dragon Strike 128,RPG,Northstar Dev,NextLevel Games,PC,Asia Pacific,2025-08-01,2020-05-06,96.2,3437,58.49,0.1,201030.13,15349.49
S00635,G1035,Urban Frontier 35,Action,Red Fox Studio,Vertex Entertainment,Nintendo Switch,Asia Pacific,2023-07-01,2021-05-06,,1164,41.99,0.3,48876.36,2179.24
S01933,G1110,Mystic Odyssey 110,Shooter,ShadowWorks,PixelWorks,Xbox One,Asia Pacific,2025-07-01,2024-10-07,88.1,1890,45.49,0.3,85976.1,8185.48
S01343,G1204,Crystal Quest 204,Shooter,Wildcat Interactive,PixelWorks,Xbox One,Japan,2023-07-01,2019-10-25,85.5,1130,58.49,0.1,66093.7,8704.61
S01509,G1163,Neon Origins 163,Strategy,Northstar Dev,Silverline Studios,PlayStation 4,Europe,2022-02-01,2019-08-05,54.7,502,44.99,0.1,22584.98,1438.8
S01222,G1180,Eclipse Origins 180,Shooter,Blue Oak Studio,NextLevel Games,Xbox Series X,Latin America,2023-03-01,2023-07-06,77.5,0,58.49,0.1,0.0,1384.2
S01810,G1206,Solar Quest 206,Sports,ShadowWorks,Vertex Entertainment,PlayStation 5,Europe,2025-10-01,2024-06-13,76.9,430,48.99,0.3,21065.7,2250.29
S01201,G1219,Kingdom Quest 219,Shooter,ShadowWorks,PixelWorks,PlayStation 4,Japan,2024-01-01,2020-09-25,81.5,278,64.99,0.0,18067.22,1229.01
S01323,G1127,Rogue Strike 127,Adventure,ShadowWorks,Arcadia Media,Nintendo Switch,Japan,2022-08-01,2020-04-24,69.4,508,54.99,0.0,27934.92,2243.83
S00064,G1082,Shadow Arena 82,Adventure,Moonlight Games,Nova Interactive,PC,Asia Pacific,2021-09-01,2022-01-13,69.8,1730,54.99,0.0,95132.7,6770.92
S01132,G1181,Apex Revolution 181,Action,Moonlight Games,PixelWorks,PC,North America,2021-08-01,2020-03-20,85.5,1227,59.99,0.0,73607.73,3878.18
S01125,G1158,Storm Reborn 158,Sports,Quantum Labs,Arcadia Media,Xbox One,North America,2024-07-01,2022-05-16,84.6,598,69.99,0.0,41854.02,2324.64
S02169,G1148,Dragon Reborn 148,Sports,Moonlight Games,PixelWorks,PC,Latin America,2023-07-01,2021-04-27,75.1,688,55.99,0.2,38521.12,2112.79
S00933,G1148,Dragon Reborn 148,Sports,Moonlight Games,PixelWorks,Xbox One,Latin America,2025-09-01,2021-04-27,75.1,945,69.99,0.0,66140.55,6156.7
S01055,G1237,Quantum Warriors 237,Simulation,Northstar Dev,Silverline Studios,Xbox Series X,North America,2022-08-01,2024-11-02,89.1,1617,31.49,0.3,50919.33,5471.13
S01286,G1001,Apex Legends 1,Racing,Digital Forge,Titan Publishing,Xbox Series X,Latin America,2023-12-01,2022-03-07,62.1,260,59.99,0.0,15597.4,1410.2
S02068,G1252,Cyber Tactics 252,Simulation,Crystal Byte,NextLevel Games,PlayStation 4,Europe,2021-09-01,2024-08-19,81.0,1058,44.99,0.0,47599.42,5188.59
S01668,G1239,Kingdom Warriors 239,Action,Orbit Games,Arcadia Media,Nintendo Switch,Asia Pacific,2021-04-01,2021-09-07,70.4,1475,53.99,0.1,79635.25,8461.39
S01964,G1076,Legend Chronicles 76,Adventure,Northstar Dev,Vertex Entertainment,PC,Europe,2022-12-01,2021-02-07,93.4,5326,43.99,0.2,234290.74,17962.21
S01108,G1007,Rogue Legends 7,Adventure,ShadowWorks,Titan Publishing,Xbox Series X,Japan,2021-04-01,2021-05-04,66.7,1469,54.99,0.0,80780.31,5643.14
S01720,G1188,Dragon Revolution 188,Action,Moonlight Games,NextLevel Games,Xbox Series X,North America,2021-12-01,2019-08-05,84.5,1158,47.99,0.2,55572.42,5294.16
S01445,G1252,Cyber Tactics 252,Simulation,Crystal Byte,NextLevel Games,Xbox Series X,Latin America,2022-08-01,2024-08-19,81.0,623,35.99,0.2,22421.77,1383.4
S00536,G1073,Frozen Chronicles 73,Strategy,Digital Forge,Silverline Studios,Xbox Series X,Europe,2023-08-01,2025-02-27,78.9,3349,25.0,0.5,83725.0,9304.41
S02041,G1098,Storm Arena 98,Racing,Wildcat Interactive,NextLevel Games,Xbox Series X,Latin America,2021-02-01,2022-03-09,73.5,1266,47.99,0.2,60755.34,2502.63
S00206,G1183,Neon Revolution 183,Adventure,Quantum Labs,NextLevel Games,Xbox Series X,Europe,2025-06-01,2025-04-08,75.5,1080,54.99,0.0,59389.2,6350.08
S00529,G1204,Crystal Quest 204,Shooter,Wildcat Interactive,PixelWorks,Xbox One,Japan,2024-03-01,2019-10-25,85.5,1831,51.99,0.2,95193.69,7247.91
S00979,G1047,Rogue Rising 47,Action,Moonlight Games,Silverline Studios,Nintendo Switch,Europe,2025-08-01,2021-09-08,65.3,2421,59.99,0.0,145235.79,7513.93
S01383,G1068,Dragon Chronicles 68,Shooter,Blue Oak Studio,Titan Publishing,Xbox One,Europe,2022-04-01,2021-04-11,,887,64.99,0.0,57646.13,4180.78
S00545,G1060,Eclipse Rising 60,Simulation,Blue Oak Studio,Nova Interactive,PC,Japan,2022-01-01,2020-02-09,67.3,1323,44.99,0.0,59521.77,6156.41
S01957,G1074,Star Chronicles 74,Simulation,Wildcat Interactive,Blue Horizon,PC,Europe,2024-10-01,2023-03-05,76.6,1695,40.49,0.1,68630.55,2365.04
S01707,G1016,Legend Legends 16,Racing,ShadowWorks,Arcadia Media,PC,North America,2022-06-01,2025-06-19,98.0,1645,47.99,0.2,78943.55,10658.61
S01303,G1080,Eclipse Chronicles 80,Sports,Sunrise Labs,PixelWorks,PlayStation 4,Japan,2021-10-01,2024-10-21,72.8,257,69.99,0.0,17987.43,1068.42
S00589,G1046,Solar Rising 46,Racing,Moonlight Games,Silverline Studios,Xbox Series X,Asia Pacific,2023-03-01,2022-07-11,75.0,622,59.99,0.0,37313.78,5013.35
S00024,G1240,Eclipse Warriors 240,Sports,Digital Forge,Nova Interactive,Nintendo Switch,North America,2023-06-01,2021-07-29,66.4,1643,34.99,0.5,57488.57,6072.64
S01863,G1022,Shadow Frontier 22,Adventure,Sunrise Labs,Vertex Entertainment,Xbox One,Japan,2025-05-01,2019-12-12,77.0,649,49.49,0.1,32119.01,1377.04
S00583,G1215,Urban Quest 215,RPG,Quantum Labs,PixelWorks,Xbox Series X,Japan,2023-03-01,2025-02-19,69.8,1373,45.49,0.3,62457.77,3055.22
S00591,G1034,Star Frontier 34,Action,Red Fox Studio,Titan Publishing,Nintendo Switch,Europe,2022-08-01,2022-09-16,49.7,470,41.99,0.3,19735.3,2483.51
S00199,G1041,Apex Rising 41,Racing,ShadowWorks,Silverline Studios,PC,Asia Pacific,2022-07-01,2020-01-22,66.3,1251,47.99,0.2,60035.49,5755.63
S00050,G1022,Shadow Frontier 22,Adventure,Sunrise Labs,Vertex Entertainment,Nintendo Switch,Japan,2024-07-01,2019-12-12,77.0,635,54.99,0.0,34918.65,2717.36
S00174,G1155,Urban Reborn 155,Sports,Blue Oak Studio,Arcadia Media,PC,North America,2022-01-01,2022-12-31,74.2,3351,69.99,0.0,234536.49,27412.49
S01866,G1152,Cyber Reborn 152,Adventure,Sunrise Labs,NextLevel Games,PlayStation 4,Europe,2021-03-01,2021-06-24,81.7,974,49.49,0.1,48203.26,1649.42
S01654,G1025,Iron Frontier 25,Simulation,Quantum Labs,Vertex Entertainment,Xbox One,North America,2021-01-01,2025-01-01,74.3,2154,40.49,0.1,87215.46,10890.3
S00965,G1211,Titan Quest 211,RPG,Sunrise Labs,Titan Publishing,Xbox Series X,Japan,2022-03-01,2023-04-26,,586,58.49,0.1,34275.14,4230.21
S00309,G1131,Titan Strike 131,RPG,Sunrise Labs,Titan Publishing,Nintendo Switch,Japan,2022-10-01,2019-09-04,83.2,421,64.99,0.0,27360.79,2528.66
S01308,G1077,Quantum Chronicles 77,Shooter,Digital Forge,PixelWorks,Xbox Series X,Japan,2021-08-01,2024-07-01,59.5,447,58.49,0.1,26145.03,1075.38
S00618,G1128,Dragon Strike 128,RPG,Northstar Dev,NextLevel Games,PC,Latin America,2024-02-01,2020-05-06,96.2,1035,51.99,0.2,53809.65,7257.25
S00788,G1233,Frozen Warriors 233,Strategy,Quantum Labs,Titan Publishing,PlayStation 5,Europe,2022-08-01,2022-12-07,69.7,1312,44.99,0.1,59026.88,6887.73
S00060,G1125,Iron Strike 125,Shooter,ShadowWorks,NextLevel Games,Xbox One,Japan,2025-03-01,2019-03-27,79.8,212,64.99,0.0,13777.88,1575.35
S00072,G1242,Shadow Tactics 242,Strategy,Iron Pixel,Blue Horizon,PlayStation 4,Europe,2023-04-01,2022-10-12,86.1,462,49.99,0.0,23095.38,2975.58
S01909,G1088,Dragon Arena 88,Racing,Moonlight Games,Arcadia Media,PC,North America,2023-03-01,2020-04-27,75.6,4631,47.99,0.2,222241.69,14472.62
S01959,G1060,Eclipse Rising 60,Simulation,Blue Oak Studio,Nova Interactive,Nintendo Switch,Latin America,2025-02-01,2020-02-09,67.3,430,44.99,0.0,19345.7,874.13
S00483,G1071,Titan Chronicles 71,Sports,Digital Forge,Nova Interactive,Xbox One,Japan,2021-11-01,2020-11-02,77.9,977,55.99,0.2,54702.23,3552.01
S01657,G1193,Frozen Revolution 193,Sports,Sunrise Labs,Blue Horizon,Xbox Series X,Asia Pacific,2023-03-01,2021-01-04,58.6,608,69.99,0.0,42553.92,3817.79
S00753,G1133,Frozen Strike 133,Sports,Quantum Labs,Vertex Entertainment,PC,Asia Pacific,2022-09-01,2024-10-25,83.9,3467,62.99,0.1,218386.33,15685.18
S00893,G1072,Cyber Chronicles 72,Adventure,Quantum Labs,Silverline Studios,Xbox One,Asia Pacific,2024-03-01,2024-11-13,66.9,215,54.99,0.0,11822.85,645.35
S01042,G1161,Apex Origins 161,Strategy,Northstar Dev,Silverline Studios,Xbox One,Asia Pacific,2022-04-01,2025-02-28,66.8,521,39.99,0.2,20834.79,2132.78
S01180,G1179,Kingdom Origins 179,Action,Crystal Byte,PixelWorks,Nintendo Switch,Japan,2021-07-01,2020-08-25,68.9,1196,59.99,0.0,71748.04,4789.68
S00163,G1132,Cyber Strike 132,Action,Digital Forge,NextLevel Games,Xbox Series X,Japan,2023-06-01,2019-06-01,63.2,378,59.99,0.0,22676.22,1257.81
S01524,G1247,Rogue Tactics 247,Shooter,Moonlight Games,Vertex Entertainment,Nintendo Switch,North America,2025-10-01,2022-08-24,76.2,3161,64.99,0.0,205433.39,13332.16
S00974,G1059,Kingdom Rising 59,Racing,Orbit Games,Silverline Studios,PC,Europe,2025-02-01,2022-04-13,71.9,481,53.99,0.1,25969.19,2393.54
S01105,G1158,Storm Reborn 158,Sports,Quantum Labs,Arcadia Media,Xbox One,North America,2024-01-01,2022-05-16,84.6,2530,62.99,0.1,159364.7,17913.98
S01901,G1183,Neon Revolution 183,Adventure,Quantum Labs,NextLevel Games,PlayStation 5,Latin America,2023-03-01,2025-04-08,75.5,441,43.99,0.2,19399.59,2341.97
S00651,G1182,Shadow Revolution 182,Action,Sunrise Labs,Silverline Studios,PC,Europe,2025-01-01,2024-09-02,83.3,2453,59.99,0.0,147155.47,4510.44
S00495,G1184,Crystal Revolution 184,Strategy,Sunrise Labs,Vertex Entertainment,Xbox Series X,Latin America,2022-02-01,2021-05-17,,1184,39.99,0.2,47348.16,3314.89
S00257,G1001,Apex Legends 1,Racing,Digital Forge,Titan Publishing,Xbox Series X,North America,2021-09-01,2022-03-07,62.1,1367,47.99,0.2,65602.33,3325.37
S01504,G1016,Legend Legends 16,Racing,,Arcadia Media,PlayStation 5,Latin America,2022-10-01,2025-06-19,98.0,603,47.99,0.2,28937.97,1065.91
S02163,G1113,Frozen Odyssey 113,Action,Orbit Games,NextLevel Games,PlayStation 5,Latin America,2025-12-01,2019-11-26,84.8,0,47.99,0.2,0.0,2438.68
S00441,G1168,Dragon Origins 168,Adventure,Iron Pixel,NextLevel Games,PlayStation 4,Latin America,2025-01-01,2025-01-01,89.4,803,43.99,0.2,35323.97,2146.19
S02011,G1162,Shadow Origins 162,Racing,Iron Pixel,Silverline Studios,PlayStation 5,Latin America,2025-06-01,2020-03-08,,377,47.99,0.2,18092.23,1789.39
S02077,G1044,Crystal Rising 44,Simulation,Wildcat Interactive,Silverline Studios,Xbox One,Asia Pacific,2023-04-01,2020-05-30,74.1,322,44.99,0.0,14486.78,832.22
S02004,G1128,Dragon Strike 128,RPG,Northstar Dev,NextLevel Games,PC,North America,2021-05-01,2020-05-06,96.2,2428,51.99,0.2,126231.72,6584.65
S01745,G1070,Mystic Chronicles 70,Simulation,Northstar Dev,Vertex Entertainment,PlayStation 4,North America,2021-12-01,2023-06-03,72.4,1266,40.49,0.1,51260.34,2910.66
S00860,G1242,Shadow Tactics 242,Strategy,Iron Pixel,Blue Horizon,Nintendo Switch,Europe,2023-10-01,2022-10-12,86.1,404,49.99,0.0,20195.96,2606.9
S01273,G1005,Iron Legends 5,RPG,Quantum Labs,Nova Interactive,Xbox One,Japan,2023-02-01,2021-10-12,78.0,1521,51.99,0.2,79076.79,9992.85
S00021,G1122,Shadow Strike 122,Racing,Red Fox Studio,Blue Horizon,Nintendo Switch,Asia Pacific,2021-09-01,2021-02-05,70.3,1178,59.99,0.0,70668.22,2885.69
S01648,G1164,Crystal Origins 164,Adventure,Crystal Byte,Arcadia Media,PlayStation 4,Latin America,2021-03-01,2023-10-25,63.3,487,49.49,0.1,24101.63,1877.63
S00650,G1129,Velocity Strike 129,Adventure,Digital Forge,Nova Interactive,Nintendo Switch,Asia Pacific,2021-03-01,2019-03-19,59.4,1551,49.49,0.1,76758.99,4175.13
S01162,G1072,Cyber Chronicles 72,Adventure,Quantum Labs,Silverline Studios,PC,Latin America,2023-10-01,2024-11-13,66.9,943,43.99,0.2,41482.57,2698.62
S00382,G1175,Urban Origins 175,Sports,ShadowWorks,Arcadia Media,Xbox One,Latin America,2023-05-01,2023-01-26,73.6,284,62.99,0.1,17889.16,2331.3
S01279,G1048,Dragon Rising 48,Adventure,Quantum Labs,Nova Interactive,PlayStation 5,Asia Pacific,2023-09-01,2022-07-06,,5245,43.99,0.2,230727.55,20735.25
S00606,G1007,Rogue Legends 7,Adventure,ShadowWorks,Titan Publishing,Xbox One,North America,2021-07-01,2021-05-04,66.7,199,49.49,0.1,9848.51,701.14
S01666,G1244,Crystal Tactics 244,Adventure,Blue Oak Studio,PixelWorks,Xbox One,Latin America,2024-04-01,2023-05-23,79.0,177,54.99,0.0,9733.23,989.0
S00496,G1248,Dragon Tactics 248,Shooter,Sunrise Labs,Arcadia Media,PlayStation 5,Europe,2024-11-01,2020-04-04,84.1,1122,64.99,0.0,72918.78,8431.2
S01011,G1054,Star Rising 54,Simulation,Blue Oak Studio,Nova Interactive,Xbox Series X,Europe,2021-02-01,2020-08-13,77.0,1558,35.99,0.2,56072.42,5527.65
S00084,G1107,Rogue Odyssey 107,RPG,ShadowWorks,Arcadia Media,Xbox One,Asia Pacific,2021-09-01,2021-03-12,67.1,459,45.49,0.3,20879.91,1641.76
S00462,G1210,Mystic Quest 210,Shooter,Orbit Games,Titan Publishing,PlayStation 4,North America,2023-04-01,2020-10-03,,1111,51.99,0.2,57760.89,6577.1
S00995,G1246,Solar Tactics 246,Strategy,Sunrise Labs,Nova Interactive,Xbox Series X,Europe,2024-12-01,2020-03-18,98.0,1810,44.99,0.1,81431.9,11240.34
S02196,G1056,Legend Rising 56,Shooter,Quantum Labs,Arcadia Media,PC,Asia Pacific,2023-04-01,2023-05-01,77.2,1411,45.49,0.3,64186.39,3627.88
S01438,G1256,Legend Tactics 256,Action,Red Fox Studio,Silverline Studios,Xbox One,Europe,2025-09-01,2022-11-25,75.7,349,53.99,0.1,18842.51,2574.56
S00716,G1179,Kingdom Origins 179,Action,Crystal Byte,PixelWorks,PlayStation 4,North America,2025-06-01,2020-08-25,68.9,692,53.99,0.1,37361.08,2913.98
S01725,G1091,Titan Arena 91,Action,Red Fox Studio,NextLevel Games,Xbox One,Latin America,2022-04-01,2021-11-26,,543,53.99,0.1,29316.57,3611.66
S01739,G1124,Crystal Strike 124,Adventure,Red Fox Studio,Blue Horizon,Xbox One,Europe,2025-05-01,2021-06-01,69.5,1676,49.49,0.1,82945.24,10085.5
S00932,G1098,Storm Arena 98,Racing,Wildcat Interactive,NextLevel Games,Xbox One,Europe,2022-03-01,2022-03-09,73.5,534,59.99,0.0,32034.66,3177.55
S00375,G1024,Crystal Frontier 24,Strategy,Northstar Dev,Vertex Entertainment,Nintendo Switch,Japan,2021-05-01,2025-04-20,63.3,426,49.99,0.0,21295.74,2013.64
S00271,G1098,Storm Arena 98,Racing,Wildcat Interactive,NextLevel Games,Xbox Series X,Asia Pacific,2025-10-01,2022-03-09,73.5,675,59.99,0.0,40493.25,3666.3
S00679,G1112,Cyber Odyssey 112,Action,Red Fox Studio,Titan Publishing,PlayStation 4,North America,2024-03-01,2025-01-26,77.8,4507,53.99,0.1,243332.93,14527.23
S00695,G1091,Titan Arena 91,Action,Red Fox Studio,NextLevel Games,PlayStation 5,Japan,2025-06-01,2021-11-26,,2858,59.99,0.0,171451.42,11775.31
S01122,G1173,Frozen Origins 173,Sports,Orbit Games,Titan Publishing,PC,North America,2021-05-01,2020-08-27,76.0,1254,55.99,0.2,70211.46,3328.04
S00465,G1158,Storm Reborn 158,Sports,Quantum Labs,Arcadia Media,Nintendo Switch,Latin America,2021-07-01,2022-05-16,84.6,1411,69.99,0.0,98755.89,3967.82
S01447,G1207,Rogue Quest 207,Strategy,Orbit Games,PixelWorks,Xbox One,Latin America,2023-06-01,2023-05-22,61.4,114,49.99,0.0,5698.86,460.09
S01158,G1156,Legend Reborn 156,Shooter,Wildcat Interactive,PixelWorks,PlayStation 4,Japan,2025-01-01,2021-02-18,72.6,121,51.99,0.2,6290.79,573.53
S00597,G1190,Mystic Revolution 190,Action,Blue Oak Studio,Vertex Entertainment,PlayStation 4,Europe,2024-06-01,2020-08-08,,1753,59.99,0.0,105162.47,8683.65
S00430,G1210,Mystic Quest 210,Shooter,Orbit Games,Titan Publishing,Xbox Series X,North America,2023-08-01,2020-10-03,,1703,58.49,0.1,99608.47,8931.16
S01474,G1055,Urban Rising 55,Strategy,Blue Oak Studio,Vertex Entertainment,Xbox One,Latin America,2022-04-01,2021-12-02,55.4,206,44.99,0.1,9267.94,805.11
S00026,G1170,Mystic Origins 170,Action,Sunrise Labs,Vertex Entertainment,Xbox One,Asia Pacific,2023-12-01,2021-03-13,83.8,1490,59.99,0.0,89385.1,4864.27
S00908,G1014,Star Legends 14,Sports,Quantum Labs,Nova Interactive,PlayStation 4,North America,2021-04-01,2024-01-16,75.2,617,69.99,0.0,43183.83,4230.64
S01492,G1088,Dragon Arena 88,Racing,Moonlight Games,Arcadia Media,PlayStation 5,Japan,2021-03-01,2020-04-27,75.6,955,59.99,0.0,57290.45,6033.48
S00459,G1174,Star Origins 174,Adventure,ShadowWorks,Arcadia Media,PC,Latin America,2021-10-01,2023-07-07,91.5,549,43.99,0.2,24150.51,1799.39
S01531,G1223,Neon Warriors 223,Action,Quantum Labs,NextLevel Games,Xbox One,Europe,2023-08-01,2023-06-14,,141,47.99,0.2,6766.59,729.67
S00681,G1090,Mystic Arena 90,Shooter,Moonlight Games,NextLevel Games,PlayStation 5,Latin America,2022-02-01,2021-07-17,69.7,731,64.99,0.0,47507.69,2704.33
S00079,G1093,Frozen Arena 93,Shooter,Red Fox Studio,Nova Interactive,Xbox Series X,Asia Pacific,2025-05-01,2021-09-20,58.2,837,64.99,0.0,54396.63,7242.5
S00367,G1223,Neon Warriors 223,Action,Quantum Labs,NextLevel Games,PC,Europe,2024-12-01,2023-06-14,,573,59.99,0.0,34374.27,2729.69
S01578,G1144,Crystal Reborn 144,Adventure,Wildcat Interactive,Arcadia Media,Nintendo Switch,North America,2021-06-01,2022-07-24,68.0,774,43.99,0.2,34048.26,2045.67
S00033,G1060,Eclipse Rising 60,Simulation,Blue Oak Studio,Nova Interactive,Xbox Series X,Asia Pacific,2023-12-01,2020-02-09,67.3,2056,31.49,0.3,64743.44,2080.74
S01113,G1233,Frozen Warriors 233,Strategy,Quantum Labs,Titan Publishing,PlayStation 5,Europe,2025-04-01,2022-12-07,69.7,829,39.99,0.2,33151.71,2180.83
S01771,G1189,Velocity Revolution 189,Shooter,Quantum Labs,Titan Publishing,PlayStation 4,North America,2025-04-01,2020-09-30,87.7,1920,45.49,0.3,87340.8,10311.34
S00562,G1202,Shadow Quest 202,RPG,Red Fox Studio,PixelWorks,PlayStation 5,Europe,2024-04-01,2024-07-25,78.9,1630,51.99,0.2,84743.7,8005.54
S01912,G1104,Crystal Odyssey 104,Adventure,Wildcat Interactive,Nova Interactive,PlayStation 4,Latin America,2024-07-01,2021-06-26,61.7,1444,49.49,0.1,71463.56,2350.89
S00922,G1214,Star Quest 214,Strategy,Sunrise Labs,Blue Horizon,PC,Latin America,2024-02-01,2023-01-20,,1456,49.99,0.0,72785.44,4329.45
S00436,G1066,Solar Chronicles 66,Racing,Iron Pixel,NextLevel Games,PC,Asia Pacific,2024-03-01,2021-08-26,,204,59.99,0.0,12237.96,415.81
S01718,G1011,Titan Legends 11,Action,Wildcat Interactive,NextLevel Games,PlayStation 5,Europe,2025-04-01,2023-10-13,75.2,6180,59.99,0.0,370738.2,23065.05
S00892,G1160,Eclipse Reborn 160,Sports,Wildcat Interactive,Nova Interactive,PC,Latin America,2024-08-01,2019-03-02,,474,69.99,0.0,33175.26,3761.87
S00164,G1179,Kingdom Origins 179,Action,Crystal Byte,PixelWorks,PC,Japan,2023-06-01,2020-08-25,68.9,612,59.99,0.0,36713.88,4541.3
S00204,G1223,Neon Warriors 223,Action,Quantum Labs,NextLevel Games,PC,Asia Pacific,2021-06-01,2023-06-14,,1089,53.99,0.1,58795.11,6269.35
S01476,G1133,Frozen Strike 133,Sports,Quantum Labs,Vertex Entertainment,PlayStation 5,Europe,2024-11-01,2024-10-25,83.9,582,62.99,0.1,36660.18,3386.99
S01958,G1103,Neon Odyssey 103,RPG,Northstar Dev,Arcadia Media,PlayStation 5,Japan,2025-05-01,2025-02-25,87.8,407,45.49,0.3,18514.43,1975.11
S00306,G1037,Quantum Frontier 37,Shooter,Quantum Labs,Titan Publishing,PC,Latin America,2022-05-01,2022-12-04,68.3,1545,64.99,0.0,100409.55,6577.43
S00210,G1208,Dragon Quest 208,RPG,Digital Forge,Silverline Studios,Xbox One,Europe,2025-12-01,2022-12-01,,1085,58.49,0.1,63461.65,2872.94
S00614,G1047,Rogue Rising 47,Action,Moonlight Games,Silverline Studios,PlayStation 4,Europe,2021-04-01,2021-09-08,65.3,1004,59.99,0.0,60229.96,
S02171,G1024,Crystal Frontier 24,Strategy,Northstar Dev,Vertex Entertainment,PlayStation 5,Japan,2025-11-01,2025-04-20,63.3,328,49.99,0.0,16396.72,2246.76
S02181,G1217,Quantum Quest 217,Simulation,Iron Pixel,Vertex Entertainment,PC,Latin America,2024-04-01,2023-08-03,71.4,1590,35.99,0.2,57224.1,7327.71
S01605,G1080,Eclipse Chronicles 80,Sports,Sunrise Labs,PixelWorks,PC,North America,2023-10-01,2024-10-21,72.8,6515,69.99,0.0,455984.85,18250.89
S01337,G1182,Shadow Revolution 182,Action,Sunrise Labs,Silverline Studios,Xbox Series X,Asia Pacific,2022-03-01,2024-09-02,83.3,540,59.99,0.0,32394.6,3053.44
S01624,G1158,Storm Reborn 158,Sports,Quantum Labs,Arcadia Media,PC,Latin America,2021-02-01,2022-05-16,84.6,1152,55.99,0.2,64500.48,8971.58
S01230,G1230,Mystic Warriors 230,Simulation,Iron Pixel,Silverline Studios,Xbox Series X,Latin America,2024-04-01,2023-07-06,68.3,2082,44.99,0.0,93669.18,9858.76
S02164,G1127,Rogue Strike 127,Adventure,ShadowWorks,Arcadia Media,Xbox Series X,Asia Pacific,2021-02-01,2020-04-24,69.4,1647,27.5,0.5,45292.5,4363.33
S00484,G1091,Titan Arena 91,Action,Red Fox Studio,NextLevel Games,PlayStation 4,Latin America,2024-10-01,2021-11-26,,236,41.99,0.3,9909.64,400.84
S01114,G1104,Crystal Odyssey 104,Adventure,Wildcat Interactive,Nova Interactive,PlayStation 5,Asia Pacific,2025-06-01,2021-06-26,61.7,980,49.49,0.1,48500.2,3945.18
S01527,G1089,Velocity Arena 89,Racing,Digital Forge,Vertex Entertainment,PlayStation 4,North America,2022-02-01,2022-03-18,68.2,283,59.99,0.0,16977.17,2233.97
S01117,G1137,Quantum Strike 137,Adventure,Orbit Games,Silverline Studios,PlayStation 5,Latin America,2024-04-01,2021-05-19,,333,27.5,0.5,9157.5,996.7
S00989,G1200,Eclipse Revolution 200,Action,Digital Forge,PixelWorks,Xbox One,Asia Pacific,2025-12-01,2022-03-14,67.8,1207,53.99,0.1,65165.93,7759.96
S02130,G1025,Iron Frontier 25,Simulation,Quantum Labs,Vertex Entertainment,PlayStation 5,Japan,2024-12-01,2025-01-01,74.3,1524,35.99,0.2,54848.76,5710.24
S00412,G1199,Kingdom Revolution 199,Racing,ShadowWorks,Nova Interactive,Xbox One,Asia Pacific,2024-10-01,2020-08-16,70.0,1206,47.99,0.2,57875.94,4778.6
S02102,G1150,Mystic Reborn 150,RPG,Moonlight Games,Vertex Entertainment,PC,Latin America,2021-12-01,2019-12-20,78.9,1287,64.99,0.0,83642.13,4468.14
S01212,G1249,Velocity Tactics 249,Racing,Moonlight Games,Titan Publishing,PlayStation 5,North America,2022-08-01,2021-08-17,80.0,1041,59.99,0.0,62449.59,7226.54
S01989,G1011,Titan Legends 11,Action,Wildcat Interactive,NextLevel Games,PlayStation 5,North America,2025-09-01,2023-10-13,75.2,1306,59.99,0.0,78346.94,2692.12
S00964,G1029,Velocity Frontier 29,Strategy,Wildcat Interactive,NextLevel Games,Xbox One,Latin America,2024-12-01,2024-11-12,89.2,179,49.99,0.0,8948.21,1223.14
S01748,G1099,Kingdom Arena 99,Sports,Sunrise Labs,Arcadia Media,Nintendo Switch,Europe,2024-11-01,2021-05-27,,4033,48.99,0.3,197576.67,19576.08
S01548,G1137,Quantum Strike 137,Adventure,Orbit Games,Silverline Studios,Xbox Series X,Japan,2025-06-01,2021-05-19,,561,54.99,0.0,30849.39,2774.92
S00786,G1133,Frozen Strike 133,Sports,Quantum Labs,Vertex Entertainment,Xbox Series X,Europe,2024-02-01,2024-10-25,83.9,1586,55.99,0.2,88800.14,6954.06
S00448,G1092,Cyber Arena 92,Strategy,Moonlight Games,Titan Publishing,Nintendo Switch,Latin America,2024-01-01,2021-09-22,73.7,673,49.99,0.0,33643.27,1856.45
S01384,G1004,Crystal Legends 4,Racing,Orbit Games,PixelWorks,PlayStation 5,Asia Pacific,2025-10-01,2024-05-02,,1061,41.99,0.3,44551.39,4180.8
S01777,G1074,Star Chronicles 74,Simulation,Wildcat Interactive,Blue Horizon,PlayStation 5,Latin America,2021-10-01,2023-03-05,76.6,120,40.49,0.1,4858.8,274.68
S00757,G1037,Quantum Frontier 37,Shooter,Quantum Labs,Titan Publishing,PlayStation 4,North America,2025-08-01,2022-12-04,68.3,741,45.49,0.3,33708.09,1580.24
S01238,G1065,Iron Chronicles 65,Sports,Red Fox Studio,Nova Interactive,Xbox One,North America,2024-09-01,2025-05-07,,572,34.99,0.5,20014.28,1618.5
S00810,G1237,Quantum Warriors 237,Simulation,Northstar Dev,Silverline Studios,Nintendo Switch,Japan,2024-03-01,2024-11-02,89.1,1648,44.99,0.0,74143.52,4332.05
S00046,G1222,Shadow Warriors 222,Racing,Quantum Labs,Silverline Studios,PlayStation 5,Asia Pacific,2022-10-01,2022-03-25,93.3,2198,59.99,0.0,131858.02,6086.91
S02120,G1227,Rogue Warriors 227,RPG,Red Fox Studio,NextLevel Games,Nintendo Switch,Asia Pacific,2025-06-01,2023-05-26,73.2,2260,51.99,0.2,117497.4,6347.76
S01757,G1010,Mystic Legends 10,Shooter,Blue Oak Studio,Silverline Studios,PlayStation 4,Latin America,2023-11-01,2024-07-16,92.6,297,32.49,0.5,9649.53,1249.87
S00295,G1120,Eclipse Odyssey 120,Simulation,Wildcat Interactive,Arcadia Media,PlayStation 4,Asia Pacific,2022-02-01,2019-04-15,68.5,234,44.99,0.0,10527.66,532.84
S02184,G1160,Eclipse Reborn 160,Sports,Wildcat Interactive,Nova Interactive,Xbox One,Europe,2024-09-01,2019-03-02,,579,62.99,0.1,36471.21,4051.3
S02094,G1222,Shadow Warriors 222,Racing,Quantum Labs,Silverline Studios,Xbox One,Latin America,2025-05-01,2022-03-25,93.3,186,47.99,0.2,8926.14,629.46
S00565,G1233,Frozen Warriors 233,Strategy,Quantum Labs,Titan Publishing,PlayStation 5,Europe,2023-08-01,2022-12-07,69.7,1498,49.99,0.0,74885.02,3803.97
S00917,G1056,Legend Rising 56,Shooter,Quantum Labs,Arcadia Media,Xbox One,Japan,2023-10-01,2023-05-01,77.2,925,58.49,0.1,54103.25,5873.54
S01701,G1258,Storm Tactics 258,Adventure,Crystal Byte,Nova Interactive,PlayStation 5,North America,2024-03-01,2024-05-27,93.7,2467,49.49,0.1,122091.83,16374.76
S00437,G1041,Apex Rising 41,Racing,ShadowWorks,Silverline Studios,Nintendo Switch,Latin America,2022-08-01,2020-01-22,66.3,1119,41.99,0.3,46986.81,1437.43
S01556,G1018,Storm Legends 18,RPG,Red Fox Studio,PixelWorks,PlayStation 5,Europe,2023-05-01,2022-01-30,59.3,1651,64.99,0.0,107298.49,5753.21
S00394,G1117,Quantum Odyssey 117,Action,Digital Forge,Blue Horizon,PlayStation 5,North America,2024-06-01,2021-03-29,69.8,1792,59.99,0.0,107502.08,9830.27
S01669,G1233,Frozen Warriors 233,Strategy,Quantum Labs,Titan Publishing,PlayStation 5,Europe,2021-11-01,2022-12-07,69.7,1243,49.99,0.0,62137.57,5629.71
S00535,G1218,Storm Quest 218,Simulation,Blue Oak Studio,Silverline Studios,PlayStation 4,Latin America,2022-10-01,2022-03-14,59.9,567,40.49,0.1,22957.83,1174.77
S00031,G1144,Crystal Reborn 144,Adventure,Wildcat Interactive,Arcadia Media,PlayStation 5,Latin America,2023-08-01,2022-07-24,68.0,3841,54.99,0.0,211216.59,19447.9
S00611,G1250,Mystic Tactics 250,Simulation,Blue Oak Studio,PixelWorks,Nintendo Switch,Latin America,2024-12-01,2023-01-07,87.9,276,22.5,0.5,6210.0,253.6
S01333,G1128,Dragon Strike 128,RPG,Northstar Dev,NextLevel Games,Xbox Series X,North America,2024-05-01,2020-05-06,96.2,1969,64.99,0.0,127965.31,16063.12
S00930,G1074,Star Chronicles 74,Simulation,Wildcat Interactive,Blue Horizon,Xbox Series X,Europe,2024-12-01,2023-03-05,76.6,2911,22.5,0.5,65497.5,6142.31
S01858,G1200,Eclipse Revolution 200,Action,Digital Forge,PixelWorks,Nintendo Switch,North America,2022-11-01,2022-03-14,67.8,4283,53.99,0.1,231239.17,10216.72
S01857,G1096,Legend Arena 96,Adventure,Red Fox Studio,PixelWorks,Nintendo Switch,North America,2025-07-01,2021-05-11,74.0,1014,43.99,0.2,44605.86,3959.51
S02050,G1015,Urban Legends 15,RPG,Sunrise Labs,Blue Horizon,PlayStation 5,North America,2023-03-01,2021-06-29,84.6,705,64.99,0.0,45817.95,5404.64
S00950,G1151,Titan Reborn 151,Adventure,Blue Oak Studio,Arcadia Media,Xbox One,Japan,2023-07-01,2024-06-19,68.1,253,54.99,0.0,13912.47,1077.33
S00345,G1091,Titan Arena 91,Action,Red Fox Studio,NextLevel Games,Xbox Series X,Asia Pacific,2024-09-01,2021-11-26,,577,53.99,0.1,31152.23,2602.56
S00557,G1141,Apex Reborn 141,Action,Orbit Games,Vertex Entertainment,Xbox One,Europe,2021-02-01,2021-11-25,93.7,329,59.99,0.0,19736.71,2498.49
S02046,G1046,Solar Rising 46,Racing,Moonlight Games,Silverline Studios,Nintendo Switch,Europe,2023-09-01,2022-07-11,75.0,711,59.99,0.0,42652.89,2936.37
S00353,G1208,Dragon Quest 208,RPG,Digital Forge,Silverline Studios,PlayStation 5,Asia Pacific,2022-04-01,2022-12-01,,914,64.99,0.0,59400.86,6956.45
S00092,G1222,Shadow Warriors 222,Racing,Quantum Labs,Silverline Studios,Xbox One,Europe,2025-11-01,2022-03-25,93.3,2520,59.99,0.0,151174.8,20284.3
S00839,G1053,Frozen Rising 53,Adventure,Sunrise Labs,Vertex Entertainment,Xbox One,Latin America,2022-09-01,2022-08-24,86.5,571,43.99,0.2,25118.29,1032.75
S01721,G1197,Quantum Revolution 197,Sports,Orbit Games,Silverline Studios,Nintendo Switch,Japan,2021-02-01,2023-05-26,54.1,435,62.99,0.1,27400.65,1769.53
S00924,G1120,Eclipse Odyssey 120,Simulation,Wildcat Interactive,Arcadia Media,PlayStation 5,Japan,2023-07-01,2019-04-15,68.5,0,40.49,0.1,0.0,1168.5
S01641,G1149,Velocity Reborn 149,Simulation,Digital Forge,Vertex Entertainment,Xbox One,Europe,2025-04-01,2021-01-06,77.5,1111,44.99,0.0,49983.89,5047.24
S00262,G1113,Frozen Odyssey 113,Action,Orbit Games,NextLevel Games,Nintendo Switch,Japan,2022-08-01,2019-11-26,84.8,1711,41.99,0.3,71844.89,2784.74
S02087,G1182,Shadow Revolution 182,Action,Sunrise Labs,Silverline Studios,PlayStation 5,Asia Pacific,2023-02-01,2024-09-02,83.3,881,59.99,0.0,52851.19,6508.26
S00953,G1009,Velocity Legends 9,Strategy,Sunrise Labs,NextLevel Games,Nintendo Switch,Asia Pacific,2025-11-01,2024-10-17,68.4,621,39.99,0.2,24833.79,2024.53
S01950,G1185,Iron Revolution 185,Shooter,Orbit Games,Vertex Entertainment,Xbox One,Europe,2022-11-01,2020-03-24,64.6,1895,51.99,0.2,98521.05,5982.69
S00568,G1217,Quantum Quest 217,Simulation,Iron Pixel,Vertex Entertainment,PC,Japan,2021-07-01,2023-08-03,71.4,881,35.99,0.2,31707.19,3479.51
S00680,G1166,Solar Origins 166,Strategy,Crystal Byte,Nova Interactive,Nintendo Switch,Europe,2025-06-01,2019-10-20,82.0,1310,44.99,0.1,58936.9,5459.19
S01260,G1126,Solar Strike 126,Strategy,Quantum Labs,Titan Publishing,Xbox Series X,North America,2024-11-01,2020-01-23,,866,44.99,0.1,38961.34,5231.98
S00696,G1183,Neon Revolution 183,Adventure,Quantum Labs,NextLevel Games,Nintendo Switch,North America,2022-02-01,2025-04-08,75.5,2604,54.99,0.0,143193.96,8025.89
S00811,G1158,Storm Reborn 158,Sports,Quantum Labs,Arcadia Media,Xbox One,Asia Pacific,2021-01-01,2022-05-16,84.6,199,69.99,0.0,13928.01,660.86
S01919,G1259,Kingdom Tactics 259,Simulation,Red Fox Studio,Titan Publishing,Xbox Series X,Europe,2022-05-01,2021-12-21,83.2,515,44.99,0.0,23169.85,1687.38
S00301,G1254,Star Tactics 254,Racing,Digital Forge,PixelWorks,Nintendo Switch,Europe,2022-09-01,2025-03-27,,1334,53.99,0.1,72022.66,6094.73
S01147,G1042,Shadow Rising 42,RPG,Crystal Byte,Silverline Studios,Xbox Series X,Latin America,2021-10-01,2023-05-03,75.7,829,58.49,0.1,48488.21,
S01420,G1255,Urban Tactics 255,Action,Moonlight Games,Titan Publishing,PC,Latin America,2025-08-01,2023-12-05,64.3,926,59.99,0.0,55550.74,4559.76
S00316,G1144,Crystal Reborn 144,Adventure,Wildcat Interactive,Arcadia Media,Xbox One,Japan,2024-06-01,2022-07-24,68.0,235,49.49,0.1,11630.15,728.31
S01615,G1258,Storm Tactics 258,Adventure,Crystal Byte,Nova Interactive,PlayStation 4,Europe,2021-04-01,2024-05-27,93.7,0,54.99,0.0,0.0,3894.03
S00454,G1098,Storm Arena 98,Racing,Wildcat Interactive,NextLevel Games,Nintendo Switch,Japan,2023-12-01,2022-03-09,73.5,842,53.99,0.1,45459.58,4685.73
S00176,G1013,Frozen Legends 13,Adventure,Digital Forge,Nova Interactive,PlayStation 4,North America,2022-07-01,2021-07-08,74.5,227,54.99,0.0,12482.73,773.51
S02065,G1048,Dragon Rising 48,Adventure,Quantum Labs,Nova Interactive,Xbox Series X,Latin America,2023-04-01,2022-07-06,,308,49.49,0.1,15242.92,686.5
S02178,G1015,Urban Legends 15,RPG,Sunrise Labs,Blue Horizon,PlayStation 5,Europe,2022-08-01,2021-06-29,84.6,1230,58.49,0.1,71942.7,5952.39
S01904,G1002,Shadow Legends 2,Strategy,Red Fox Studio,PixelWorks,Xbox Series X,North America,2025-06-01,2023-02-05,88.3,1061,49.99,0.0,53039.39,2871.63
S00124,G1028,Dragon Frontier 28,Shooter,Quantum Labs,Titan Publishing,PlayStation 5,Latin America,2023-02-01,2023-12-26,75.5,1068,58.49,0.1,62467.32,7139.21
S00889,G1125,Iron Strike 125,Shooter,ShadowWorks,NextLevel Games,Nintendo Switch,North America,2025-10-01,2019-03-27,79.8,2595,64.99,0.0,168649.05,21078.59
S00395,G1135,Urban Strike 135,Strategy,Digital Forge,Titan Publishing,Xbox Series X,Japan,2024-10-01,2023-12-28,77.8,668,44.99,0.1,30053.32,3570.61
S00904,G1184,Crystal Revolution 184,Strategy,Sunrise Labs,Vertex Entertainment,PlayStation 5,Asia Pacific,2024-08-01,2021-05-17,,977,49.99,0.0,48840.23,2770.39
S01751,G1014,Star Legends 14,Sports,Quantum Labs,Nova Interactive,Xbox One,Latin America,2024-04-01,2024-01-16,75.2,375,55.99,0.2,20996.25,2770.03
S00040,G1088,Dragon Arena 88,Racing,Moonlight Games,Arcadia Media,PlayStation 5,Asia Pacific,2024-07-01,2020-04-27,75.6,1447,47.99,0.2,69441.53,3473.48
S00463,G1072,Cyber Chronicles 72,Adventure,Quantum Labs,Silverline Studios,PC,Asia Pacific,2021-07-01,2024-11-13,66.9,1390,54.99,0.0,76436.1,6479.69
S01424,G1205,Iron Quest 205,Adventure,ShadowWorks,Arcadia Media,Xbox One,Asia Pacific,2022-11-01,2019-01-27,47.6,203,43.99,0.2,8929.97,656.75
S00687,G1146,Solar Reborn 146,Action,Northstar Dev,Nova Interactive,Nintendo Switch,North America,2024-01-01,2024-09-21,67.2,3353,59.99,0.0,201146.47,8076.91
S00332,G1117,Quantum Odyssey 117,Action,Digital Forge,Blue Horizon,PC,Europe,2025-01-01,2021-03-29,69.8,979,41.99,0.3,41108.21,4230.31
S00195,G1231,Titan Warriors 231,Shooter,Sunrise Labs,Blue Horizon,Nintendo Switch,Latin America,2023-03-01,2020-01-05,40.2,3751,45.49,0.3,170632.99,11455.79
S02093,G1085,Iron Arena 85,Adventure,,Silverline Studios,PlayStation 5,Latin America,2024-04-01,2021-04-19,81.4,597,49.49,0.1,29545.53,1008.89
S00323,G1228,Dragon Warriors 228,Shooter,Crystal Byte,PixelWorks,Xbox One,North America,2024-07-01,2022-11-21,80.4,1299,64.99,0.0,84422.01,5479.82
S00267,G1150,Mystic Reborn 150,RPG,Moonlight Games,Vertex Entertainment,Nintendo Switch,Asia Pacific,2024-02-01,2019-12-20,78.9,723,45.49,0.3,32889.27,3638.28
S01953,G1033,Frozen Frontier 33,Shooter,Moonlight Games,Arcadia Media,Xbox One,Latin America,2022-11-01,2019-11-24,94.5,267,64.99,0.0,17352.33,1747.5
S00580,G1123,Neon Strike 123,Racing,Quantum Labs,Arcadia Media,Xbox One,North America,2025-08-01,2020-04-10,72.6,360,53.99,0.1,19436.4,2696.53
S01575,G1240,Eclipse Warriors 240,Sports,Digital Forge,Nova Interactive,PlayStation 5,Asia Pacific,2021-04-01,2021-07-29,66.4,1203,55.99,0.2,67355.97,8617.87
S01726,G1026,Solar Frontier 26,RPG,Red Fox Studio,PixelWorks,Nintendo Switch,Europe,2022-05-01,2023-02-07,71.2,560,45.49,0.3,25474.4,1658.35
S00942,G1045,Iron Rising 45,Shooter,Digital Forge,Titan Publishing,PlayStation 4,North America,2023-01-01,2023-07-18,71.9,2039,64.99,0.0,132514.61,5292.6
S01969,G1229,Velocity Warriors 229,Action,Blue Oak Studio,Blue Horizon,Xbox Series X,Europe,2022-01-01,2019-03-30,73.5,293,47.99,0.2,14061.07,702.51
S01135,G1205,Iron Quest 205,Adventure,ShadowWorks,Arcadia Media,PC,Latin America,2025-10-01,2019-01-27,47.6,917,54.99,0.0,50425.83,2144.32
S01256,G1154,Star Reborn 154,Sports,ShadowWorks,Silverline Studios,PlayStation 5,Latin America,2024-02-01,2024-08-30,91.4,147,62.99,0.1,9259.53,1283.77
S01134,G1112,Cyber Odyssey 112,Action,Red Fox Studio,Titan Publishing,PlayStation 5,Latin America,2021-07-01,2025-01-26,77.8,229,59.99,0.0,13737.71,418.59
S02167,G1260,Eclipse Tactics 260,Racing,Orbit Games,Arcadia Media,PlayStation 4,Japan,2024-03-01,2020-05-27,71.3,424,47.99,0.2,20347.76,1118.84
S02123,G1154,Star Reborn 154,Sports,ShadowWorks,Silverline Studios,Xbox Series X,Asia Pacific,2022-11-01,2024-08-30,91.4,2476,55.99,0.2,138631.24,13242.99
S01936,G1028,Dragon Frontier 28,Shooter,Quantum Labs,Titan Publishing,PC,Asia Pacific,2021-09-01,2023-12-26,75.5,778,58.49,0.1,45505.22,1685.87
S00573,G1231,Titan Warriors 231,Shooter,Sunrise Labs,Blue Horizon,PlayStation 4,Asia Pacific,2021-12-01,2020-01-05,40.2,1461,64.99,0.0,94950.39,6501.48
S01814,G1101,Apex Odyssey 101,Simulation,Sunrise Labs,Titan Publishing,Xbox One,Latin America,2021-04-01,2022-05-11,62.1,2629,44.99,0.0,118278.71,6728.39
S01870,G1195,Urban Revolution 195,Action,Iron Pixel,Nova Interactive,Nintendo Switch,Europe,2021-07-01,2024-08-27,69.5,971,41.99,0.3,40772.29,1759.21
S01891,G1037,Quantum Frontier 37,Shooter,Quantum Labs,Titan Publishing,PlayStation 4,Japan,2022-02-01,2022-12-04,68.3,754,64.99,0.0,49002.46,5609.8
S01562,G1053,Frozen Rising 53,Adventure,Sunrise Labs,Vertex Entertainment,Xbox Series X,Latin America,2023-04-01,2022-08-24,86.5,573,54.99,0.0,31509.27,2702.98
S01670,G1188,Dragon Revolution 188,Action,Moonlight Games,NextLevel Games,Xbox Series X,North America,2023-05-01,2019-08-05,84.5,3594,47.99,0.2,172476.06,7359.94
S01112,G1097,Quantum Arena 97,Shooter,Wildcat Interactive,Vertex Entertainment,Nintendo Switch,North America,2024-08-01,2021-07-20,,4186,58.49,0.1,244839.14,17768.81
S01177,G1142,Shadow Reborn 142,RPG,Moonlight Games,Titan Publishing,PlayStation 4,Europe,2022-07-01,2019-10-20,76.8,320,58.49,0.1,18716.8,1053.99
S01677,G1012,Cyber Legends 12,Racing,Quantum Labs,PixelWorks,PC,Europe,2025-12-01,2024-01-08,,942,59.99,0.0,56510.58,5348.29
S01085,G1011,Titan Legends 11,Action,Wildcat Interactive,NextLevel Games,Xbox One,Japan,2023-08-01,2023-10-13,75.2,268,59.99,0.0,16077.32,1431.11
S01511,G1098,Storm Arena 98,Racing,Wildcat Interactive,NextLevel Games,PC,Europe,2024-10-01,2022-03-09,73.5,376,53.99,0.1,20300.24,656.81
S01282,G1138,Storm Strike 138,Racing,Red Fox Studio,Silverline Studios,Xbox One,Latin America,2022-10-01,2023-09-18,,81,47.99,0.2,3887.19,250.04
S00756,G1056,Legend Rising 56,Shooter,Quantum Labs,Arcadia Media,PlayStation 5,Latin America,2021-10-01,2023-05-01,77.2,382,64.99,0.0,24826.18,2805.64
S00366,G1117,Quantum Odyssey 117,Action,Digital Forge,Blue Horizon,Xbox One,Latin America,2023-09-01,2021-03-29,69.8,238,41.99,0.3,9993.62,1380.84
S01226,G1223,Neon Warriors 223,Action,Quantum Labs,NextLevel Games,PlayStation 4,Japan,2022-05-01,2023-06-14,,297,53.99,0.1,16035.03,818.07
S01932,G1098,Storm Arena 98,Racing,Wildcat Interactive,NextLevel Games,PlayStation 5,Latin America,2021-05-01,2022-03-09,73.5,203,41.99,0.3,8523.97,936.21
S00862,G1112,Cyber Odyssey 112,Action,Red Fox Studio,Titan Publishing,PC,Europe,2024-09-01,2025-01-26,77.8,1597,59.99,0.0,95804.03,3413.88
S01069,G1156,Legend Reborn 156,Shooter,Wildcat Interactive,PixelWorks,Xbox One,Asia Pacific,2025-10-01,2021-02-18,72.6,963,64.99,0.0,62585.37,4683.96
S00584,G1181,Apex Revolution 181,Action,Moonlight Games,PixelWorks,Xbox Series X,North America,2022-03-01,2020-03-20,85.5,1628,59.99,0.0,97663.72,5407.37
S01585,G1005,Iron Legends 5,RPG,Quantum Labs,Nova Interactive,Nintendo Switch,Japan,2023-01-01,2021-10-12,78.0,3152,64.99,0.0,204848.48,26033.5
S02057,G1246,Solar Tactics 246,Strategy,Sunrise Labs,Nova Interactive,Xbox One,Japan,2021-10-01,2020-03-18,98.0,372,49.99,0.0,18596.28,1379.38
S00850,G1056,Legend Rising 56,Shooter,Quantum Labs,Arcadia Media,Xbox Series X,Asia Pacific,2023-10-01,2023-05-01,77.2,1344,58.49,0.1,78610.56,10986.67
S02124,G1075,Urban Chronicles 75,Shooter,Wildcat Interactive,Arcadia Media,PlayStation 5,Europe,2023-12-01,2019-03-19,74.3,1091,64.99,0.0,70904.09,6818.18
S01607,G1054,Star Rising 54,Simulation,Blue Oak Studio,Nova Interactive,Xbox Series X,North America,2021-04-01,2020-08-13,77.0,508,31.49,0.3,15996.92,1148.61
S00813,G1212,Cyber Quest 212,Racing,Digital Forge,Vertex Entertainment,PC,Europe,2025-04-01,2022-12-21,67.9,1804,47.99,0.2,86573.96,6208.73
S00737,G1223,Neon Warriors 223,Action,Quantum Labs,NextLevel Games,PlayStation 4,Asia Pacific,2024-08-01,2023-06-14,,1062,53.99,0.1,57337.38,2485.66
S01088,G1186,Solar Revolution 186,Simulation,Quantum Labs,Arcadia Media,PlayStation 4,Japan,2022-12-01,2024-02-21,73.0,188,44.99,0.0,8458.12,595.75
S00319,G1175,Urban Origins 175,Sports,ShadowWorks,Arcadia Media,PlayStation 4,Japan,2023-01-01,2023-01-26,73.6,1505,62.99,0.1,94799.95,10883.28
S00927,G1107,Rogue Odyssey 107,RPG,ShadowWorks,Arcadia Media,PlayStation 5,Japan,2022-10-01,2021-03-12,67.1,2419,58.49,0.1,141487.31,7755.9
S02074,G1167,Rogue Origins 167,Shooter,Wildcat Interactive,PixelWorks,PlayStation 5,North America,2024-01-01,2023-08-02,,3852,58.49,0.1,225303.48,22916.27
S01773,G1124,Crystal Strike 124,Adventure,Red Fox Studio,Blue Horizon,PlayStation 4,Latin America,2022-01-01,2021-06-01,69.5,705,49.49,0.1,34890.45,2372.0
S00809,G1258,Storm Tactics 258,Adventure,Crystal Byte,Nova Interactive,PlayStation 5,Latin America,2024-08-01,2024-05-27,93.7,384,43.99,0.2,16892.16,594.15
S01886,G1033,Frozen Frontier 33,Shooter,Moonlight Games,Arcadia Media,PC,Japan,2025-09-01,2019-11-24,94.5,222,64.99,0.0,14427.78,927.34
S00344,G1163,Neon Origins 163,Strategy,Northstar Dev,Silverline Studios,PC,North America,2021-09-01,2019-08-05,54.7,1223,49.99,0.0,61137.77,5691.02
S00399,G1091,Titan Arena 91,Action,Red Fox Studio,NextLevel Games,Nintendo Switch,Latin America,2023-07-01,2021-11-26,,1402,53.99,0.1,75693.98,4609.61
S00585,G1010,Mystic Legends 10,Shooter,Blue Oak Studio,Silverline Studios,PC,North America,2021-10-01,2024-07-16,92.6,2441,64.99,0.0,158640.59,15464.98
S01703,G1158,Storm Reborn 158,Sports,Quantum Labs,Arcadia Media,Xbox Series X,Latin America,2022-11-01,2022-05-16,84.6,1027,62.99,0.1,64690.73,5032.14
S00293,G1091,Titan Arena 91,Action,Red Fox Studio,NextLevel Games,Nintendo Switch,Latin America,2024-05-01,2021-11-26,,259,53.99,0.1,13983.41,1759.22
S01345,G1241,Apex Tactics 241,RPG,Northstar Dev,Arcadia Media,PC,Europe,2024-10-01,2025-06-12,74.1,851,58.49,0.1,49774.99,6187.76
S01103,G1040,Eclipse Frontier 40,Sports,Wildcat Interactive,Arcadia Media,Nintendo Switch,North America,2022-03-01,2020-12-22,74.7,2054,69.99,0.0,143759.46,16522.73
S01160,G1125,Iron Strike 125,Shooter,ShadowWorks,NextLevel Games,PC,Asia Pacific,2021-02-01,2019-03-27,79.8,873,64.99,0.0,56736.27,3173.58
S00142,G1001,Apex Legends 1,Racing,Digital Forge,Titan Publishing,PC,North America,2021-04-01,2022-03-07,62.1,2195,47.99,0.2,105338.05,11467.6
S01005,G1025,Iron Frontier 25,Simulation,Quantum Labs,Vertex Entertainment,PlayStation 5,Asia Pacific,2024-03-01,2025-01-01,74.3,1225,31.49,0.3,38575.25,1588.26
S00003,G1196,Legend Revolution 196,Strategy,Moonlight Games,Arcadia Media,PlayStation 5,Europe,2021-12-01,2021-11-17,56.7,1044,49.99,0.0,52189.56,5773.77
S00577,G1022,Shadow Frontier 22,Adventure,Sunrise Labs,Vertex Entertainment,PlayStation 5,Asia Pacific,2024-10-01,2019-12-12,77.0,266,49.49,0.1,13164.34,1533.95
S01534,G1123,Neon Strike 123,Racing,Quantum Labs,Arcadia Media,PlayStation 5,Japan,2021-09-01,2020-04-10,72.6,299,59.99,0.0,17937.01,1999.63
S00340,G1019,Kingdom Legends 19,Strategy,Red Fox Studio,Blue Horizon,Xbox Series X,North America,2021-06-01,2023-05-26,73.5,1757,25.0,0.5,43925.0,5039.32
S00875,G1022,Shadow Frontier 22,Adventure,Sunrise Labs,Vertex Entertainment,PC,North America,2025-03-01,2019-12-12,77.0,1272,54.99,0.0,69947.28,9624.17
S00266,G1239,Kingdom Warriors 239,Action,Orbit Games,Arcadia Media,PC,Latin America,2023-04-01,2021-09-07,70.4,444,59.99,0.0,26635.56,3146.41
S00377,G1019,Kingdom Legends 19,Strategy,Red Fox Studio,Blue Horizon,PlayStation 4,North America,2023-03-01,2023-05-26,73.5,716,39.99,0.2,28632.84,2144.85
S01929,G1107,Rogue Odyssey 107,RPG,ShadowWorks,Arcadia Media,PlayStation 5,North America,2021-10-01,2021-03-12,67.1,829,64.99,0.0,53876.71,6882.97
S00440,G1140,Eclipse Strike 140,Shooter,Red Fox Studio,Vertex Entertainment,PC,Europe,2021-07-01,2022-03-25,72.6,1780,64.99,0.0,115682.2,4701.85
S00272,G1018,Storm Legends 18,RPG,Red Fox Studio,PixelWorks,PlayStation 4,North America,2024-12-01,2022-01-30,59.3,3488,64.99,0.0,226685.12,13712.93
S00245,G1207,Rogue Quest 207,Strategy,Orbit Games,PixelWorks,PlayStation 4,Asia Pacific,2021-06-01,2023-05-22,61.4,738,49.99,0.0,36892.62,3786.49
S01437,G1035,Urban Frontier 35,Action,Red Fox Studio,Vertex Entertainment,PC,Asia Pacific,2025-07-01,2021-05-06,,2625,41.99,0.3,110223.75,9283.57
S01274,G1042,Shadow Rising 42,RPG,Crystal Byte,Silverline Studios,Xbox Series X,Latin America,2024-05-01,2023-05-03,75.7,393,51.99,0.2,20432.07,2553.39
S00817,G1085,Iron Arena 85,Adventure,Wildcat Interactive,Silverline Studios,PC,North America,2022-11-01,2021-04-19,81.4,929,54.99,0.0,51085.71,2587.6
S01565,G1216,Legend Quest 216,Racing,Iron Pixel,PixelWorks,PC,Asia Pacific,2021-11-01,2025-03-17,70.2,654,53.99,0.1,35309.46,4746.95
S00608,G1216,Legend Quest 216,Racing,Iron Pixel,PixelWorks,Xbox One,Asia Pacific,2025-04-01,2025-03-17,70.2,448,53.99,0.1,24187.52,2421.58
S00416,G1149,Velocity Reborn 149,Simulation,Digital Forge,Vertex Entertainment,Xbox One,Asia Pacific,2022-03-01,2021-01-06,77.5,678,22.5,0.5,15255.0,504.77
S00274,G1184,Crystal Revolution 184,Strategy,Sunrise Labs,Vertex Entertainment,Nintendo Switch,Latin America,2025-09-01,2021-05-17,,1978,49.99,0.0,98880.22,13214.78
S01976,G1015,Urban Legends 15,RPG,Sunrise Labs,Blue Horizon,Nintendo Switch,Europe,2022-07-01,2021-06-29,84.6,4947,64.99,0.0,321505.53,16900.73
S00251,G1042,Shadow Rising 42,RPG,Crystal Byte,Silverline Studios,PlayStation 4,Japan,2025-09-01,2023-05-03,75.7,344,51.99,0.2,17884.56,1996.39
S00414,G1024,Crystal Frontier 24,Strategy,Northstar Dev,Vertex Entertainment,PlayStation 4,Japan,2024-01-01,2025-04-20,63.3,434,49.99,0.0,21695.66,1609.34
S01293,G1187,Rogue Revolution 187,Action,ShadowWorks,Nova Interactive,Nintendo Switch,Japan,2023-07-01,2020-05-19,84.1,557,41.99,0.3,23388.43,2446.03
S01547,G1067,Rogue Chronicles 67,Strategy,Quantum Labs,Vertex Entertainment,Nintendo Switch,Europe,2025-05-01,2022-09-02,87.3,1913,49.99,0.0,95630.87,12253.71
S00311,G1194,Star Revolution 194,Action,Northstar Dev,Arcadia Media,PlayStation 5,Europe,2022-06-01,2024-05-08,69.7,874,59.99,0.0,52431.26,3511.78
S00782,G1257,Quantum Tactics 257,Simulation,Northstar Dev,Titan Publishing,Xbox One,Asia Pacific,2023-10-01,2021-06-17,82.9,229,35.99,0.2,8241.71,989.64
S00766,G1144,Crystal Reborn 144,Adventure,Wildcat Interactive,Arcadia Media,PC,Latin America,2022-10-01,2022-07-24,68.0,304,54.99,0.0,16716.96,2270.58
S00426,G1221,Apex Warriors 221,Adventure,Red Fox Studio,Titan Publishing,PlayStation 5,Latin America,2021-04-01,2020-02-28,71.6,951,54.99,0.0,52295.49,5897.51
S02135,G1142,Shadow Reborn 142,RPG,Moonlight Games,Titan Publishing,PlayStation 4,Asia Pacific,2025-06-01,2019-10-20,76.8,449,51.99,0.2,23343.51,1877.14
S00840,G1255,Urban Tactics 255,Action,Moonlight Games,Titan Publishing,Xbox One,Europe,2023-08-01,2023-12-05,64.3,825,47.99,0.2,39591.75,2634.77
S01926,G1178,Storm Origins 178,Shooter,Wildcat Interactive,PixelWorks,PlayStation 4,North America,2024-10-01,2023-05-08,,2384,64.99,0.0,154936.16,8848.92
S01603,G1132,Cyber Strike 132,Action,Digital Forge,NextLevel Games,PC,Japan,2022-05-01,2019-06-01,63.2,631,59.99,0.0,37853.69,2768.59
S00966,G1087,Rogue Arena 87,Adventure,Sunrise Labs,Vertex Entertainment,PlayStation 5,Asia Pacific,2021-09-01,2025-04-24,98.0,591,49.49,0.1,29248.59,1511.07
S01640,G1051,Titan Rising 51,Strategy,ShadowWorks,Blue Horizon,Xbox One,Latin America,2025-01-01,2024-10-14,80.3,518,49.99,0.0,25894.82,2738.68
S01513,G1220,Eclipse Quest 220,Sports,Quantum Labs,PixelWorks,PlayStation 4,Latin America,2022-07-01,2024-07-16,80.2,508,69.99,0.0,35554.92,1654.04
S00527,G1006,Solar Legends 6,Strategy,Crystal Byte,PixelWorks,Nintendo Switch,Europe,2022-09-01,2023-02-04,55.5,1030,34.99,0.3,36039.7,4109.52
S02187,G1161,Apex Origins 161,Strategy,Northstar Dev,Silverline Studios,PlayStation 4,Japan,2024-03-01,2025-02-28,66.8,564,44.99,0.1,25374.36,2702.65
S00894,G1014,Star Legends 14,Sports,Quantum Labs,Nova Interactive,Xbox One,Japan,2025-06-01,2024-01-16,75.2,228,69.99,0.0,15957.72,800.55
S00183,G1224,Crystal Warriors 224,RPG,Crystal Byte,Silverline Studios,PC,Latin America,2023-11-01,2022-11-13,44.4,516,58.49,0.1,30180.84,1053.59
S00171,G1142,Shadow Reborn 142,RPG,Moonlight Games,Titan Publishing,PlayStation 5,Latin America,2021-01-01,2019-10-20,76.8,5196,64.99,0.0,337688.04,23474.27
S00998,G1195,Urban Revolution 195,Action,Iron Pixel,Nova Interactive,PlayStation 4,Europe,2024-05-01,2024-08-27,69.5,272,47.99,0.2,13053.28,416.3
S01434,G1069,Velocity Chronicles 69,Action,Red Fox Studio,Arcadia Media,PC,North America,2024-01-01,2024-05-14,69.3,380,59.99,0.0,22796.2,1690.58
S00188,G1194,Star Revolution 194,Action,Northstar Dev,Arcadia Media,Xbox Series X,Asia Pacific,2023-06-01,2024-05-08,69.7,1164,59.99,0.0,69828.36,5766.36
S00620,G1152,Cyber Reborn 152,Adventure,Sunrise Labs,NextLevel Games,Xbox Series X,Latin America,2022-01-01,2021-06-24,81.7,1755,49.49,0.1,86854.95,5364.0
S02007,G1195,Urban Revolution 195,Action,Iron Pixel,Nova Interactive,Xbox One,Latin America,2024-09-01,2024-08-27,69.5,257,53.99,0.1,13875.43,789.22
S00159,G1044,Crystal Rising 44,Simulation,Wildcat Interactive,Silverline Studios,Nintendo Switch,Japan,2021-01-01,2020-05-30,74.1,849,35.99,0.2,30555.51,1032.27
S00880,G1110,Mystic Odyssey 110,Shooter,ShadowWorks,PixelWorks,Xbox One,North America,2023-09-01,2024-10-07,88.1,410,58.49,0.1,23980.9,1495.14
S00273,G1134,Star Strike 134,Action,Orbit Games,Silverline Studios,Xbox Series X,Latin America,2023-09-01,2020-04-02,67.2,1666,59.99,0.0,99943.34,13047.4
S00615,G1146,Solar Reborn 146,Action,Northstar Dev,Nova Interactive,PlayStation 4,North America,2023-04-01,2024-09-21,67.2,1329,53.99,0.1,71752.71,2601.62
S01834,G1172,Cyber Origins 172,Simulation,Crystal Byte,Titan Publishing,Xbox One,Asia Pacific,2023-04-01,2021-02-13,58.4,3784,44.99,0.0,170242.16,23699.0
S01890,G1040,Eclipse Frontier 40,Sports,Wildcat Interactive,Arcadia Media,Nintendo Switch,Asia Pacific,2024-11-01,2020-12-22,74.7,480,62.99,0.1,30235.2,3040.94
S01954,G1248,Dragon Tactics 248,Shooter,Sunrise Labs,Arcadia Media,Xbox Series X,Asia Pacific,2022-03-01,2020-04-04,84.1,3434,58.49,0.1,200854.66,10791.25
S00372,G1033,Frozen Frontier 33,Shooter,Moonlight Games,Arcadia Media,Nintendo Switch,North America,2025-04-01,2019-11-24,94.5,3246,51.99,0.2,168759.54,8193.63
S00223,G1138,Storm Strike 138,Racing,Red Fox Studio,Silverline Studios,Xbox One,Latin America,2021-03-01,2023-09-18,,349,47.99,0.2,16748.51,1738.01
S00594,G1189,Velocity Revolution 189,Shooter,Quantum Labs,Titan Publishing,PC,Asia Pacific,2022-10-01,2020-09-30,87.7,1750,58.49,0.1,102357.5,7131.5
S02131,G1153,Frozen Reborn 153,Simulation,Digital Forge,Silverline Studios,Xbox One,Europe,2022-05-01,2020-07-03,67.5,235,22.5,0.5,5287.5,692.97
S00768,G1204,Crystal Quest 204,Shooter,Wildcat Interactive,PixelWorks,Xbox One,Japan,2022-04-01,2019-10-25,85.5,1054,32.49,0.5,34244.46,1919.33
S01913,G1109,Velocity Odyssey 109,Simulation,Northstar Dev,Vertex Entertainment,Xbox One,Asia Pacific,2024-02-01,2023-08-31,73.8,1165,35.99,0.2,41928.35,1552.19
S00137,G1111,Titan Odyssey 111,Racing,Moonlight Games,PixelWorks,PlayStation 4,Asia Pacific,2025-01-01,2019-07-07,69.7,1767,47.99,0.2,84798.33,2656.44
S00519,G1175,Urban Origins 175,Sports,ShadowWorks,Arcadia Media,Xbox One,Latin America,2021-11-01,2023-01-26,73.6,755,69.99,0.0,52842.45,6498.24
S00846,G1223,Neon Warriors 223,Action,Quantum Labs,NextLevel Games,PlayStation 5,Japan,2025-04-01,2023-06-14,,1065,59.99,0.0,63889.35,3388.74
S00335,G1004,Crystal Legends 4,Racing,Orbit Games,PixelWorks,Xbox One,Latin America,2025-11-01,2024-05-02,,262,47.99,0.2,12573.38,1687.96
S01030,G1137,Quantum Strike 137,Adventure,Orbit Games,Silverline Studios,PC,Asia Pacific,2021-10-01,2021-05-19,,2688,43.99,0.2,118245.12,5195.84
S01375,G1204,Crystal Quest 204,Shooter,Wildcat Interactive,PixelWorks,PC,Asia Pacific,2023-04-01,2019-10-25,85.5,2931,64.99,0.0,190485.69,17225.79
S01246,G1073,Frozen Chronicles 73,Strategy,Digital Forge,Silverline Studios,Xbox Series X,Latin America,2025-04-01,2025-02-27,78.9,0,49.99,0.0,0.0,873.1
S00832,G1187,Rogue Revolution 187,Action,ShadowWorks,Nova Interactive,Xbox One,Europe,2021-05-01,2020-05-19,84.1,1823,53.99,0.1,98423.77,7033.77
S00711,G1181,Apex Revolution 181,Action,Moonlight Games,PixelWorks,Xbox Series X,Japan,2023-05-01,2020-03-20,85.5,357,30.0,0.5,10710.0,591.16
S00016,G1170,Mystic Origins 170,Action,Sunrise Labs,Vertex Entertainment,PlayStation 4,North America,2022-03-01,2021-03-13,83.8,1674,41.99,0.3,70291.26,3400.5
S00943,G1108,Dragon Odyssey 108,Adventure,Wildcat Interactive,Silverline Studios,PC,Latin America,2023-08-01,2019-11-23,98.0,926,49.49,0.1,45827.74,2176.18
S01104,G1219,Kingdom Quest 219,Shooter,ShadowWorks,PixelWorks,PlayStation 4,North America,2022-08-01,2020-09-25,81.5,613,64.99,0.0,39838.87,1775.85
S01823,G1162,Shadow Origins 162,Racing,Iron Pixel,Silverline Studios,PlayStation 5,North America,2022-06-01,2020-03-08,,581,47.99,0.2,27882.19,2254.91
S01997,G1055,Urban Rising 55,Strategy,Blue Oak Studio,Vertex Entertainment,Xbox Series X,Japan,2022-07-01,2021-12-02,55.4,1727,44.99,0.1,77697.73,7730.86
S00571,G1187,Rogue Revolution 187,Action,ShadowWorks,Nova Interactive,Xbox One,Europe,2022-10-01,2020-05-19,84.1,341,59.99,0.0,20456.59,2186.91
S00655,G1214,Star Quest 214,Strategy,,Blue Horizon,PlayStation 5,Japan,2023-01-01,2023-01-20,,913,49.99,0.0,45640.87,5379.16
S00837,G1160,Eclipse Reborn 160,Sports,Wildcat Interactive,Nova Interactive,PlayStation 4,North America,2022-09-01,2019-03-02,,1300,69.99,0.0,90987.0,3367.9
S01287,G1211,Titan Quest 211,RPG,Sunrise Labs,Titan Publishing,Xbox One,North America,2023-05-01,2023-04-26,,801,45.49,0.3,36437.49,1728.15
S00466,G1198,Storm Revolution 198,Sports,ShadowWorks,Nova Interactive,PlayStation 4,North America,2021-06-01,2023-11-04,58.5,5258,69.99,0.0,368007.42,44445.63
S01051,G1100,Eclipse Arena 100,Adventure,Blue Oak Studio,NextLevel Games,Nintendo Switch,Latin America,2024-05-01,2021-06-16,85.6,913,27.5,0.5,25107.5,1060.69
S00200,G1004,Crystal Legends 4,Racing,Orbit Games,PixelWorks,Nintendo Switch,Europe,2022-01-01,2024-05-02,,1137,53.99,0.1,61386.63,7733.78
S01038,G1209,Velocity Quest 209,RPG,Northstar Dev,NextLevel Games,Xbox Series X,Japan,2025-03-01,2025-06-15,81.3,535,64.99,0.0,34769.65,2144.19
S01419,G1021,Apex Frontier 21,Racing,Northstar Dev,PixelWorks,Xbox One,Asia Pacific,2021-04-01,2019-10-13,68.1,483,47.99,0.2,23179.17,1040.41
S01250,G1014,Star Legends 14,Sports,Quantum Labs,Nova Interactive,PlayStation 5,Asia Pacific,2024-12-01,2024-01-16,75.2,2493,55.99,0.2,139583.07,18495.99
S00863,G1234,Star Warriors 234,Shooter,Northstar Dev,Arcadia Media,Nintendo Switch,Europe,2022-09-01,2024-06-29,52.8,1301,51.99,0.2,67638.99,9448.1
S01334,G1123,Neon Strike 123,Racing,Quantum Labs,Arcadia Media,Xbox One,Europe,2025-06-01,2020-04-10,72.6,525,59.99,0.0,31494.75,4381.5
S01059,G1082,Shadow Arena 82,Adventure,Moonlight Games,Nova Interactive,Xbox Series X,North America,2021-05-01,2022-01-13,69.8,1397,43.99,0.2,61454.03,5053.29
S01537,G1147,Rogue Reborn 147,Racing,ShadowWorks,Silverline Studios,Nintendo Switch,Latin America,2025-08-01,2025-06-02,59.1,1404,59.99,0.0,84225.96,5484.42
S01107,G1056,Legend Rising 56,Shooter,Quantum Labs,Arcadia Media,PlayStation 5,Japan,2024-07-01,2023-05-01,77.2,637,58.49,0.1,37258.13,2844.34
S00592,G1231,Titan Warriors 231,Shooter,Sunrise Labs,Blue Horizon,PlayStation 5,Japan,2021-03-01,2020-01-05,40.2,609,64.99,0.0,39578.91,2668.79
S01010,G1071,Titan Chronicles 71,Sports,Digital Forge,Nova Interactive,PlayStation 5,Latin America,2023-10-01,2020-11-02,77.9,357,62.99,0.1,22487.43,2793.97
S01658,G1202,Shadow Quest 202,RPG,Red Fox Studio,PixelWorks,PlayStation 5,Latin America,2025-06-01,2024-07-25,78.9,436,58.49,0.1,25501.64,1994.04
S01678,G1055,Urban Rising 55,Strategy,Blue Oak Studio,Vertex Entertainment,Nintendo Switch,Japan,2021-04-01,2021-12-02,55.4,2264,44.99,0.1,101857.36,10084.22
S01574,G1156,Legend Reborn 156,Shooter,Wildcat Interactive,PixelWorks,PC,Latin America,2025-03-01,2021-02-18,72.6,320,64.99,0.0,20796.8,2081.08
S02038,G1200,Eclipse Revolution 200,Action,Digital Forge,PixelWorks,Xbox Series X,Latin America,2023-01-01,2022-03-14,67.8,383,53.99,0.1,20678.17,978.94
S01166,G1129,Velocity Strike 129,Adventure,Digital Forge,Nova Interactive,PC,Europe,2025-02-01,2019-03-19,59.4,606,27.5,0.5,16665.0,952.22
S00044,G1129,Velocity Strike 129,Adventure,Digital Forge,Nova Interactive,PlayStation 4,Latin America,2024-03-01,2019-03-19,59.4,966,38.49,0.3,37181.34,4320.21
S01227,G1218,Storm Quest 218,Simulation,Blue Oak Studio,Silverline Studios,Xbox One,Asia Pacific,2021-06-01,2022-03-14,59.9,1058,44.99,0.0,47599.42,4531.99
S00275,G1196,Legend Revolution 196,Strategy,Moonlight Games,Arcadia Media,Nintendo Switch,Europe,2021-08-01,2021-11-17,56.7,1172,49.99,0.0,58588.28,2948.12
S01731,G1091,Titan Arena 91,Action,Red Fox Studio,NextLevel Games,Nintendo Switch,North America,2024-03-01,2021-11-26,,2042,59.99,0.0,122499.58,11045.96
S00102,G1035,Urban Frontier 35,Action,Red Fox Studio,Vertex Entertainment,PlayStation 5,Japan,2022-04-01,2021-05-06,,1156,53.99,0.1,62412.44,8093.4
S01405,G1195,Urban Revolution 195,Action,Iron Pixel,Nova Interactive,PlayStation 4,Europe,2025-03-01,2024-08-27,69.5,3099,41.99,0.3,130127.01,7142.0
S01713,G1220,Eclipse Quest 220,Sports,Quantum Labs,PixelWorks,PlayStation 5,North America,2025-12-01,2024-07-16,80.2,1798,62.99,0.1,113256.02,5902.99
S02001,G1080,Eclipse Chronicles 80,Sports,Sunrise Labs,PixelWorks,Xbox One,Latin America,2022-06-01,2024-10-21,72.8,495,62.99,0.1,31180.05,4313.86
S00108,G1136,Legend Strike 136,Sports,Northstar Dev,NextLevel Games,Xbox One,Japan,2022-09-01,2021-10-08,84.3,209,69.99,0.0,14627.91,607.13
S01555,G1078,Storm Chronicles 78,Action,Quantum Labs,NextLevel Games,PlayStation 4,North America,2023-10-01,2019-06-17,65.2,1589,59.99,0.0,95324.11,6972.6
S00498,G1182,Shadow Revolution 182,Action,Sunrise Labs,Silverline Studios,Xbox One,Asia Pacific,2025-01-01,2024-09-02,83.3,887,59.99,0.0,53211.13,3673.11
S02189,G1175,Urban Origins 175,Sports,ShadowWorks,Arcadia Media,Nintendo Switch,North America,2022-05-01,2023-01-26,73.6,1336,62.99,0.1,84154.64,8418.79
S01518,G1134,Star Strike 134,Action,Orbit Games,Silverline Studios,PlayStation 5,Europe,2024-06-01,2020-04-02,67.2,1358,53.99,0.1,73318.42,7356.17
S01847,G1074,Star Chronicles 74,Simulation,Wildcat Interactive,Blue Horizon,Xbox Series X,Asia Pacific,2025-03-01,2023-03-05,76.6,506,44.99,0.0,22764.94,872.19
S00856,G1216,Legend Quest 216,Racing,Iron Pixel,PixelWorks,Xbox One,Asia Pacific,2023-12-01,2025-03-17,70.2,589,30.0,0.5,17670.0,2380.87
S01191,G1088,Dragon Arena 88,Racing,Moonlight Games,Arcadia Media,PlayStation 4,Europe,2025-10-01,2020-04-27,75.6,1703,41.99,0.3,71508.97,4917.34
S01412,G1193,Frozen Revolution 193,Sports,Sunrise Labs,Blue Horizon,Nintendo Switch,Europe,2023-05-01,2021-01-04,58.6,873,62.99,0.1,54990.27,1949.24
S02051,G1224,Crystal Warriors 224,RPG,Crystal Byte,Silverline Studios,Nintendo Switch,Japan,2021-11-01,2022-11-13,44.4,925,45.49,0.3,42078.25,4397.73
S01990,G1227,Rogue Warriors 227,RPG,Red Fox Studio,NextLevel Games,Xbox One,Europe,2025-11-01,2023-05-26,73.2,306,64.99,0.0,19886.94,1087.65
S01674,G1105,Iron Odyssey 105,Racing,ShadowWorks,Titan Publishing,Nintendo Switch,Latin America,2021-03-01,2019-08-02,72.8,2660,59.99,0.0,159573.4,7554.45
S00941,G1096,Legend Arena 96,Adventure,Red Fox Studio,PixelWorks,PlayStation 5,Asia Pacific,2023-02-01,2021-05-11,74.0,631,49.49,0.1,31228.19,1747.03
S00713,G1091,Titan Arena 91,Action,Red Fox Studio,NextLevel Games,Xbox One,Asia Pacific,2022-07-01,2021-11-26,,1843,53.99,0.1,99503.57,13911.45
S00073,G1153,Frozen Reborn 153,Simulation,Digital Forge,Silverline Studios,PlayStation 4,Asia Pacific,2023-08-01,2020-07-03,67.5,2239,35.99,0.2,80581.61,
S00501,G1056,Legend Rising 56,Shooter,Quantum Labs,Arcadia Media,PlayStation 4,Latin America,2023-01-01,2023-05-01,77.2,97,64.99,0.0,6304.03,705.17
S01429,G1084,Crystal Arena 84,Adventure,Digital Forge,Titan Publishing,Xbox Series X,Asia Pacific,2021-02-01,2020-08-15,62.7,618,54.99,0.0,33983.82,3769.02
S01376,G1124,Crystal Strike 124,Adventure,Red Fox Studio,Blue Horizon,PlayStation 4,Europe,2024-10-01,2021-06-01,69.5,1944,54.99,0.0,106900.56,8364.32
S00874,G1141,Apex Reborn 141,Action,Orbit Games,Vertex Entertainment,PlayStation 4,Japan,2021-04-01,2021-11-25,93.7,1228,47.99,0.2,58931.72,6225.95
S00482,G1246,Solar Tactics 246,Strategy,Sunrise Labs,Nova Interactive,PC,Europe,2024-01-01,2020-03-18,98.0,282,49.99,0.0,14097.18,1257.29
S01264,G1157,Quantum Reborn 157,Shooter,Sunrise Labs,Titan Publishing,Nintendo Switch,Europe,2024-12-01,2019-08-01,98.0,448,58.49,0.1,26203.52,1378.29
S00507,G1225,Iron Warriors 225,Simulation,Northstar Dev,Blue Horizon,Nintendo Switch,Japan,2021-06-01,2024-04-03,70.0,1881,44.99,0.0,84626.19,4119.57
S00940,G1094,Star Arena 94,Action,ShadowWorks,PixelWorks,PlayStation 5,Latin America,2021-01-01,2024-05-17,56.9,2287,59.99,0.0,137197.13,6598.17
S02086,G1116,Legend Odyssey 116,Strategy,Crystal Byte,Titan Publishing,PC,North America,2025-01-01,2023-06-20,86.3,4521,49.99,0.0,226004.79,
S01357,G1137,Quantum Strike 137,Adventure,Orbit Games,Silverline Studios,Nintendo Switch,Europe,2022-04-01,2021-05-19,,14440,38.49,0.3,555795.6,25746.46
S02194,G1067,Rogue Chronicles 67,Strategy,Quantum Labs,Vertex Entertainment,PC,Latin America,2024-08-01,2022-09-02,87.3,3767,49.99,0.0,188312.33,6981.17
S02066,G1210,Mystic Quest 210,Shooter,Orbit Games,Titan Publishing,PlayStation 5,Latin America,2021-04-01,2020-10-03,,953,64.99,0.0,61935.47,6109.15
S01559,G1035,Urban Frontier 35,Action,Red Fox Studio,Vertex Entertainment,Nintendo Switch,Japan,2024-11-01,2021-05-06,,640,59.99,0.0,38393.6,1758.74
S02033,G1133,Frozen Strike 133,Sports,Quantum Labs,Vertex Entertainment,PlayStation 5,Asia Pacific,2025-06-01,2024-10-25,83.9,552,62.99,0.1,34770.48,1149.52
S01690,G1211,Titan Quest 211,RPG,Sunrise Labs,Titan Publishing,PC,Japan,2024-09-01,2023-04-26,,649,51.99,0.2,33741.51,3288.62
S01115,G1222,Shadow Warriors 222,Racing,Quantum Labs,Silverline Studios,PlayStation 4,Japan,2022-08-01,2022-03-25,93.3,856,47.99,0.2,41079.44,3588.28
S00312,G1179,Kingdom Origins 179,Action,Crystal Byte,PixelWorks,PlayStation 4,Japan,2021-11-01,2020-08-25,68.9,656,47.99,0.2,31481.44,4406.33
S01377,G1089,Velocity Arena 89,Racing,Digital Forge,Vertex Entertainment,Xbox Series X,Asia Pacific,2022-03-01,2022-03-18,68.2,766,47.99,0.2,36760.34,3395.13
S00406,G1130,Mystic Strike 130,Shooter,Quantum Labs,PixelWorks,PC,North America,2024-06-01,2019-08-03,62.0,1220,45.49,0.3,55497.8,5106.77
S01935,G1146,Solar Reborn 146,Action,Northstar Dev,Nova Interactive,Xbox One,Japan,2024-04-01,2024-09-21,67.2,320,59.99,0.0,19196.8,935.62
S01682,G1105,Iron Odyssey 105,Racing,ShadowWorks,Titan Publishing,PC,Latin America,2023-06-01,2019-08-02,72.8,921,41.99,0.3,38672.79,1325.16
S01358,G1016,Legend Legends 16,Racing,ShadowWorks,Arcadia Media,PlayStation 4,Europe,2023-12-01,2025-06-19,98.0,870,59.99,0.0,52191.3,6395.4
S01468,G1146,Solar Reborn 146,Action,Northstar Dev,Nova Interactive,PC,North America,2025-03-01,2024-09-21,67.2,921,53.99,0.1,49724.79,6861.39
S01998,G1167,Rogue Origins 167,Shooter,Wildcat Interactive,PixelWorks,PC,Europe,2024-12-01,2023-08-02,,911,64.99,0.0,59205.89,6280.41
S00310,G1079,Kingdom Chronicles 79,Adventure,Moonlight Games,Titan Publishing,Xbox One,North America,2024-03-01,2023-10-10,84.4,3700,54.99,0.0,203463.0,14668.21
S00227,G1051,Titan Rising 51,Strategy,ShadowWorks,Blue Horizon,Nintendo Switch,North America,2021-08-01,2024-10-14,80.3,561,44.99,0.1,25239.39,1183.3
S00744,G1177,Quantum Origins 177,Sports,ShadowWorks,Vertex Entertainment,PlayStation 4,Europe,2025-08-01,2021-06-19,55.3,1398,69.99,0.0,97846.02,11180.32
S00807,G1045,Iron Rising 45,Shooter,Digital Forge,Titan Publishing,PlayStation 5,Latin America,2024-04-01,2023-07-18,71.9,343,51.99,0.2,17832.57,1430.59
S02015,G1059,Kingdom Rising 59,Racing,Orbit Games,Silverline Studios,PC,Japan,2024-01-01,2022-04-13,71.9,4002,53.99,0.1,216067.98,9963.28
S00991,G1142,Shadow Reborn 142,RPG,Moonlight Games,Titan Publishing,Nintendo Switch,Japan,2024-04-01,2019-10-20,76.8,3484,51.99,0.2,181133.16,11037.91
S01454,G1073,Frozen Chronicles 73,Strategy,Digital Forge,Silverline Studios,PlayStation 4,Asia Pacific,2025-08-01,2025-02-27,78.9,452,49.99,0.0,22595.48,3057.5
S01811,G1169,Velocity Origins 169,Racing,Northstar Dev,Arcadia Media,Xbox Series X,North America,2021-06-01,2022-09-08,79.3,5800,59.99,0.0,347942.0,14165.4
S01095,G1050,Mystic Rising 50,Adventure,Red Fox Studio,Blue Horizon,Xbox One,Asia Pacific,2023-02-01,2019-12-12,,1017,54.99,0.0,55924.83,6173.68
S01421,G1039,Kingdom Frontier 39,Racing,Blue Oak Studio,Nova Interactive,Nintendo Switch,Latin America,2023-12-01,2024-12-10,62.4,2350,53.99,0.1,126876.5,7070.83
S01068,G1258,Storm Tactics 258,Adventure,Crystal Byte,Nova Interactive,Xbox Series X,Latin America,2024-08-01,2024-05-27,93.7,455,43.99,0.2,20015.45,1706.93
S00149,G1221,Apex Warriors 221,Adventure,Red Fox Studio,Titan Publishing,Nintendo Switch,North America,2023-02-01,2020-02-28,71.6,2101,49.49,0.1,103978.49,8345.47
S00866,G1002,Shadow Legends 2,Strategy,Red Fox Studio,PixelWorks,Xbox Series X,North America,2023-01-01,2023-02-05,88.3,5035,49.99,0.0,251699.65,17683.86
S01291,G1213,Frozen Quest 213,Sports,Wildcat Interactive,Vertex Entertainment,PlayStation 4,Latin America,2024-03-01,2025-03-06,85.6,261,69.99,0.0,18267.39,739.77
S02146,G1156,Legend Reborn 156,Shooter,Wildcat Interactive,PixelWorks,PlayStation 4,Latin America,2023-11-01,2021-02-18,72.6,717,45.49,0.3,32616.33,4037.99
S00292,G1032,Cyber Frontier 32,Strategy,Sunrise Labs,Blue Horizon,Xbox Series X,Asia Pacific,2023-03-01,2024-01-30,56.8,381,34.99,0.3,13331.19,833.11
S00693,G1058,Storm Rising 58,Strategy,Crystal Byte,Nova Interactive,PlayStation 5,Europe,2023-11-01,2023-09-28,82.4,608,49.99,0.0,30393.92,3656.3
S00819,G1070,Mystic Chronicles 70,Simulation,Northstar Dev,Vertex Entertainment,Xbox Series X,Europe,2022-10-01,2023-06-03,72.4,1104,35.99,0.2,39732.96,1240.22
S00705,G1122,Shadow Strike 122,Racing,Red Fox Studio,Blue Horizon,PlayStation 5,Europe,2023-01-01,2021-02-05,70.3,2529,47.99,0.2,121366.71,5909.47
S01087,G1237,Quantum Warriors 237,Simulation,Northstar Dev,Silverline Studios,Nintendo Switch,Asia Pacific,2021-09-01,2024-11-02,89.1,896,44.99,0.0,40311.04,5384.03
S02022,G1069,Velocity Chronicles 69,Action,Red Fox Studio,Arcadia Media,Nintendo Switch,Japan,2021-07-01,2024-05-14,69.3,988,41.99,0.3,41486.12,3462.92
S01101,G1248,Dragon Tactics 248,Shooter,Sunrise Labs,Arcadia Media,PlayStation 4,Europe,2021-08-01,2020-04-04,84.1,340,45.49,0.3,15466.6,1938.23
S00576,G1036,Legend Frontier 36,Strategy,Red Fox Studio,Blue Horizon,Xbox One,North America,2023-09-01,2019-01-15,71.6,760,49.99,0.0,37992.4,4390.02
S00558,G1196,Legend Revolution 196,Strategy,Moonlight Games,Arcadia Media,PC,Asia Pacific,2023-07-01,2021-11-17,56.7,590,49.99,0.0,29494.1,3295.17
S01305,G1137,Quantum Strike 137,Adventure,Orbit Games,Silverline Studios,PlayStation 4,Latin America,2021-02-01,2021-05-19,,1003,49.49,0.1,49638.47,6893.76
S00702,G1060,Eclipse Rising 60,Simulation,Blue Oak Studio,Nova Interactive,Xbox Series X,Latin America,2021-08-01,2020-02-09,67.3,466,22.5,0.5,10485.0,411.51
S01646,G1227,Rogue Warriors 227,RPG,Red Fox Studio,NextLevel Games,Xbox Series X,Europe,2024-12-01,2023-05-26,73.2,4227,64.99,0.0,274712.73,27701.25
S01363,G1215,Urban Quest 215,RPG,Quantum Labs,PixelWorks,Xbox One,Latin America,2025-11-01,2025-02-19,69.8,121,64.99,0.0,7863.79,569.16
S01506,G1166,Solar Origins 166,Strategy,Crystal Byte,Nova Interactive,PlayStation 5,Asia Pacific,2024-06-01,2019-10-20,82.0,1881,44.99,0.1,84626.19,8319.94
S01594,G1211,Titan Quest 211,RPG,Sunrise Labs,Titan Publishing,PlayStation 5,Europe,2022-10-01,2023-04-26,,2235,64.99,0.0,145252.65,10407.95
S02198,G1168,Dragon Origins 168,Adventure,Iron Pixel,NextLevel Games,Xbox Series X,Japan,2021-10-01,2025-01-01,89.4,235,43.99,0.2,10337.65,760.87
S00749,G1074,Star Chronicles 74,Simulation,Wildcat Interactive,Blue Horizon,Xbox One,Asia Pacific,2025-10-01,2023-03-05,76.6,170,44.99,0.0,7648.3,281.34
S01369,G1093,Frozen Arena 93,Shooter,Red Fox Studio,Nova Interactive,PC,Asia Pacific,2021-09-01,2021-09-20,58.2,1838,51.99,0.2,95557.62,11885.71
S02000,G1091,Titan Arena 91,Action,Red Fox Studio,NextLevel Games,Xbox Series X,Japan,2024-01-01,2021-11-26,,860,53.99,0.1,46431.4,6132.75
S00168,G1200,Eclipse Revolution 200,Action,Digital Forge,PixelWorks,PC,Asia Pacific,2022-12-01,2022-03-14,67.8,579,47.99,0.2,27786.21,1066.8
S00731,G1035,Urban Frontier 35,Action,Red Fox Studio,Vertex Entertainment,Nintendo Switch,Europe,2023-11-01,2021-05-06,,1458,41.99,0.3,61221.42,2628.93
S01203,G1225,Iron Warriors 225,Simulation,Northstar Dev,Blue Horizon,PlayStation 5,Europe,2025-11-01,2024-04-03,70.0,3277,44.99,0.0,147432.23,13862.22
S00287,G1204,Crystal Quest 204,Shooter,Wildcat Interactive,PixelWorks,Xbox One,Europe,2025-09-01,2019-10-25,85.5,229,64.99,0.0,14882.71,1945.0
S01211,G1036,Legend Frontier 36,Strategy,Red Fox Studio,Blue Horizon,Nintendo Switch,Latin America,2024-06-01,2019-01-15,71.6,621,49.99,0.0,31043.79,4145.15
S01897,G1022,Shadow Frontier 22,Adventure,Sunrise Labs,Vertex Entertainment,PC,Asia Pacific,2023-11-01,2019-12-12,77.0,1767,49.49,0.1,87448.83,5158.51
S01026,G1001,Apex Legends 1,Racing,Digital Forge,Titan Publishing,PlayStation 5,Latin America,2025-10-01,2022-03-07,62.1,1838,59.99,0.0,110261.62,11801.32
S00629,G1092,Cyber Arena 92,Strategy,Moonlight Games,Titan Publishing,Nintendo Switch,Europe,2025-11-01,2021-09-22,73.7,6396,49.99,0.0,319736.04,10866.3
S00599,G1095,Urban Arena 95,Action,Northstar Dev,Arcadia Media,PlayStation 4,Europe,2022-03-01,2021-08-11,76.2,342,47.99,0.2,16412.58,515.08
S01918,G1140,Eclipse Strike 140,Shooter,Red Fox Studio,Vertex Entertainment,Nintendo Switch,North America,2024-04-01,2022-03-25,72.6,1250,64.99,0.0,81237.5,9289.42
S00378,G1098,Storm Arena 98,Racing,Wildcat Interactive,NextLevel Games,PlayStation 5,North America,2025-07-01,2022-03-09,73.5,0,41.99,0.3,0.0,2787.83
S01938,G1070,Mystic Chronicles 70,Simulation,Northstar Dev,Vertex Entertainment,Nintendo Switch,Japan,2022-06-01,2023-06-03,72.4,810,40.49,0.1,32796.9,3100.5
S01394,G1207,Rogue Quest 207,Strategy,Orbit Games,PixelWorks,Xbox Series X,Asia Pacific,2022-05-01,2023-05-22,61.4,1099,49.99,0.0,54939.01,5019.15
S01878,G1078,Storm Chronicles 78,Action,Quantum Labs,NextLevel Games,PlayStation 5,Asia Pacific,2025-05-01,2019-06-17,65.2,2165,41.99,0.3,90908.35,11657.86
S01232,G1173,Frozen Origins 173,Sports,Orbit Games,Titan Publishing,Nintendo Switch,Japan,2025-07-01,2020-08-27,76.0,655,69.99,0.0,45843.45,2585.14
S01538,G1063,Neon Chronicles 63,RPG,Moonlight Games,Blue Horizon,Xbox Series X,North America,2022-10-01,2019-11-18,63.7,2785,51.99,0.2,144792.15,11620.06
S01780,G1068,Dragon Chronicles 68,Shooter,Blue Oak Studio,Titan Publishing,PlayStation 4,Latin America,2023-07-01,2021-04-11,,377,64.99,0.0,24501.23,2090.46
S00042,G1078,Storm Chronicles 78,Action,Quantum Labs,NextLevel Games,Xbox One,Asia Pacific,2025-09-01,2019-06-17,65.2,1951,59.99,0.0,117040.49,6764.31
S01356,G1159,Kingdom Reborn 159,Sports,Blue Oak Studio,Nova Interactive,PlayStation 5,North America,2024-03-01,2025-04-28,52.2,2386,62.99,0.1,150294.14,17687.3
S02101,G1027,Rogue Frontier 27,Adventure,ShadowWorks,Silverline Studios,PlayStation 5,Asia Pacific,2023-06-01,2023-08-19,,1464,43.99,0.2,64401.36,7865.81
S01546,G1138,Storm Strike 138,Racing,Red Fox Studio,Silverline Studios,PC,Europe,2023-07-01,2023-09-18,,2820,59.99,0.0,169171.8,12247.21
S01299,G1064,Crystal Chronicles 64,Adventure,Crystal Byte,Titan Publishing,PlayStation 5,Latin America,2023-01-01,2023-05-30,,926,43.99,0.2,40734.74,5259.14
S01194,G1201,Apex Quest 201,RPG,Crystal Byte,Arcadia Media,Xbox Series X,Latin America,2024-10-01,2024-05-12,63.9,777,64.99,0.0,50497.23,4853.45
S01848,G1075,Urban Chronicles 75,Shooter,Wildcat Interactive,Arcadia Media,Xbox Series X,Japan,2025-09-01,2019-03-19,74.3,791,51.99,0.2,41124.09,3121.63
S00887,G1152,Cyber Reborn 152,Adventure,Sunrise Labs,NextLevel Games,PC,Europe,2025-05-01,2021-06-24,81.7,1042,54.99,0.0,57299.58,2409.58
S00610,G1196,Legend Revolution 196,Strategy,Moonlight Games,Arcadia Media,Nintendo Switch,Asia Pacific,2024-04-01,2021-11-17,56.7,1179,49.99,0.0,58938.21,7060.93
S01484,G1155,Urban Reborn 155,Sports,Blue Oak Studio,Arcadia Media,PC,North America,2024-11-01,2022-12-31,74.2,1541,55.99,0.2,86280.59,4368.72
S01883,G1257,Quantum Tactics 257,Simulation,Northstar Dev,Titan Publishing,PlayStation 4,Japan,2024-12-01,2021-06-17,82.9,892,31.49,0.3,28089.08,961.27
S01688,G1236,Legend Warriors 236,Strategy,Orbit Games,Nova Interactive,Nintendo Switch,Asia Pacific,2023-08-01,2024-06-12,71.7,1029,49.99,0.0,51439.71,2398.94
S01457,G1112,Cyber Odyssey 112,Action,Red Fox Studio,Titan Publishing,PlayStation 4,North America,2024-06-01,2025-01-26,77.8,1380,59.99,0.0,82786.2,7134.82
S01692,G1204,Crystal Quest 204,Shooter,Wildcat Interactive,PixelWorks,Xbox Series X,Asia Pacific,2022-03-01,2019-10-25,85.5,725,58.49,0.1,42405.25,2941.51
S00494,G1115,Urban Odyssey 115,Shooter,Orbit Games,NextLevel Games,Xbox One,North America,2022-02-01,2025-04-21,88.1,812,51.99,0.2,42215.88,1437.54
S01561,G1130,Mystic Strike 130,Shooter,Quantum Labs,PixelWorks,PlayStation 4,Asia Pacific,2021-04-01,2019-08-03,62.0,2945,64.99,0.0,191395.55,21485.04
S00278,G1071,Titan Chronicles 71,Sports,Digital Forge,Nova Interactive,PlayStation 4,Europe,2023-02-01,2020-11-02,77.9,933,48.99,0.3,45707.67,1958.45
S00758,G1237,Quantum Warriors 237,Simulation,Northstar Dev,Silverline Studios,Nintendo Switch,Asia Pacific,2022-01-01,2024-11-02,89.1,2068,44.99,0.0,93039.32,10328.63
S02119,G1068,Dragon Chronicles 68,Shooter,Blue Oak Studio,Titan Publishing,Nintendo Switch,North America,2022-10-01,2021-04-11,,1020,64.99,0.0,66289.8,6537.1
S00359,G1111,Titan Odyssey 111,Racing,Moonlight Games,PixelWorks,PlayStation 5,North America,2024-11-01,2019-07-07,69.7,775,47.99,0.2,37192.25,1460.72
S01840,G1109,Velocity Odyssey 109,Simulation,Northstar Dev,Vertex Entertainment,PlayStation 5,Japan,2023-06-01,2023-08-31,73.8,2650,35.99,0.2,95373.5,9570.05
S00237,G1215,Urban Quest 215,RPG,Quantum Labs,PixelWorks,PlayStation 5,Europe,2025-09-01,2025-02-19,69.8,1415,58.49,0.1,82763.35,4808.96
S00552,G1139,Kingdom Strike 139,Sports,Iron Pixel,Nova Interactive,PlayStation 5,Japan,2023-02-01,2024-10-30,88.1,837,34.99,0.5,29286.63,2943.05
S00521,G1140,Eclipse Strike 140,Shooter,Red Fox Studio,Vertex Entertainment,PlayStation 5,North America,2021-06-01,2022-03-25,72.6,496,45.49,0.3,22563.04,1680.35
S01262,G1105,Iron Odyssey 105,Racing,ShadowWorks,Titan Publishing,PC,Latin America,2021-08-01,2019-08-02,72.8,1745,47.99,0.2,83742.55,11444.33
S00209,G1053,Frozen Rising 53,Adventure,Sunrise Labs,Vertex Entertainment,PlayStation 5,Asia Pacific,2021-03-01,2022-08-24,86.5,1367,38.49,0.3,52615.83,3246.59
S01642,G1088,Dragon Arena 88,Racing,Moonlight Games,Arcadia Media,PlayStation 4,Latin America,2022-12-01,2020-04-27,75.6,176,53.99,0.1,9502.24,702.52
S00882,G1112,Cyber Odyssey 112,Action,Red Fox Studio,Titan Publishing,PlayStation 4,Asia Pacific,2023-06-01,2025-01-26,77.8,2593,30.0,0.5,77790.0,5666.91
S00721,G1225,Iron Warriors 225,Simulation,Northstar Dev,Blue Horizon,Nintendo Switch,Asia Pacific,2021-11-01,2024-04-03,70.0,3265,40.49,0.1,132199.85,16158.82
S01018,G1026,Solar Frontier 26,RPG,Red Fox Studio,PixelWorks,PC,Europe,2022-10-01,2023-02-07,71.2,689,64.99,0.0,44778.11,6173.53
S01850,G1139,Kingdom Strike 139,Sports,Iron Pixel,Nova Interactive,Xbox One,Asia Pacific,2024-06-01,2024-10-30,88.1,978,55.99,0.2,54758.22,2537.2
S01651,G1213,Frozen Quest 213,Sports,Wildcat Interactive,Vertex Entertainment,Nintendo Switch,Europe,2023-07-01,2025-03-06,85.6,1461,69.99,0.0,102255.39,7776.01
S00059,G1024,Crystal Frontier 24,Strategy,Northstar Dev,Vertex Entertainment,Nintendo Switch,Japan,2025-12-01,2025-04-20,63.3,682,49.99,0.0,34093.18,1234.93
S00632,G1114,Star Odyssey 114,Shooter,Digital Forge,Arcadia Media,PlayStation 5,Europe,2025-11-01,2022-09-19,92.7,3406,58.49,0.1,199216.94,10591.42
S01875,G1227,Rogue Warriors 227,RPG,Red Fox Studio,NextLevel Games,PlayStation 5,Europe,2021-01-01,2023-05-26,73.2,2597,64.99,0.0,168779.03,16628.67
S01248,G1251,Titan Tactics 251,Sports,Iron Pixel,Silverline Studios,PC,Europe,2021-06-01,2024-06-23,75.0,1262,34.99,0.5,44157.38,5186.18
S00593,G1205,Iron Quest 205,Adventure,ShadowWorks,Arcadia Media,Nintendo Switch,Japan,2021-09-01,2019-01-27,47.6,467,49.49,0.1,23111.83,2198.08
S01867,G1150,Mystic Reborn 150,RPG,Moonlight Games,Vertex Entertainment,PC,Japan,2025-09-01,2019-12-20,78.9,1040,58.49,0.1,60829.6,5809.37
S00364,G1151,Titan Reborn 151,Adventure,Blue Oak Studio,Arcadia Media,Nintendo Switch,Asia Pacific,2025-10-01,2024-06-19,68.1,567,49.49,0.1,28060.83,1096.83
S01801,G1074,Star Chronicles 74,Simulation,Wildcat Interactive,Blue Horizon,PlayStation 5,Japan,2025-04-01,2023-03-05,76.6,861,35.99,0.2,30987.39,3176.37
S00506,G1210,Mystic Quest 210,Shooter,Orbit Games,Titan Publishing,PlayStation 4,North America,2023-07-01,2020-10-03,,560,45.49,0.3,25474.4,2862.41
S01054,G1033,Frozen Frontier 33,Shooter,Moonlight Games,Arcadia Media,PC,Latin America,2023-02-01,2019-11-24,94.5,2785,51.99,0.2,144792.15,12747.93
S01610,G1106,Solar Odyssey 106,Sports,Blue Oak Studio,Nova Interactive,PC,Japan,2024-01-01,2024-12-15,97.8,1471,55.99,0.2,82361.29,10404.33
S01324,G1001,Apex Legends 1,Racing,Digital Forge,Titan Publishing,Nintendo Switch,North America,2023-06-01,2022-03-07,62.1,4479,59.99,0.0,268695.21,31017.68
S02113,G1058,Storm Rising 58,Strategy,Crystal Byte,Nova Interactive,Xbox Series X,North America,2024-12-01,2023-09-28,82.4,2095,44.99,0.1,94254.05,12793.39
S00734,G1123,Neon Strike 123,Racing,Quantum Labs,Arcadia Media,PlayStation 4,North America,2022-03-01,2020-04-10,72.6,937,47.99,0.2,44966.63,1804.54
S01431,G1242,Shadow Tactics 242,Strategy,Iron Pixel,Blue Horizon,Xbox Series X,Asia Pacific,2025-05-01,2022-10-12,86.1,447,39.99,0.2,17875.53,1414.05
S02114,G1226,Solar Warriors 226,Shooter,Blue Oak Studio,Vertex Entertainment,PC,Europe,2023-02-01,2021-10-15,71.2,429,64.99,0.0,27880.71,975.13
S01487,G1186,Solar Revolution 186,Simulation,Quantum Labs,Arcadia Media,Xbox One,Asia Pacific,2023-08-01,2024-02-21,73.0,563,44.99,0.0,25329.37,
S01564,G1258,Storm Tactics 258,Adventure,Crystal Byte,Nova Interactive,PlayStation 5,North America,2022-02-01,2024-05-27,93.7,1754,54.99,0.0,96452.46,8369.78
S01086,G1078,Storm Chronicles 78,Action,Quantum Labs,NextLevel Games,PC,Japan,2023-08-01,2019-06-17,65.2,370,59.99,0.0,22196.3,2460.81
S00119,G1168,Dragon Origins 168,Adventure,Iron Pixel,NextLevel Games,Nintendo Switch,Asia Pacific,2022-10-01,2025-01-01,89.4,663,54.99,0.0,36458.37,1310.86
S01469,G1078,Storm Chronicles 78,Action,Quantum Labs,NextLevel Games,PC,Latin America,2021-03-01,2019-06-17,65.2,1043,53.99,0.1,56311.57,7573.11
S00707,G1057,Quantum Rising 57,Racing,Orbit Games,Arcadia Media,PC,Europe,2021-10-01,2023-01-09,69.6,2266,47.99,0.2,108745.34,12037.15
S01581,G1141,Apex Reborn 141,Action,Orbit Games,Vertex Entertainment,Nintendo Switch,Japan,2021-03-01,2021-11-25,93.7,1885,59.99,0.0,113081.15,12725.01
S00746,G1131,Titan Strike 131,RPG,Sunrise Labs,Titan Publishing,PlayStation 4,Asia Pacific,2022-09-01,2019-09-04,83.2,287,64.99,0.0,18652.13,596.64
S00523,G1065,Iron Chronicles 65,Sports,Red Fox Studio,Nova Interactive,PC,North America,2025-05-01,2025-05-07,,2125,69.99,0.0,148728.75,8682.8
S01398,G1119,Kingdom Odyssey 119,Sports,Quantum Labs,Blue Horizon,Xbox Series X,Asia Pacific,2022-08-01,2019-07-13,81.1,205,55.99,0.2,11477.95,1571.98
S01090,G1062,Shadow Chronicles 62,Shooter,Digital Forge,NextLevel Games,PlayStation 4,Latin America,2025-07-01,2021-06-20,73.7,113,64.99,0.0,7343.87,320.78
S01360,G1112,Cyber Odyssey 112,Action,Red Fox Studio,Titan Publishing,PC,Asia Pacific,2021-11-01,2025-01-26,77.8,1154,53.99,0.1,62304.46,5485.91
S00514,G1197,Quantum Revolution 197,Sports,Orbit Games,Silverline Studios,PlayStation 4,North America,2024-02-01,2023-05-26,54.1,409,69.99,0.0,28625.91,4001.78
S00082,G1136,Legend Strike 136,Sports,Northstar Dev,NextLevel Games,PlayStation 5,Latin America,2022-11-01,2021-10-08,84.3,709,69.99,0.0,49622.91,5107.46
S01860,G1203,Neon Quest 203,Simulation,Sunrise Labs,Titan Publishing,PlayStation 4,Europe,2021-12-01,2021-02-11,46.9,318,35.99,0.2,11444.82,1008.74
S01133,G1258,Storm Tactics 258,Adventure,Crystal Byte,Nova Interactive,Xbox Series X,Europe,2022-11-01,2024-05-27,93.7,1278,49.49,0.1,63248.22,5753.06
S01209,G1204,Crystal Quest 204,Shooter,Wildcat Interactive,PixelWorks,Xbox Series X,Japan,2024-07-01,2019-10-25,85.5,210,64.99,0.0,13647.9,527.57
S00915,G1080,Eclipse Chronicles 80,Sports,Sunrise Labs,PixelWorks,PlayStation 5,Latin America,2022-01-01,2024-10-21,72.8,563,62.99,0.1,35463.37,4936.04
S00381,G1030,Mystic Frontier 30,RPG,Orbit Games,Arcadia Media,PlayStation 4,Japan,2021-05-01,2019-04-15,52.0,1532,58.49,0.1,89606.68,11497.04
S01221,G1223,Neon Warriors 223,Action,Quantum Labs,NextLevel Games,PlayStation 5,Europe,2025-11-01,2023-06-14,,667,53.99,0.1,36011.33,4501.44
S02002,G1064,Crystal Chronicles 64,Adventure,Crystal Byte,Titan Publishing,Nintendo Switch,North America,2025-02-01,2023-05-30,,4169,54.99,0.0,229253.31,19471.11
S00085,G1183,Neon Revolution 183,Adventure,Quantum Labs,NextLevel Games,PlayStation 5,Latin America,2022-08-01,2025-04-08,75.5,559,54.99,0.0,30739.41,2896.79
S01985,G1098,Storm Arena 98,Racing,Wildcat Interactive,NextLevel Games,PC,Latin America,2024-08-01,2022-03-09,73.5,1149,47.99,0.2,55140.51,5315.7
S00673,G1226,Solar Warriors 226,Shooter,Blue Oak Studio,Vertex Entertainment,PlayStation 5,Asia Pacific,2024-10-01,2021-10-15,71.2,705,58.49,0.1,41235.45,4488.64
S00775,G1050,Mystic Rising 50,Adventure,Red Fox Studio,Blue Horizon,Nintendo Switch,Latin America,2021-06-01,2019-12-12,,1659,49.49,0.1,82103.91,
S00330,G1217,Quantum Quest 217,Simulation,Iron Pixel,Vertex Entertainment,PlayStation 5,North America,2021-02-01,2023-08-03,71.4,1519,31.49,0.3,47833.31,4502.91
S00007,G1046,Solar Rising 46,Racing,Moonlight Games,Silverline Studios,PlayStation 4,Japan,2024-04-01,2022-07-11,75.0,607,59.99,0.0,36413.93,2745.74
S01217,G1197,Quantum Revolution 197,Sports,Orbit Games,Silverline Studios,Xbox Series X,Japan,2025-09-01,2023-05-26,54.1,383,48.99,0.3,18763.17,1117.44
S01592,G1112,Cyber Odyssey 112,Action,Red Fox Studio,Titan Publishing,PlayStation 4,Europe,2024-08-01,2025-01-26,77.8,716,59.99,0.0,42952.84,1731.77
S00910,G1157,Quantum Reborn 157,Shooter,Sunrise Labs,Titan Publishing,Xbox One,Latin America,2025-04-01,2019-08-01,98.0,253,64.99,0.0,16442.47,1865.91
S00469,G1186,Solar Revolution 186,Simulation,Quantum Labs,Arcadia Media,Nintendo Switch,Europe,2021-08-01,2024-02-21,73.0,1944,44.99,0.0,87460.56,5048.88
S00182,G1096,Legend Arena 96,Adventure,Red Fox Studio,PixelWorks,PlayStation 4,Latin America,2023-07-01,2021-05-11,74.0,147,38.49,0.3,5658.03,582.63
S00165,G1113,Frozen Odyssey 113,Action,Orbit Games,NextLevel Games,PlayStation 4,Japan,2021-05-01,2019-11-26,84.8,663,53.99,0.1,35795.37,2909.38
S01533,G1160,Eclipse Reborn 160,Sports,Wildcat Interactive,Nova Interactive,Xbox One,North America,2024-04-01,2019-03-02,,943,69.99,0.0,66000.57,8817.93
S00452,G1104,Crystal Odyssey 104,Adventure,Wildcat Interactive,Nova Interactive,Nintendo Switch,Japan,2022-07-01,2021-06-26,61.7,1230,54.99,0.0,67637.7,2590.55
S01825,G1125,Iron Strike 125,Shooter,ShadowWorks,NextLevel Games,Xbox Series X,Asia Pacific,2024-02-01,2019-03-27,79.8,463,58.49,0.1,27080.87,1639.65
S00491,G1213,Frozen Quest 213,Sports,Wildcat Interactive,Vertex Entertainment,Xbox One,Japan,2025-05-01,2025-03-06,85.6,68,62.99,0.1,4283.32,210.11
S01738,G1004,Crystal Legends 4,Racing,Orbit Games,PixelWorks,PlayStation 4,Japan,2023-12-01,2024-05-02,,697,59.99,0.0,41813.03,4090.22
S01756,G1206,Solar Quest 206,Sports,ShadowWorks,Vertex Entertainment,Xbox Series X,Europe,2023-04-01,2024-06-13,76.9,218,62.99,0.1,13731.82,879.29
S00288,G1211,Titan Quest 211,RPG,Sunrise Labs,Titan Publishing,Xbox One,North America,2021-12-01,2023-04-26,,2801,64.99,0.0,182036.99,25063.8
S01667,G1155,Urban Reborn 155,Sports,Blue Oak Studio,Arcadia Media,Nintendo Switch,North America,2022-08-01,2022-12-31,74.2,1861,69.99,0.0,130251.39,12719.59
S00088,G1079,Kingdom Chronicles 79,Adventure,Moonlight Games,Titan Publishing,PC,Latin America,2024-06-01,2023-10-10,84.4,499,54.99,0.0,27440.01,890.64
S01618,G1178,Storm Origins 178,Shooter,Wildcat Interactive,PixelWorks,PlayStation 5,Latin America,2022-01-01,2023-05-08,,569,32.49,0.5,18486.81,1711.6
S00803,G1088,Dragon Arena 88,Racing,Moonlight Games,Arcadia Media,Xbox Series X,Asia Pacific,2021-08-01,2020-04-27,75.6,982,53.99,0.1,53018.18,2620.85
S01139,G1198,Storm Revolution 198,Sports,ShadowWorks,Nova Interactive,Xbox One,Asia Pacific,2025-03-01,2023-11-04,58.5,574,34.99,0.5,20084.26,1458.67
S01065,G1107,Rogue Odyssey 107,RPG,ShadowWorks,Arcadia Media,PlayStation 5,North America,2022-07-01,2021-03-12,67.1,682,58.49,0.1,39890.18,4136.12
S01072,G1122,Shadow Strike 122,Racing,Red Fox Studio,Blue Horizon,PlayStation 5,Asia Pacific,2021-03-01,2021-02-05,70.3,863,59.99,0.0,51771.37,4366.02
S02018,G1057,Quantum Rising 57,Racing,Orbit Games,Arcadia Media,Xbox Series X,Latin America,2024-07-01,2023-01-09,69.6,526,59.99,0.0,31554.74,4388.35
S01294,G1240,Eclipse Warriors 240,Sports,Digital Forge,Nova Interactive,Xbox Series X,Latin America,2025-11-01,2021-07-29,66.4,571,69.99,0.0,39964.29,4011.08
S01775,G1260,Eclipse Tactics 260,Racing,Orbit Games,Arcadia Media,Xbox One,Asia Pacific,2022-03-01,2020-05-27,71.3,114,59.99,0.0,6838.86,426.04
S01570,G1067,Rogue Chronicles 67,Strategy,Quantum Labs,Vertex Entertainment,Xbox Series X,Asia Pacific,2021-11-01,2022-09-02,87.3,1117,44.99,0.1,50253.83,4657.29
S01285,G1158,Storm Reborn 158,Sports,Quantum Labs,Arcadia Media,PlayStation 5,Japan,2021-03-01,2022-05-16,84.6,491,69.99,0.0,34365.09,2971.26
S01319,G1152,Cyber Reborn 152,Adventure,Sunrise Labs,NextLevel Games,PC,Asia Pacific,2025-01-01,2021-06-24,81.7,499,49.49,0.1,24695.51,1099.92
S01955,G1245,Iron Tactics 245,Shooter,,Nova Interactive,Xbox One,Latin America,2021-09-01,2020-09-30,60.8,1362,51.99,0.2,70810.38,2323.39
S00328,G1075,Urban Chronicles 75,Shooter,Wildcat Interactive,Arcadia Media,Xbox One,Asia Pacific,2025-05-01,2019-03-19,74.3,692,64.99,0.0,44973.08,5402.46
S01361,G1171,Titan Origins 171,Simulation,Moonlight Games,Titan Publishing,PlayStation 4,Europe,2023-10-01,2024-02-11,63.3,4129,40.49,0.1,167183.21,12452.93
S00443,G1240,Eclipse Warriors 240,Sports,Digital Forge,Nova Interactive,Xbox One,Asia Pacific,2021-02-01,2021-07-29,66.4,512,69.99,0.0,35834.88,2794.92
S00835,G1038,Storm Frontier 38,RPG,Blue Oak Studio,Silverline Studios,Nintendo Switch,Latin America,2023-06-01,2020-03-02,74.0,470,64.99,0.0,30545.3,3889.71
S01500,G1126,Solar Strike 126,Strategy,Quantum Labs,Titan Publishing,PlayStation 5,Japan,2025-10-01,2020-01-23,,465,49.99,0.0,23245.35,1067.39
S01056,G1020,Eclipse Legends 20,Simulation,Wildcat Interactive,Titan Publishing,Xbox Series X,Asia Pacific,2023-10-01,2025-06-05,,1485,35.99,0.2,53445.15,4699.85
S00833,G1001,Apex Legends 1,Racing,Digital Forge,Titan Publishing,PlayStation 4,Japan,2023-08-01,2022-03-07,62.1,2124,47.99,0.2,101930.76,8142.1
S01526,G1160,Eclipse Reborn 160,Sports,Wildcat Interactive,Nova Interactive,PlayStation 4,Latin America,2024-02-01,2019-03-02,,1412,62.99,0.1,88941.88,4241.76
S00349,G1101,Apex Odyssey 101,Simulation,Sunrise Labs,Titan Publishing,Xbox One,North America,2024-09-01,2022-05-11,62.1,796,31.49,0.3,25066.04,3071.83
S01126,G1244,Crystal Tactics 244,Adventure,Blue Oak Studio,PixelWorks,PlayStation 5,Japan,2022-04-01,2023-05-23,79.0,1279,54.99,0.0,70332.21,9208.96
S00178,G1189,Velocity Revolution 189,Shooter,Quantum Labs,Titan Publishing,Xbox One,Asia Pacific,2021-06-01,2020-09-30,87.7,103,32.49,0.5,3346.47,189.89
S01620,G1041,Apex Rising 41,Racing,ShadowWorks,Silverline Studios,PlayStation 4,Asia Pacific,2022-04-01,2020-01-22,66.3,2396,59.99,0.0,143736.04,5319.11
S01129,G1220,Eclipse Quest 220,Sports,Quantum Labs,PixelWorks,Nintendo Switch,Europe,2024-12-01,2024-07-16,80.2,1292,62.99,0.1,81383.08,3928.35
S01855,G1173,Frozen Origins 173,Sports,Orbit Games,Titan Publishing,Xbox One,Latin America,2022-07-01,2020-08-27,76.0,207,69.99,0.0,14487.93,1985.28
S00087,G1095,Urban Arena 95,Action,Northstar Dev,Arcadia Media,PC,Japan,2022-04-01,2021-08-11,76.2,2746,59.99,0.0,164732.54,14451.33
S01672,G1041,Apex Rising 41,Racing,ShadowWorks,Silverline Studios,Nintendo Switch,Asia Pacific,2022-07-01,2020-01-22,66.3,545,59.99,0.0,32694.55,3715.27
S02149,G1037,Quantum Frontier 37,Shooter,Quantum Labs,Titan Publishing,Xbox Series X,Latin America,2022-09-01,2022-12-04,68.3,487,58.49,0.1,28484.63,1478.1
S01934,G1226,Solar Warriors 226,Shooter,Blue Oak Studio,Vertex Entertainment,Xbox One,Japan,2021-08-01,2021-10-15,71.2,549,58.49,0.1,32111.01,2460.26
S00458,G1179,Kingdom Origins 179,Action,Crystal Byte,PixelWorks,Xbox One,North America,2024-05-01,2020-08-25,68.9,1566,30.0,0.5,46980.0,5148.5
S00778,G1236,Legend Warriors 236,Strategy,Orbit Games,Nova Interactive,Nintendo Switch,Europe,2025-06-01,2024-06-12,71.7,5086,49.99,0.0,254249.14,33369.67
S01494,G1245,Iron Tactics 245,Shooter,Blue Oak Studio,Nova Interactive,Xbox Series X,Europe,2023-09-01,2020-09-30,60.8,2069,64.99,0.0,134464.31,11161.26
S00643,G1241,Apex Tactics 241,RPG,Northstar Dev,Arcadia Media,Nintendo Switch,North America,2021-03-01,2025-06-12,74.1,2709,64.99,0.0,176057.91,19986.97
S02106,G1049,Velocity Rising 49,RPG,Crystal Byte,Blue Horizon,PlayStation 4,Asia Pacific,2025-03-01,2022-08-31,60.2,1129,51.99,0.2,58696.71,2083.61
S00055,G1071,Titan Chronicles 71,Sports,Digital Forge,Nova Interactive,Xbox Series X,North America,2023-07-01,2020-11-02,77.9,1070,34.99,0.5,37439.3,1341.51
S01436,G1040,Eclipse Frontier 40,Sports,Wildcat Interactive,Arcadia Media,Nintendo Switch,Asia Pacific,2025-09-01,2020-12-22,74.7,295,69.99,0.0,20647.05,2837.42
S01781,G1034,Star Frontier 34,Action,Red Fox Studio,Titan Publishing,PC,Europe,2024-04-01,2022-09-16,49.7,2057,47.99,0.2,98715.43,13375.98
S01732,G1230,Mystic Warriors 230,Simulation,Iron Pixel,Silverline Studios,PlayStation 5,Japan,2025-09-01,2023-07-06,68.3,247,40.49,0.1,10001.03,856.05
S00644,G1054,Star Rising 54,Simulation,Blue Oak Studio,Nova Interactive,PlayStation 5,Latin America,2022-12-01,2020-08-13,77.0,1021,31.49,0.3,32151.29,2114.18
S01281,G1134,Star Strike 134,Action,Orbit Games,Silverline Studios,PlayStation 4,Europe,2022-12-01,2020-04-02,67.2,3070,47.99,0.2,147329.3,15435.57
S01199,G1057,Quantum Rising 57,Racing,Orbit Games,Arcadia Media,PC,Europe,2023-11-01,2023-01-09,69.6,778,59.99,0.0,46672.22,4750.73
S00678,G1037,Quantum Frontier 37,Shooter,Quantum Labs,Titan Publishing,Xbox One,North America,2021-06-01,2022-12-04,68.3,225,45.49,0.3,10235.25,1081.71
S00222,G1026,Solar Frontier 26,RPG,Red Fox Studio,PixelWorks,PC,Japan,2021-05-01,2023-02-07,71.2,1128,64.99,0.0,73308.72,2510.58
S00114,G1066,Solar Chronicles 66,Racing,Iron Pixel,NextLevel Games,PlayStation 4,Asia Pacific,2025-06-01,2021-08-26,,371,59.99,0.0,22256.29,2612.01
S01186,G1135,Urban Strike 135,Strategy,Digital Forge,Titan Publishing,PlayStation 5,Japan,2023-02-01,2023-12-28,77.8,3989,44.99,0.1,179465.11,23122.93
S00988,G1154,Star Reborn 154,Sports,ShadowWorks,Silverline Studios,Xbox One,Europe,2023-12-01,2024-08-30,91.4,961,69.99,0.0,67260.39,7144.87
S01893,G1259,Kingdom Tactics 259,Simulation,Red Fox Studio,Titan Publishing,Xbox Series X,Asia Pacific,2022-08-01,2021-12-21,83.2,488,44.99,0.0,21955.12,1733.5
S01197,G1108,Dragon Odyssey 108,Adventure,Wildcat Interactive,Silverline Studios,Xbox Series X,Asia Pacific,2025-01-01,2019-11-23,98.0,3837,54.99,0.0,210996.63,6669.83
S00175,G1209,Velocity Quest 209,RPG,Northstar Dev,NextLevel Games,PC,North America,2021-09-01,2025-06-15,81.3,615,32.49,0.5,19981.35,791.49
S01868,G1022,Shadow Frontier 22,Adventure,Sunrise Labs,Vertex Entertainment,Nintendo Switch,Asia Pacific,2024-10-01,2019-12-12,77.0,619,43.99,0.2,27229.81,3611.7
S00590,G1070,Mystic Chronicles 70,Simulation,Northstar Dev,Vertex Entertainment,PlayStation 4,Japan,2024-10-01,2023-06-03,72.4,1090,35.99,0.2,39229.1,3045.24
S01019,G1046,Solar Rising 46,Racing,Moonlight Games,Silverline Studios,PlayStation 5,North America,2023-12-01,2022-07-11,75.0,4619,41.99,0.3,193951.81,11961.11
S01849,G1066,Solar Chronicles 66,Racing,Iron Pixel,NextLevel Games,Xbox One,Europe,2024-09-01,2021-08-26,,773,41.99,0.3,32458.27,3908.22
S00019,G1110,Mystic Odyssey 110,Shooter,ShadowWorks,PixelWorks,PlayStation 5,Europe,2025-11-01,2024-10-07,88.1,1166,64.99,0.0,75778.34,9312.45
S00424,G1076,Legend Chronicles 76,Adventure,Northstar Dev,Vertex Entertainment,Xbox Series X,Europe,2023-01-01,2021-02-07,93.4,834,49.49,0.1,41274.66,1313.81
S02155,G1156,Legend Reborn 156,Shooter,Wildcat Interactive,PixelWorks,Nintendo Switch,Latin America,2025-05-01,2021-02-18,72.6,540,64.99,0.0,35094.6,3488.11
S00286,G1154,Star Reborn 154,Sports,ShadowWorks,Silverline Studios,Nintendo Switch,Japan,2024-11-01,2024-08-30,91.4,1069,62.99,0.1,67336.31,2783.79
S01874,G1151,Titan Reborn 151,Adventure,Blue Oak Studio,Arcadia Media,PC,Latin America,2025-07-01,2024-06-19,68.1,220,43.99,0.2,9677.8,678.15
S00429,G1011,Titan Legends 11,Action,Wildcat Interactive,NextLevel Games,PlayStation 5,Latin America,2023-11-01,2023-10-13,75.2,340,53.99,0.1,18356.6,1116.48
S01790,G1023,Neon Frontier 23,Racing,Digital Forge,Arcadia Media,PlayStation 4,North America,2023-07-01,2022-09-23,76.5,893,59.99,0.0,53571.07,4506.26
S01467,G1139,Kingdom Strike 139,Sports,Iron Pixel,Nova Interactive,PC,Japan,2025-04-01,2024-10-30,88.1,662,48.99,0.3,32431.38,4269.81
S00670,G1035,Urban Frontier 35,Action,Red Fox Studio,Vertex Entertainment,PC,Asia Pacific,2022-03-01,2021-05-06,,545,41.99,0.3,22884.55,955.67
S00032,G1115,Urban Odyssey 115,Shooter,Orbit Games,NextLevel Games,PlayStation 5,Latin America,2023-12-01,2025-04-21,88.1,670,51.99,0.2,34833.3,2310.74
S02127,G1070,Mystic Chronicles 70,Simulation,Northstar Dev,Vertex Entertainment,PC,Japan,2022-03-01,2023-06-03,72.4,555,40.49,0.1,22471.95,1470.71
S00723,G1120,Eclipse Odyssey 120,Simulation,Wildcat Interactive,Arcadia Media,PC,Asia Pacific,2023-10-01,2019-04-15,68.5,1249,40.49,0.1,50572.01,2098.05
S00952,G1033,Frozen Frontier 33,Shooter,Moonlight Games,Arcadia Media,Xbox Series X,Latin America,2023-08-01,2019-11-24,94.5,1237,58.49,0.1,72352.13,6575.44
S01579,G1243,Neon Tactics 243,Adventure,Crystal Byte,PixelWorks,PlayStation 5,Japan,2021-11-01,2021-10-15,52.6,597,49.49,0.1,29545.53,3173.95
S01344,G1172,Cyber Origins 172,Simulation,Crystal Byte,Titan Publishing,Nintendo Switch,Japan,2023-11-01,2021-02-13,58.4,1197,40.49,0.1,48466.53,4821.08
S00215,G1215,Urban Quest 215,RPG,Quantum Labs,PixelWorks,PC,Asia Pacific,2022-07-01,2025-02-19,69.8,1390,45.49,0.3,63231.1,4516.56
S01365,G1189,Velocity Revolution 189,Shooter,Quantum Labs,Titan Publishing,PC,Japan,2024-04-01,2020-09-30,87.7,784,64.99,0.0,50952.16,5282.0
S01084,G1013,Frozen Legends 13,Adventure,Digital Forge,Nova Interactive,Xbox Series X,Europe,2025-08-01,2021-07-08,74.5,3689,38.49,0.3,141989.61,7378.59
S02159,G1246,Solar Tactics 246,Strategy,Sunrise Labs,Nova Interactive,Nintendo Switch,Asia Pacific,2021-03-01,2020-03-18,98.0,2121,49.99,0.0,106028.79,5584.14
S02188,G1183,Neon Revolution 183,Adventure,Quantum Labs,NextLevel Games,Nintendo Switch,North America,2023-08-01,2025-04-08,75.5,805,38.49,0.3,30984.45,3014.42
S00327,G1111,Titan Odyssey 111,Racing,Moonlight Games,PixelWorks,Nintendo Switch,Japan,2025-08-01,2019-07-07,69.7,317,47.99,0.2,15212.83,790.13
S00561,G1129,Velocity Strike 129,Adventure,Digital Forge,Nova Interactive,PlayStation 4,North America,2024-05-01,2019-03-19,59.4,1585,54.99,0.0,87159.15,10914.84
S01314,G1158,Storm Reborn 158,Sports,Quantum Labs,Arcadia Media,Xbox Series X,Europe,2021-07-01,2022-05-16,84.6,632,48.99,0.3,30961.68,1849.17
S00701,G1097,Quantum Arena 97,Shooter,Wildcat Interactive,Vertex Entertainment,PC,Asia Pacific,2025-12-01,2021-07-20,,756,58.49,0.1,44218.44,2098.69
S01035,G1201,Apex Quest 201,RPG,Crystal Byte,Arcadia Media,PlayStation 4,Europe,2025-07-01,2024-05-12,63.9,4235,45.49,0.3,192650.15,19010.22
S01908,G1068,Dragon Chronicles 68,Shooter,Blue Oak Studio,Titan Publishing,PlayStation 5,Europe,2023-01-01,2021-04-11,,702,58.49,0.1,41059.98,2909.7
S00342,G1001,Apex Legends 1,Racing,,Titan Publishing,Xbox One,North America,2022-12-01,2022-03-07,62.1,1827,59.99,0.0,109601.73,10376.76
S00148,G1255,Urban Tactics 255,Action,Moonlight Games,Titan Publishing,PlayStation 5,Japan,2024-12-01,2023-12-05,64.3,357,30.0,0.5,10710.0,1182.75
S01407,G1200,Eclipse Revolution 200,Action,Digital Forge,PixelWorks,Xbox One,Europe,2021-01-01,2022-03-14,67.8,798,59.99,0.0,47872.02,4151.43
S01650,G1194,Star Revolution 194,Action,Northstar Dev,Arcadia Media,Xbox Series X,Latin America,2025-11-01,2024-05-08,69.7,230,53.99,0.1,12417.7,436.43
S00967,G1102,Shadow Odyssey 102,Racing,Northstar Dev,NextLevel Games,Xbox One,Europe,2022-01-01,2021-04-04,70.2,1162,59.99,0.0,69708.38,
S00156,G1027,Rogue Frontier 27,Adventure,ShadowWorks,Silverline Studios,PlayStation 4,Latin America,2025-03-01,2023-08-19,,272,49.49,0.1,13461.28,432.77
S01415,G1252,Cyber Tactics 252,Simulation,Crystal Byte,NextLevel Games,Xbox One,Latin America,2023-03-01,2024-08-19,81.0,336,40.49,0.1,13604.64,521.52
S01223,G1172,Cyber Origins 172,Simulation,Crystal Byte,Titan Publishing,PC,Latin America,2025-06-01,2021-02-13,58.4,856,31.49,0.3,26955.44,1132.04
S01785,G1228,Dragon Warriors 228,Shooter,Crystal Byte,PixelWorks,PlayStation 4,Japan,2024-04-01,2022-11-21,80.4,332,64.99,0.0,21576.68,654.81
S01411,G1056,Legend Rising 56,Shooter,,Arcadia Media,PlayStation 4,Europe,2022-09-01,2023-05-01,77.2,1641,51.99,0.2,85315.59,8777.31
S01660,G1163,Neon Origins 163,Strategy,Northstar Dev,Silverline Studios,PlayStation 4,Latin America,2024-12-01,2019-08-05,54.7,1583,49.99,0.0,79134.17,6036.97
S01414,G1055,Urban Rising 55,Strategy,Blue Oak Studio,Vertex Entertainment,PlayStation 4,Japan,2022-02-01,2021-12-02,55.4,171,44.99,0.1,7693.29,744.87
S02071,G1178,Storm Origins 178,Shooter,Wildcat Interactive,PixelWorks,PlayStation 4,Latin America,2024-10-01,2023-05-08,,906,58.49,0.1,52991.94,4798.64
S01265,G1022,Shadow Frontier 22,Adventure,Sunrise Labs,Vertex Entertainment,PlayStation 4,North America,2021-03-01,2019-12-12,77.0,888,49.49,0.1,43947.12,2181.14
S02064,G1071,Titan Chronicles 71,Sports,Digital Forge,Nova Interactive,Xbox One,Japan,2022-04-01,2020-11-02,77.9,1832,62.99,0.1,115397.68,14326.55
S02084,G1179,Kingdom Origins 179,Action,Crystal Byte,PixelWorks,PC,North America,2024-03-01,2020-08-25,68.9,3116,53.99,0.1,168232.84,23254.69
S02126,G1054,Star Rising 54,Simulation,Blue Oak Studio,Nova Interactive,PlayStation 4,Europe,2025-11-01,2020-08-13,77.0,777,44.99,0.0,34957.23,4562.02
S01911,G1255,Urban Tactics 255,Action,Moonlight Games,Titan Publishing,Xbox One,Europe,2025-03-01,2023-12-05,64.3,251,53.99,0.1,13551.49,828.95
S00939,G1168,Dragon Origins 168,Adventure,Iron Pixel,NextLevel Games,Xbox Series X,Europe,2022-12-01,2025-01-01,89.4,2028,54.99,0.0,111519.72,8374.99
S01915,G1117,Quantum Odyssey 117,Action,Digital Forge,Blue Horizon,PC,Japan,2022-08-01,2021-03-29,69.8,369,59.99,0.0,22136.31,1555.52
S00347,G1183,Neon Revolution 183,Adventure,Quantum Labs,NextLevel Games,PlayStation 5,North America,2025-01-01,2025-04-08,75.5,1274,38.49,0.3,49036.26,2541.94
S01643,G1199,Kingdom Revolution 199,Racing,ShadowWorks,Nova Interactive,Nintendo Switch,Japan,2023-07-01,2020-08-16,70.0,1391,53.99,0.1,75100.09,9616.71
S02179,G1171,Titan Origins 171,Simulation,Moonlight Games,Titan Publishing,PlayStation 4,Europe,2021-06-01,2024-02-11,63.3,906,44.99,0.0,40760.94,3334.0
S00386,G1135,Urban Strike 135,Strategy,Digital Forge,Titan Publishing,PlayStation 5,Asia Pacific,2021-02-01,2023-12-28,77.8,349,49.99,0.0,17446.51,1064.67
S01205,G1259,Kingdom Tactics 259,Simulation,Red Fox Studio,Titan Publishing,Xbox One,Latin America,2023-07-01,2021-12-21,83.2,574,44.99,0.0,25824.26,2210.86
S01243,G1062,Shadow Chronicles 62,Shooter,Digital Forge,NextLevel Games,Xbox Series X,Latin America,2024-09-01,2021-06-20,73.7,363,51.99,0.2,18872.37,1070.03
S00244,G1240,Eclipse Warriors 240,Sports,Digital Forge,Nova Interactive,Xbox Series X,Asia Pacific,2024-08-01,2021-07-29,66.4,3043,62.99,0.1,191678.57,13681.85
S01138,G1254,Star Tactics 254,Racing,Digital Forge,PixelWorks,Xbox One,North America,2021-10-01,2025-03-27,,1110,53.99,0.1,59928.9,5285.45
S00937,G1019,Kingdom Legends 19,Strategy,Red Fox Studio,Blue Horizon,PlayStation 5,Europe,2023-05-01,2023-05-26,73.5,1464,49.99,0.0,73185.36,6884.53
S01749,G1171,Titan Origins 171,Simulation,Moonlight Games,Titan Publishing,Xbox Series X,Asia Pacific,2024-05-01,2024-02-11,63.3,465,40.49,0.1,18827.85,2320.46
S00313,G1169,Velocity Origins 169,Racing,Northstar Dev,Arcadia Media,Nintendo Switch,Latin America,2024-11-01,2022-09-08,79.3,586,59.99,0.0,35154.14,4700.91
S02148,G1133,Frozen Strike 133,Sports,Quantum Labs,Vertex Entertainment,PlayStation 5,Asia Pacific,2021-04-01,2024-10-25,83.9,833,48.99,0.3,40808.67,5103.6
S00969,G1085,Iron Arena 85,Adventure,Wildcat Interactive,Silverline Studios,PC,Asia Pacific,2021-07-01,2021-04-19,81.4,1380,54.99,0.0,75886.2,10577.76
S00661,G1162,Shadow Origins 162,Racing,Iron Pixel,Silverline Studios,PC,Asia Pacific,2021-02-01,2020-03-08,,306,30.0,0.5,9180.0,1200.45
S01765,G1055,Urban Rising 55,Strategy,Blue Oak Studio,Vertex Entertainment,Xbox One,Europe,2024-07-01,2021-12-02,55.4,266,39.99,0.2,10637.34,712.42
S00371,G1084,Crystal Arena 84,Adventure,Digital Forge,Titan Publishing,Xbox One,Europe,2025-02-01,2020-08-15,62.7,828,54.99,0.0,45531.72,4378.78
S00567,G1111,Titan Odyssey 111,Racing,Moonlight Games,PixelWorks,PlayStation 5,Europe,2022-03-01,2019-07-07,69.7,4238,53.99,0.1,228809.62,9992.16
S01889,G1167,Rogue Origins 167,Shooter,Wildcat Interactive,PixelWorks,PlayStation 5,Japan,2024-01-01,2023-08-02,,448,51.99,0.2,23291.52,2747.25
S00825,G1039,Kingdom Frontier 39,Racing,Blue Oak Studio,Nova Interactive,PC,North America,2023-06-01,2024-12-10,62.4,414,41.99,0.3,17383.86,894.33
S00983,G1213,Frozen Quest 213,Sports,Wildcat Interactive,Vertex Entertainment,Xbox One,Japan,2022-02-01,2025-03-06,85.6,906,69.99,0.0,63410.94,3137.18
S01121,G1199,Kingdom Revolution 199,Racing,ShadowWorks,Nova Interactive,PC,Europe,2025-04-01,2020-08-16,70.0,693,59.99,0.0,41573.07,1486.38
S00814,G1155,Urban Reborn 155,Sports,Blue Oak Studio,Arcadia Media,PC,North America,2022-12-01,2022-12-31,74.2,1270,55.99,0.2,71107.3,3304.41
S00779,G1035,Urban Frontier 35,Action,Red Fox Studio,Vertex Entertainment,Xbox Series X,North America,2021-06-01,2021-05-06,,1903,41.99,0.3,79906.97,6692.56
S01053,G1070,Mystic Chronicles 70,Simulation,Northstar Dev,Vertex Entertainment,PC,Latin America,2025-06-01,2023-06-03,72.4,1016,44.99,0.0,45709.84,1917.02
S01386,G1108,Dragon Odyssey 108,Adventure,Wildcat Interactive,Silverline Studios,PlayStation 4,Latin America,2024-05-01,2019-11-23,98.0,859,49.49,0.1,42511.91,4063.76
S01014,G1153,Frozen Reborn 153,Simulation,Digital Forge,Silverline Studios,Nintendo Switch,Asia Pacific,2023-06-01,2020-07-03,67.5,1802,31.49,0.3,56744.98,2504.95
S01302,G1020,Eclipse Legends 20,Simulation,Wildcat Interactive,Titan Publishing,Xbox Series X,Europe,2021-10-01,2025-06-05,,1434,40.49,0.1,58062.66,6431.01
S01619,G1159,Kingdom Reborn 159,Sports,Blue Oak Studio,Nova Interactive,PlayStation 4,Japan,2023-06-01,2025-04-28,52.2,635,69.99,0.0,44443.65,3438.82
S00127,G1184,Crystal Revolution 184,Strategy,Sunrise Labs,Vertex Entertainment,PC,Latin America,2021-02-01,2021-05-17,,2034,44.99,0.1,91509.66,4262.49
S00888,G1045,Iron Rising 45,Shooter,Digital Forge,Titan Publishing,Xbox Series X,Asia Pacific,2021-06-01,2023-07-18,71.9,1398,64.99,0.0,90856.02,6817.85
S01008,G1015,Urban Legends 15,RPG,Sunrise Labs,Blue Horizon,Xbox Series X,North America,2025-01-01,2021-06-29,84.6,507,64.99,0.0,32949.93,1442.18
S00356,G1170,Mystic Origins 170,Action,Sunrise Labs,Vertex Entertainment,Xbox Series X,Japan,2025-10-01,2021-03-13,83.8,149,59.99,0.0,8938.51,720.86
S01778,G1237,Quantum Warriors 237,Simulation,Northstar Dev,Silverline Studios,PlayStation 4,Asia Pacific,2023-10-01,2024-11-02,89.1,948,31.49,0.3,29852.52,1612.46
S00683,G1217,Quantum Quest 217,Simulation,Iron Pixel,Vertex Entertainment,Nintendo Switch,Japan,2025-12-01,2023-08-03,71.4,797,35.99,0.2,28684.03,1914.32
S01819,G1209,Velocity Quest 209,RPG,Northstar Dev,NextLevel Games,PC,Latin America,2023-11-01,2025-06-15,81.3,663,58.49,0.1,38778.87,1872.58
S01942,G1016,Legend Legends 16,Racing,ShadowWorks,Arcadia Media,PlayStation 5,Asia Pacific,2025-12-01,2025-06-19,98.0,1124,59.99,0.0,67428.76,4018.7
S00985,G1244,Crystal Tactics 244,Adventure,Blue Oak Studio,PixelWorks,PlayStation 5,Asia Pacific,2021-07-01,2023-05-23,79.0,1371,43.99,0.2,60310.29,6351.9
S01710,G1151,Titan Reborn 151,Adventure,Blue Oak Studio,Arcadia Media,Xbox One,North America,2021-02-01,2024-06-19,68.1,1020,54.99,0.0,56089.8,2943.3
S00141,G1035,Urban Frontier 35,Action,Red Fox Studio,Vertex Entertainment,Xbox One,Asia Pacific,2024-12-01,2021-05-06,,744,59.99,0.0,44632.56,4296.43
S01927,G1218,Storm Quest 218,Simulation,Blue Oak Studio,Silverline Studios,PlayStation 4,Latin America,2021-10-01,2022-03-14,59.9,458,44.99,0.0,20605.42,2312.3
S01582,G1073,Frozen Chronicles 73,Strategy,Digital Forge,Silverline Studios,Nintendo Switch,Europe,2022-08-01,2025-02-27,78.9,922,44.99,0.1,41480.78,1553.76
S01255,G1063,Neon Chronicles 63,RPG,Moonlight Games,Blue Horizon,PC,North America,2022-02-01,2019-11-18,63.7,3242,58.49,0.1,189624.58,16561.96
S02118,G1006,Solar Legends 6,Strategy,Crystal Byte,PixelWorks,Xbox Series X,Asia Pacific,2022-02-01,2023-02-04,55.5,1319,44.99,0.1,59341.81,6789.14
S02199,G1076,Legend Chronicles 76,Adventure,Northstar Dev,Vertex Entertainment,PlayStation 4,Japan,2022-10-01,2021-02-07,93.4,549,54.99,0.0,30189.51,2410.9
S01390,G1245,Iron Tactics 245,Shooter,Blue Oak Studio,Nova Interactive,PC,Europe,2025-06-01,2020-09-30,60.8,446,45.49,0.3,20288.54,1907.78
S02040,G1027,Rogue Frontier 27,Adventure,ShadowWorks,Silverline Studios,PlayStation 5,Japan,2021-01-01,2023-08-19,,209,54.99,0.0,11492.91,381.81
S00712,G1060,Eclipse Rising 60,Simulation,Blue Oak Studio,Nova Interactive,PlayStation 5,Latin America,2025-12-01,2020-02-09,67.3,800,35.99,0.2,28792.0,2857.75
S01164,G1233,Frozen Warriors 233,Strategy,Quantum Labs,Titan Publishing,Xbox Series X,Asia Pacific,2024-08-01,2022-12-07,69.7,1065,44.99,0.1,47914.35,5273.99
S01991,G1131,Titan Strike 131,RPG,Sunrise Labs,Titan Publishing,Nintendo Switch,Latin America,2025-08-01,2019-09-04,83.2,957,58.49,0.1,55974.93,4582.6
S00011,G1095,Urban Arena 95,Action,Northstar Dev,Arcadia Media,PlayStation 5,Europe,2021-11-01,2021-08-11,76.2,1330,53.99,0.1,71806.7,6947.8
S01656,G1255,Urban Tactics 255,Action,Moonlight Games,Titan Publishing,PC,Asia Pacific,2023-01-01,2023-12-05,64.3,1886,59.99,0.0,113141.14,11634.1
S01290,G1005,Iron Legends 5,RPG,Quantum Labs,Nova Interactive,Xbox Series X,Latin America,2021-04-01,2021-10-12,78.0,140,64.99,0.0,9098.6,811.8
S00755,G1094,Star Arena 94,Action,ShadowWorks,PixelWorks,Xbox Series X,North America,2022-03-01,2024-05-17,56.9,1704,53.99,0.1,91998.96,9714.0
S00627,G1138,Storm Strike 138,Racing,Red Fox Studio,Silverline Studios,PlayStation 4,Asia Pacific,2023-07-01,2023-09-18,,225,59.99,0.0,13497.75,1249.3
S01316,G1233,Frozen Warriors 233,Strategy,Quantum Labs,Titan Publishing,PlayStation 5,Asia Pacific,2022-11-01,2022-12-07,69.7,1350,39.99,0.2,53986.5,4941.78
S00130,G1112,Cyber Odyssey 112,Action,Red Fox Studio,Titan Publishing,Nintendo Switch,North America,2023-11-01,2025-01-26,77.8,1178,59.99,0.0,70668.22,8716.5
S00844,G1189,Velocity Revolution 189,Shooter,Quantum Labs,Titan Publishing,Nintendo Switch,Europe,2021-01-01,2020-09-30,87.7,757,58.49,0.1,44276.93,3711.24
S00324,G1039,Kingdom Frontier 39,Racing,Blue Oak Studio,Nova Interactive,PlayStation 5,Latin America,2024-10-01,2024-12-10,62.4,1470,53.99,0.1,79365.3,5411.57
S01288,G1001,Apex Legends 1,Racing,Digital Forge,Titan Publishing,Nintendo Switch,Latin America,2022-03-01,2022-03-07,62.1,539,59.99,0.0,32334.61,1265.19
S00015,G1029,Velocity Frontier 29,Strategy,Wildcat Interactive,NextLevel Games,PC,Asia Pacific,2022-12-01,2024-11-12,89.2,351,34.99,0.3,12281.49,789.4
S01661,G1161,Apex Origins 161,Strategy,Northstar Dev,Silverline Studios,Nintendo Switch,Latin America,2024-08-01,2025-02-28,66.8,363,44.99,0.1,16331.37,870.61
S00216,G1022,Shadow Frontier 22,Adventure,Sunrise Labs,Vertex Entertainment,Nintendo Switch,North America,2022-02-01,2019-12-12,77.0,5397,54.99,0.0,296781.03,17057.47
S01234,G1176,Legend Origins 176,Strategy,Blue Oak Studio,PixelWorks,PlayStation 4,North America,2022-08-01,2020-02-08,,4108,25.0,0.5,102700.0,6286.42
S01488,G1062,Shadow Chronicles 62,Shooter,Digital Forge,NextLevel Games,Xbox Series X,North America,2024-12-01,2021-06-20,73.7,542,51.99,0.2,28178.58,1873.73
S01551,G1144,Crystal Reborn 144,Adventure,Wildcat Interactive,Arcadia Media,Xbox Series X,Europe,2024-03-01,2022-07-24,68.0,495,49.49,0.1,24497.55,3131.17
S00865,G1014,Star Legends 14,Sports,Quantum Labs,Nova Interactive,Nintendo Switch,North America,2024-07-01,2024-01-16,75.2,1098,55.99,0.2,61477.02,4929.29
S00517,G1099,Kingdom Arena 99,Sports,Sunrise Labs,Arcadia Media,Xbox One,Japan,2025-04-01,2021-05-27,,607,55.99,0.2,33985.93,1502.04
S00598,G1048,Dragon Rising 48,Adventure,Quantum Labs,Nova Interactive,PlayStation 4,Europe,2023-06-01,2022-07-06,,574,27.5,0.5,15785.0,2105.93
S00196,G1013,Frozen Legends 13,Adventure,Digital Forge,Nova Interactive,PC,North America,2021-01-01,2021-07-08,74.5,751,49.49,0.1,37166.99,5190.0
S00289,G1014,Star Legends 14,Sports,Quantum Labs,Nova Interactive,Xbox One,Latin America,2021-12-01,2024-01-16,75.2,112,55.99,0.2,6270.88,867.38
S00951,G1047,Rogue Rising 47,Action,Moonlight Games,Silverline Studios,Xbox Series X,Asia Pacific,2023-08-01,2021-09-08,65.3,436,59.99,0.0,26155.64,3554.12
S01395,G1211,Titan Quest 211,RPG,Sunrise Labs,Titan Publishing,Nintendo Switch,Asia Pacific,2024-11-01,2023-04-26,,1138,64.99,0.0,73958.62,9254.48
S01630,G1210,Mystic Quest 210,Shooter,Orbit Games,Titan Publishing,Nintendo Switch,Latin America,2025-11-01,2020-10-03,,240,64.99,0.0,15597.6,603.29
S00550,G1182,Shadow Revolution 182,Action,Sunrise Labs,Silverline Studios,PlayStation 5,Latin America,2024-08-01,2024-09-02,83.3,3783,59.99,0.0,226942.17,22781.19
S00157,G1252,Cyber Tactics 252,Simulation,Crystal Byte,NextLevel Games,PC,Europe,2021-06-01,2024-08-19,81.0,1138,35.99,0.2,40956.62,4341.9
S00420,G1049,Velocity Rising 49,RPG,Crystal Byte,Blue Horizon,PlayStation 4,North America,2025-03-01,2022-08-31,60.2,3148,64.99,0.0,204588.52,24018.87
S00923,G1141,Apex Reborn 141,Action,Orbit Games,Vertex Entertainment,Nintendo Switch,North America,2023-08-01,2021-11-25,93.7,1391,41.99,0.3,58408.09,5622.69
S00478,G1039,Kingdom Frontier 39,Racing,Blue Oak Studio,Nova Interactive,PlayStation 4,Latin America,2024-11-01,2024-12-10,62.4,822,59.99,0.0,49311.78,2743.91
S01252,G1223,Neon Warriors 223,Action,Quantum Labs,NextLevel Games,Xbox Series X,North America,2025-04-01,2023-06-14,,2527,47.99,0.2,121270.73,13467.99
S00554,G1172,Cyber Origins 172,Simulation,Crystal Byte,Titan Publishing,Nintendo Switch,Europe,2021-07-01,2021-02-13,58.4,1102,40.49,0.1,44619.98,2885.95
S00391,G1071,Titan Chronicles 71,Sports,Digital Forge,Nova Interactive,Nintendo Switch,Latin America,2022-12-01,2020-11-02,77.9,658,69.99,0.0,46053.42,3681.22
S00579,G1134,Star Strike 134,Action,Orbit Games,Silverline Studios,Xbox Series X,Latin America,2021-07-01,2020-04-02,67.2,713,59.99,0.0,42772.87,3429.16
S02024,G1065,Iron Chronicles 65,Sports,Red Fox Studio,Nova Interactive,PlayStation 4,Asia Pacific,2025-09-01,2025-05-07,,532,55.99,0.2,29786.68,3391.7
S01567,G1253,Frozen Tactics 253,Simulation,Moonlight Games,Vertex Entertainment,Xbox Series X,Asia Pacific,2025-02-01,2022-11-15,64.5,1527,22.5,0.5,34357.5,1809.15
S01946,G1016,Legend Legends 16,Racing,ShadowWorks,Arcadia Media,Nintendo Switch,Asia Pacific,2022-01-01,2025-06-19,98.0,728,47.99,0.2,34936.72,1072.69
S00821,G1215,Urban Quest 215,RPG,Quantum Labs,PixelWorks,Nintendo Switch,North America,2025-10-01,2025-02-19,69.8,7263,58.49,0.1,424812.87,50557.48
S02108,G1192,Cyber Revolution 192,Adventure,Red Fox Studio,Titan Publishing,Xbox Series X,North America,2021-05-01,2022-07-12,77.0,1925,43.99,0.2,84680.75,3782.93
S01007,G1199,Kingdom Revolution 199,Racing,ShadowWorks,Nova Interactive,PC,North America,2021-03-01,2020-08-16,70.0,1300,30.0,0.5,39000.0,2360.32
S01242,G1015,Urban Legends 15,RPG,Sunrise Labs,Blue Horizon,Nintendo Switch,Europe,2021-02-01,2021-06-29,84.6,441,45.49,0.3,20061.09,1177.34
S00665,G1145,Iron Reborn 145,RPG,Blue Oak Studio,Vertex Entertainment,PlayStation 5,Japan,2022-04-01,2021-10-05,71.5,2625,32.49,0.5,85286.25,4679.04
S01782,G1023,Neon Frontier 23,Racing,Digital Forge,Arcadia Media,Xbox Series X,Latin America,2023-01-01,2022-09-23,76.5,2107,47.99,0.2,101114.93,4665.47
S00143,G1026,Solar Frontier 26,RPG,Red Fox Studio,PixelWorks,PlayStation 5,North America,2023-04-01,2023-02-07,71.2,280,58.49,0.1,16377.2,696.99
S02121,G1056,Legend Rising 56,Shooter,Quantum Labs,Arcadia Media,PlayStation 4,Asia Pacific,2023-10-01,2023-05-01,77.2,398,64.99,0.0,25866.02,1831.54
S01396,G1234,Star Warriors 234,Shooter,Northstar Dev,Arcadia Media,PC,North America,2023-01-01,2024-06-29,52.8,2186,58.49,0.1,127859.14,13549.16
S00422,G1103,Neon Odyssey 103,RPG,Northstar Dev,Arcadia Media,Xbox Series X,Latin America,2025-01-01,2025-02-25,87.8,384,51.99,0.2,19964.16,2437.02
S00800,G1136,Legend Strike 136,Sports,Northstar Dev,NextLevel Games,PlayStation 4,Japan,2022-09-01,2021-10-08,84.3,181,34.99,0.5,6333.19,244.47
S00616,G1120,Eclipse Odyssey 120,Simulation,Wildcat Interactive,Arcadia Media,PlayStation 4,Asia Pacific,2023-07-01,2019-04-15,68.5,948,44.99,0.0,42650.52,2599.89
S00296,G1057,Quantum Rising 57,Racing,Orbit Games,Arcadia Media,Xbox Series X,Japan,2024-09-01,2023-01-09,69.6,820,41.99,0.3,34431.8,4786.02
S00402,G1164,Crystal Origins 164,Adventure,Crystal Byte,Arcadia Media,Xbox One,Latin America,2022-10-01,2023-10-25,63.3,360,54.99,0.0,19796.4,1621.01
S00089,G1129,Velocity Strike 129,Adventure,Digital Forge,Nova Interactive,PC,Latin America,2024-06-01,2019-03-19,59.4,499,54.99,0.0,27440.01,2289.59
S02112,G1123,Neon Strike 123,Racing,Quantum Labs,Arcadia Media,Xbox One,North America,2022-05-01,2020-04-10,72.6,911,59.99,0.0,54650.89,3911.49
S02166,G1010,Mystic Legends 10,Shooter,Blue Oak Studio,Silverline Studios,Xbox One,North America,2024-04-01,2024-07-16,92.6,753,64.99,0.0,48937.47,5579.75
S00132,G1216,Legend Quest 216,Racing,Iron Pixel,PixelWorks,PC,North America,2022-09-01,2025-03-17,70.2,1055,59.99,0.0,63289.45,6591.24
S01613,G1212,Cyber Quest 212,Racing,Digital Forge,Vertex Entertainment,Xbox One,Latin America,2024-08-01,2022-12-21,67.9,212,59.99,0.0,12717.88,1373.68
S01425,G1027,Rogue Frontier 27,Adventure,ShadowWorks,Silverline Studios,PC,North America,2024-01-01,2023-08-19,,3035,54.99,0.0,166894.65,21435.15
S01589,G1005,Iron Legends 5,RPG,Quantum Labs,Nova Interactive,Nintendo Switch,Latin America,2022-09-01,2021-10-12,78.0,1398,58.49,0.1,81769.02,4616.66
S01776,G1084,Crystal Arena 84,Adventure,Digital Forge,Titan Publishing,PlayStation 5,Europe,2021-09-01,2020-08-15,62.7,3167,49.49,0.1,156734.83,7725.44
S00725,G1230,Mystic Warriors 230,Simulation,Iron Pixel,Silverline Studios,PC,Japan,2023-02-01,2023-07-06,68.3,548,22.5,0.5,12330.0,402.3
S01346,G1244,Crystal Tactics 244,Adventure,Blue Oak Studio,PixelWorks,Xbox Series X,Latin America,2024-03-01,2023-05-23,79.0,286,43.99,0.2,12581.14,1432.76
S00270,G1079,Kingdom Chronicles 79,Adventure,Moonlight Games,Titan Publishing,PlayStation 5,Asia Pacific,2025-11-01,2023-10-10,84.4,1749,54.99,0.0,96177.51,5505.82
S01609,G1180,Eclipse Origins 180,Shooter,Blue Oak Studio,NextLevel Games,PC,Latin America,2025-05-01,2023-07-06,77.5,1091,45.49,0.3,49629.59,1608.04
S00918,G1185,Iron Revolution 185,Shooter,Orbit Games,Vertex Entertainment,PlayStation 4,North America,2024-01-01,2020-03-24,64.6,548,64.99,0.0,35614.52,1129.41
S01741,G1181,Apex Revolution 181,Action,Moonlight Games,PixelWorks,PlayStation 4,Japan,2022-11-01,2020-03-20,85.5,391,41.99,0.3,16418.09,2199.01
S01558,G1188,Dragon Revolution 188,Action,Moonlight Games,NextLevel Games,Nintendo Switch,North America,2021-10-01,2019-08-05,84.5,511,53.99,0.1,27588.89,1588.05
S00376,G1159,Kingdom Reborn 159,Sports,Blue Oak Studio,Nova Interactive,Nintendo Switch,Japan,2022-08-01,2025-04-28,52.2,1155,48.99,0.3,56583.45,1811.34
S00334,G1039,Kingdom Frontier 39,Racing,Blue Oak Studio,Nova Interactive,Nintendo Switch,Japan,2025-05-01,2024-12-10,62.4,955,59.99,0.0,57290.45,6432.54
S01367,G1177,Quantum Origins 177,Sports,ShadowWorks,Vertex Entertainment,Nintendo Switch,Asia Pacific,2022-10-01,2021-06-19,55.3,3677,55.99,0.2,205875.23,7995.42
S02067,G1200,Eclipse Revolution 200,Action,Digital Forge,PixelWorks,Xbox Series X,Latin America,2025-09-01,2022-03-14,67.8,504,53.99,0.1,27210.96,1226.93
S01119,G1171,Titan Origins 171,Simulation,Moonlight Games,Titan Publishing,PlayStation 4,Asia Pacific,2021-07-01,2024-02-11,63.3,1967,44.99,0.0,88495.33,10296.23
S00911,G1026,Solar Frontier 26,RPG,Red Fox Studio,PixelWorks,PC,Latin America,2021-01-01,2023-02-07,71.2,1033,64.99,0.0,67134.67,2890.94
S00777,G1002,Shadow Legends 2,Strategy,Red Fox Studio,PixelWorks,Xbox One,Latin America,2022-05-01,2023-02-05,88.3,491,44.99,0.1,22090.09,1363.46
S01971,G1114,Star Odyssey 114,Shooter,Digital Forge,Arcadia Media,Nintendo Switch,Japan,2024-01-01,2022-09-19,92.7,1111,32.49,0.5,36096.39,3170.69
S00329,G1162,Shadow Origins 162,Racing,Iron Pixel,Silverline Studios,Nintendo Switch,Asia Pacific,2021-03-01,2020-03-08,,2306,53.99,0.1,124500.94,9600.7
S01813,G1150,Mystic Reborn 150,RPG,Moonlight Games,Vertex Entertainment,PlayStation 5,North America,2023-06-01,2019-12-20,78.9,959,51.99,0.2,49858.41,1873.26
S00013,G1200,Eclipse Revolution 200,Action,Digital Forge,PixelWorks,Xbox One,Europe,2022-07-01,2022-03-14,67.8,1715,41.99,0.3,72012.85,5312.34
S00898,G1056,Legend Rising 56,Shooter,Quantum Labs,Arcadia Media,PC,Asia Pacific,2025-04-01,2023-05-01,77.2,1249,45.49,0.3,56817.01,3847.59
S00172,G1160,Eclipse Reborn 160,Sports,Wildcat Interactive,Nova Interactive,PlayStation 4,Europe,2022-08-01,2019-03-02,,994,62.99,0.1,62612.06,2613.41
S00261,G1111,Titan Odyssey 111,Racing,Moonlight Games,PixelWorks,Xbox Series X,North America,2024-03-01,2019-07-07,69.7,412,53.99,0.1,22243.88,1500.4
S01428,G1173,Frozen Origins 173,Sports,Orbit Games,Titan Publishing,Nintendo Switch,Asia Pacific,2021-02-01,2020-08-27,76.0,828,69.99,0.0,57951.72,6604.39
S01673,G1221,Apex Warriors 221,Adventure,Red Fox Studio,Titan Publishing,Nintendo Switch,Japan,2023-03-01,2020-02-28,71.6,1520,43.99,0.2,66864.8,7811.83
S00902,G1174,Star Origins 174,Adventure,ShadowWorks,Arcadia Media,PlayStation 5,Japan,2021-09-01,2023-07-07,91.5,841,49.49,0.1,41621.09,4901.76
S00259,G1112,Cyber Odyssey 112,Action,Red Fox Studio,Titan Publishing,Xbox One,Europe,2025-02-01,2025-01-26,77.8,113,53.99,0.1,6100.87,609.83
S00845,G1174,Star Origins 174,Adventure,ShadowWorks,Arcadia Media,Xbox Series X,Europe,2022-10-01,2023-07-07,91.5,746,43.99,0.2,32816.54,2729.41
S00139,G1122,Shadow Strike 122,Racing,Red Fox Studio,Blue Horizon,Nintendo Switch,Japan,2021-04-01,2021-02-05,70.3,292,59.99,0.0,17517.08,1590.12
S00320,G1043,Neon Rising 43,Sports,Sunrise Labs,Arcadia Media,PlayStation 4,North America,2025-04-01,2022-08-21,62.8,444,62.99,0.1,27967.56,3366.17
S01809,G1251,Titan Tactics 251,Sports,Iron Pixel,Silverline Studios,PlayStation 5,Japan,2025-07-01,2024-06-23,75.0,3222,69.99,0.0,225507.78,27210.17
S01453,G1104,Crystal Odyssey 104,Adventure,Wildcat Interactive,Nova Interactive,PlayStation 5,Japan,2023-09-01,2021-06-26,61.7,741,54.99,0.0,40747.59,3696.87
S01387,G1155,Urban Reborn 155,Sports,Blue Oak Studio,Arcadia Media,Xbox Series X,Japan,2022-10-01,2022-12-31,74.2,920,48.99,0.3,45070.8,4294.22
S00559,G1041,Apex Rising 41,Racing,ShadowWorks,Silverline Studios,PlayStation 5,Latin America,2021-12-01,2020-01-22,66.3,191,47.99,0.2,9166.09,396.62
S00140,G1208,Dragon Quest 208,RPG,Digital Forge,Silverline Studios,PlayStation 5,Asia Pacific,2024-01-01,2022-12-01,,1675,58.49,0.1,97970.75,4553.42
S00113,G1105,Iron Odyssey 105,Racing,ShadowWorks,Titan Publishing,Nintendo Switch,Latin America,2023-07-01,2019-08-02,72.8,217,53.99,0.1,11715.83,770.85
S00532,G1085,Iron Arena 85,Adventure,Wildcat Interactive,Silverline Studios,Xbox Series X,Europe,2022-07-01,2021-04-19,81.4,1582,49.49,0.1,78293.18,7739.16
S00225,G1227,Rogue Warriors 227,RPG,Red Fox Studio,NextLevel Games,PlayStation 5,Japan,2022-10-01,2023-05-26,73.2,1356,45.49,0.3,61684.44,4262.2
S00724,G1107,Rogue Odyssey 107,RPG,ShadowWorks,Arcadia Media,PC,Europe,2023-04-01,2021-03-12,67.1,1812,32.49,0.5,58871.88,7543.45
S02036,G1222,Shadow Warriors 222,Racing,Quantum Labs,Silverline Studios,PlayStation 4,Asia Pacific,2022-03-01,2022-03-25,93.3,1706,59.99,0.0,102342.94,5049.04
S01737,G1241,Apex Tactics 241,RPG,Northstar Dev,Arcadia Media,PC,Asia Pacific,2022-07-01,2025-06-12,74.1,2640,32.49,0.5,85773.6,4768.88
S00326,G1026,Solar Frontier 26,RPG,Red Fox Studio,PixelWorks,PlayStation 4,North America,2024-10-01,2023-02-07,71.2,469,58.49,0.1,27431.81,1171.54
S01489,G1092,Cyber Arena 92,Strategy,Moonlight Games,Titan Publishing,PlayStation 5,Japan,2024-10-01,2021-09-22,73.7,400,44.99,0.1,17996.0,934.22
S01698,G1166,Solar Origins 166,Strategy,Crystal Byte,Nova Interactive,PC,North America,2024-03-01,2019-10-20,82.0,953,25.0,0.5,23825.0,2242.16
S00715,G1183,Neon Revolution 183,Adventure,Quantum Labs,NextLevel Games,Nintendo Switch,Europe,2023-03-01,2025-04-08,75.5,2004,54.99,0.0,110199.96,11857.79
S00847,G1081,Apex Arena 81,RPG,Wildcat Interactive,Nova Interactive,Xbox One,Europe,2022-04-01,2023-04-03,76.3,138,58.49,0.1,8071.62,297.31
S00194,G1190,Mystic Revolution 190,Action,Blue Oak Studio,Vertex Entertainment,Xbox One,North America,2025-02-01,2020-08-08,,374,53.99,0.1,20192.26,988.56
S00574,G1003,Neon Legends 3,Adventure,Blue Oak Studio,NextLevel Games,Nintendo Switch,North America,2023-11-01,2019-07-29,98.0,2146,54.99,0.0,118008.54,10579.12
S00947,G1108,Dragon Odyssey 108,Adventure,Wildcat Interactive,Silverline Studios,Nintendo Switch,Japan,2021-07-01,2019-11-23,98.0,1277,54.99,0.0,70222.23,7478.71
S00504,G1034,Star Frontier 34,Action,Red Fox Studio,Titan Publishing,Xbox One,Europe,2021-03-01,2022-09-16,49.7,582,59.99,0.0,34914.18,3372.6
S01382,G1099,Kingdom Arena 99,Sports,Sunrise Labs,Arcadia Media,Xbox One,Japan,2024-02-01,2021-05-27,,693,62.99,0.1,43652.07,3505.64
S01379,G1124,Crystal Strike 124,Adventure,Red Fox Studio,Blue Horizon,PlayStation 4,Asia Pacific,2022-04-01,2021-06-01,69.5,1336,43.99,0.2,58770.64,7287.34
S00646,G1218,Storm Quest 218,Simulation,Blue Oak Studio,Silverline Studios,PC,Latin America,2022-10-01,2022-03-14,59.9,1226,44.99,0.0,55157.74,2343.17
S00004,G1079,Kingdom Chronicles 79,Adventure,Moonlight Games,Titan Publishing,Xbox One,Europe,2021-10-01,2023-10-10,84.4,756,49.49,0.1,37414.44,5076.9
S01466,G1045,Iron Rising 45,Shooter,Digital Forge,Titan Publishing,PlayStation 4,Asia Pacific,2025-03-01,2023-07-18,71.9,594,64.99,0.0,38604.06,2315.35
S00468,G1045,Iron Rising 45,Shooter,Digital Forge,Titan Publishing,Xbox Series X,Europe,2023-12-01,2023-07-18,71.9,2547,64.99,0.0,165529.53,10644.71
S00006,G1201,Apex Quest 201,RPG,Crystal Byte,Arcadia Media,Xbox Series X,Latin America,2025-12-01,2024-05-12,63.9,1363,64.99,0.0,88581.37,11052.42
S02133,G1003,Neon Legends 3,Adventure,Blue Oak Studio,NextLevel Games,Xbox One,Latin America,2023-05-01,2019-07-29,98.0,453,54.99,0.0,24910.47,3275.8
S00548,G1162,Shadow Origins 162,Racing,Iron Pixel,Silverline Studios,Xbox Series X,North America,2025-11-01,2020-03-08,,410,59.99,0.0,24595.9,2878.55
S00229,G1040,Eclipse Frontier 40,Sports,Wildcat Interactive,Arcadia Media,PC,Japan,2021-08-01,2020-12-22,74.7,388,62.99,0.1,24440.12,1813.76
S01064,G1224,Crystal Warriors 224,RPG,Crystal Byte,Silverline Studios,PlayStation 5,North America,2023-05-01,2022-11-13,44.4,3816,58.49,0.1,223197.84,11360.83
S00543,G1011,Titan Legends 11,Action,Wildcat Interactive,NextLevel Games,PlayStation 5,Europe,2024-11-01,2023-10-13,75.2,458,59.99,0.0,27475.42,1257.29
S00243,G1136,Legend Strike 136,Sports,Northstar Dev,NextLevel Games,PlayStation 5,Latin America,2023-01-01,2021-10-08,84.3,497,69.99,0.0,34785.03,2110.76
S00899,G1174,Star Origins 174,Adventure,ShadowWorks,Arcadia Media,Xbox One,Asia Pacific,2021-09-01,2023-07-07,91.5,236,49.49,0.1,11679.64,441.01
S01336,G1032,Cyber Frontier 32,Strategy,Sunrise Labs,Blue Horizon,PC,Europe,2022-08-01,2024-01-30,56.8,143,39.99,0.2,5718.57,191.13
S01161,G1137,Quantum Strike 137,Adventure,Orbit Games,Silverline Studios,Xbox Series X,Latin America,2024-01-01,2021-05-19,,877,38.49,0.3,33755.73,1623.72
S02076,G1075,Urban Chronicles 75,Shooter,Wildcat Interactive,Arcadia Media,PlayStation 5,Latin America,2023-05-01,2019-03-19,74.3,849,64.99,0.0,55176.51,6324.7
S01728,G1211,Titan Quest 211,RPG,Sunrise Labs,Titan Publishing,Xbox One,Japan,2021-01-01,2023-04-26,,403,51.99,0.2,20951.97,2726.53
S00843,G1050,Mystic Rising 50,Adventure,Red Fox Studio,Blue Horizon,Xbox One,Latin America,2021-01-01,2019-12-12,,613,54.99,0.0,33708.87,4487.84
S01799,G1042,Shadow Rising 42,RPG,Crystal Byte,Silverline Studios,Xbox Series X,Japan,2024-01-01,2023-05-03,75.7,394,64.99,0.0,25606.06,861.13
S01362,G1120,Eclipse Odyssey 120,Simulation,Wildcat Interactive,Arcadia Media,Nintendo Switch,Latin America,2025-09-01,2019-04-15,68.5,678,22.5,0.5,15255.0,1606.68
S00277,G1232,Cyber Warriors 232,Sports,Orbit Games,Arcadia Media,PlayStation 4,Asia Pacific,2023-11-01,2023-06-27,83.9,456,55.99,0.2,25531.44,1667.88
S00662,G1174,Star Origins 174,Adventure,ShadowWorks,Arcadia Media,Nintendo Switch,Europe,2021-11-01,2023-07-07,91.5,4896,54.99,0.0,269231.04,26197.13
S01423,G1081,Apex Arena 81,RPG,Wildcat Interactive,Nova Interactive,PC,Japan,2022-08-01,2023-04-03,76.3,909,58.49,0.1,53167.41,1749.56
S00315,G1053,Frozen Rising 53,Adventure,Sunrise Labs,Vertex Entertainment,Xbox Series X,North America,2025-10-01,2022-08-24,86.5,1055,54.99,0.0,58014.45,2047.55
S00692,G1075,Urban Chronicles 75,Shooter,Wildcat Interactive,Arcadia Media,PlayStation 5,Japan,2023-01-01,2019-03-19,74.3,1371,58.49,0.1,80189.79,3289.89
S01783,G1168,Dragon Origins 168,Adventure,Iron Pixel,NextLevel Games,Nintendo Switch,Latin America,2023-01-01,2025-01-01,89.4,268,49.49,0.1,13263.32,684.52
S00425,G1053,Frozen Rising 53,Adventure,Sunrise Labs,Vertex Entertainment,PlayStation 5,Europe,2023-12-01,2022-08-24,86.5,518,49.49,0.1,25635.82,2873.29
S00595,G1180,Eclipse Origins 180,Shooter,Blue Oak Studio,NextLevel Games,PlayStation 4,North America,2022-10-01,2023-07-06,77.5,1307,45.49,0.3,59455.43,5306.76
S02180,G1015,Urban Legends 15,RPG,Sunrise Labs,Blue Horizon,Xbox Series X,Japan,2022-02-01,2021-06-29,84.6,812,51.99,0.2,42215.88,3208.19
S00623,G1027,Rogue Frontier 27,Adventure,ShadowWorks,Silverline Studios,PC,Asia Pacific,2023-12-01,2023-08-19,,541,49.49,0.1,26774.09,854.77
S01380,G1218,Storm Quest 218,Simulation,Blue Oak Studio,Silverline Studios,Nintendo Switch,Latin America,2024-11-01,2022-03-14,59.9,1009,35.99,0.2,36313.91,2637.49
S01235,G1215,Urban Quest 215,RPG,Quantum Labs,PixelWorks,Nintendo Switch,North America,2021-05-01,2025-02-19,69.8,907,64.99,0.0,58945.93,1843.59
S00228,G1183,Neon Revolution 183,Adventure,Quantum Labs,NextLevel Games,PC,Europe,2025-05-01,2025-04-08,75.5,609,49.49,0.1,30139.41,2473.12
S01320,G1255,Urban Tactics 255,Action,Moonlight Games,Titan Publishing,PlayStation 5,Japan,2023-05-01,2023-12-05,64.3,1110,47.99,0.2,53268.9,2053.99
S01170,G1192,Cyber Revolution 192,Adventure,Red Fox Studio,Titan Publishing,PlayStation 5,Latin America,2021-07-01,2022-07-12,77.0,1021,38.49,0.3,39298.29,1273.98
S01621,G1259,Kingdom Tactics 259,Simulation,Red Fox Studio,Titan Publishing,Nintendo Switch,Asia Pacific,2025-09-01,2021-12-21,83.2,959,44.99,0.0,43145.41,5897.06
S01608,G1013,Frozen Legends 13,Adventure,Digital Forge,Nova Interactive,PlayStation 4,North America,2023-05-01,2021-07-08,74.5,1052,49.49,0.1,52063.48,4689.57
S00067,G1206,Solar Quest 206,Sports,ShadowWorks,Vertex Entertainment,Nintendo Switch,North America,2024-11-01,2024-06-13,76.9,1307,62.99,0.1,82327.93,2815.61
S00025,G1073,Frozen Chronicles 73,Strategy,Digital Forge,Silverline Studios,PlayStation 5,Europe,2023-01-01,2025-02-27,78.9,1397,44.99,0.1,62851.03,4266.89
S01236,G1150,Mystic Reborn 150,RPG,Moonlight Games,Vertex Entertainment,Xbox Series X,Europe,2022-03-01,2019-12-20,78.9,438,64.99,0.0,28465.62,1696.35
S00145,G1192,Cyber Revolution 192,Adventure,Red Fox Studio,Titan Publishing,PC,Europe,2021-02-01,2022-07-12,77.0,722,54.99,0.0,39702.78,2597.52
S00537,G1136,Legend Strike 136,Sports,Northstar Dev,NextLevel Games,Xbox One,Japan,2022-12-01,2021-10-08,84.3,286,69.99,0.0,20017.14,637.67
S00812,G1163,Neon Origins 163,Strategy,Northstar Dev,Silverline Studios,PlayStation 5,North America,2023-07-01,2019-08-05,54.7,1180,49.99,0.0,58988.2,5327.05
S01983,G1210,Mystic Quest 210,Shooter,Orbit Games,Titan Publishing,PC,North America,2024-03-01,2020-10-03,,720,58.49,0.1,42112.8,3959.07
S00086,G1255,Urban Tactics 255,Action,Moonlight Games,Titan Publishing,Xbox Series X,North America,2022-06-01,2023-12-05,64.3,5678,53.99,0.1,306555.22,41431.55
S01573,G1156,Legend Reborn 156,Shooter,Wildcat Interactive,PixelWorks,PlayStation 5,Japan,2025-09-01,2021-02-18,72.6,1043,51.99,0.2,54225.57,5422.24
S01675,G1120,Eclipse Odyssey 120,Simulation,Wildcat Interactive,Arcadia Media,Xbox Series X,Europe,2022-12-01,2019-04-15,68.5,2409,40.49,0.1,97540.41,7428.15
S01267,G1137,Quantum Strike 137,Adventure,Orbit Games,Silverline Studios,PC,Europe,2023-11-01,2021-05-19,,1355,49.49,0.1,67058.95,3042.3
S00485,G1118,Storm Odyssey 118,Racing,Iron Pixel,Titan Publishing,Nintendo Switch,Europe,2022-07-01,2023-03-14,56.9,1306,59.99,0.0,78346.94,2706.04
S01881,G1151,Titan Reborn 151,Adventure,Blue Oak Studio,Arcadia Media,Xbox One,North America,2022-03-01,2024-06-19,68.1,423,38.49,0.3,16281.27,962.98
S02103,G1128,Dragon Strike 128,RPG,Northstar Dev,NextLevel Games,Nintendo Switch,Latin America,2023-07-01,2020-05-06,96.2,254,45.49,0.3,11554.46,690.56
S01623,G1187,Rogue Revolution 187,Action,ShadowWorks,Nova Interactive,PC,Japan,2023-11-01,2020-05-19,84.1,1040,41.99,0.3,43669.6,6033.01
S01684,G1233,Frozen Warriors 233,Strategy,Quantum Labs,Titan Publishing,Xbox One,North America,2023-02-01,2022-12-07,69.7,280,44.99,0.1,12597.2,1076.27
S00363,G1241,Apex Tactics 241,RPG,Northstar Dev,Arcadia Media,PC,North America,2024-03-01,2025-06-12,74.1,985,51.99,0.2,51210.15,1988.97
S01906,G1012,Cyber Legends 12,Racing,Quantum Labs,PixelWorks,PC,North America,2022-09-01,2024-01-08,,2084,59.99,0.0,125019.16,14931.55
S01359,G1178,Storm Origins 178,Shooter,Wildcat Interactive,PixelWorks,Nintendo Switch,Latin America,2021-02-01,2023-05-08,,2644,64.99,0.0,171833.56,16340.17
S01027,G1059,Kingdom Rising 59,Racing,Orbit Games,Silverline Studios,Xbox Series X,Japan,2024-12-01,2022-04-13,71.9,868,47.99,0.2,41655.32,5788.31
S01031,G1249,Velocity Tactics 249,Racing,Moonlight Games,Titan Publishing,PlayStation 5,Latin America,2024-07-01,2021-08-17,80.0,244,53.99,0.1,13173.56,441.09
S01460,G1039,Kingdom Frontier 39,Racing,Blue Oak Studio,Nova Interactive,Nintendo Switch,Asia Pacific,2024-07-01,2024-12-10,62.4,1155,47.99,0.2,55428.45,6163.0
S01602,G1249,Velocity Tactics 249,Racing,Moonlight Games,Titan Publishing,PlayStation 5,North America,2024-05-01,2021-08-17,80.0,3148,41.99,0.3,132184.52,4038.52
S01269,G1032,Cyber Frontier 32,Strategy,Sunrise Labs,Blue Horizon,PlayStation 5,Europe,2023-09-01,2024-01-30,56.8,830,39.99,0.2,33191.7,2547.43
S00666,G1081,Apex Arena 81,RPG,Wildcat Interactive,Nova Interactive,Xbox Series X,Asia Pacific,2023-12-01,2023-04-03,76.3,759,51.99,0.2,39460.41,2199.03
S00365,G1169,Velocity Origins 169,Racing,Northstar Dev,Arcadia Media,PlayStation 5,Europe,2022-10-01,2022-09-08,79.3,519,59.99,0.0,31134.81,1195.79
S01240,G1054,Star Rising 54,Simulation,Blue Oak Studio,Nova Interactive,Xbox Series X,Latin America,2024-02-01,2020-08-13,77.0,1208,35.99,0.2,43475.92,1790.73
S00078,G1153,Frozen Reborn 153,Simulation,Digital Forge,Silverline Studios,PlayStation 5,Asia Pacific,2021-03-01,2020-07-03,67.5,2854,44.99,0.0,128401.46,7877.27
S00028,G1121,Apex Strike 121,Shooter,Digital Forge,Arcadia Media,Nintendo Switch,North America,2025-10-01,2019-01-19,74.2,847,64.99,0.0,55046.53,4274.59
S01704,G1057,Quantum Rising 57,Racing,Orbit Games,Arcadia Media,PlayStation 4,Europe,2024-07-01,2023-01-09,69.6,1158,53.99,0.1,62520.42,6321.27
S00526,G1172,Cyber Origins 172,Simulation,Crystal Byte,Titan Publishing,Nintendo Switch,Japan,2022-10-01,2021-02-13,58.4,515,44.99,0.0,23169.85,1734.2
S00726,G1155,Urban Reborn 155,Sports,Blue Oak Studio,Arcadia Media,Xbox One,Latin America,2023-03-01,2022-12-31,74.2,333,62.99,0.1,20975.67,1414.43
S00056,G1089,Velocity Arena 89,Racing,Digital Forge,Vertex Entertainment,PlayStation 5,Asia Pacific,2022-06-01,2022-03-18,68.2,631,53.99,0.1,34067.69,3543.94
S00639,G1006,Solar Legends 6,Strategy,Crystal Byte,PixelWorks,PC,Europe,2022-10-01,2023-02-04,55.5,4120,49.99,0.0,205958.8,28475.22
S00303,G1105,Iron Odyssey 105,Racing,ShadowWorks,Titan Publishing,Xbox One,Europe,2021-08-01,2019-08-02,72.8,465,41.99,0.3,19525.35,1299.0
S00719,G1145,Iron Reborn 145,RPG,Blue Oak Studio,Vertex Entertainment,PlayStation 5,Japan,2025-07-01,2021-10-05,71.5,984,64.99,0.0,63950.16,3734.16
S00625,G1073,Frozen Chronicles 73,Strategy,Digital Forge,Silverline Studios,Xbox Series X,Latin America,2022-09-01,2025-02-27,78.9,386,49.99,0.0,19296.14,2363.46
S00008,G1136,Legend Strike 136,Sports,Northstar Dev,NextLevel Games,Nintendo Switch,Asia Pacific,2022-08-01,2021-10-08,84.3,0,69.99,0.0,0.0,23985.34
S00804,G1206,Solar Quest 206,Sports,ShadowWorks,Vertex Entertainment,Nintendo Switch,Japan,2025-10-01,2024-06-13,76.9,673,69.99,0.0,47103.27,3006.58
S01050,G1155,Urban Reborn 155,Sports,Blue Oak Studio,Arcadia Media,PC,Latin America,2022-02-01,2022-12-31,74.2,1529,69.99,0.0,107014.71,4135.15
S00337,G1193,Frozen Revolution 193,Sports,Sunrise Labs,Blue Horizon,Xbox Series X,Latin America,2024-07-01,2021-01-04,58.6,781,55.99,0.2,43728.19,5150.61
S00048,G1131,Titan Strike 131,RPG,Sunrise Labs,Titan Publishing,PC,Japan,2022-01-01,2019-09-04,83.2,543,58.49,0.1,31760.07,2948.65
S01755,G1185,Iron Revolution 185,Shooter,Orbit Games,Vertex Entertainment,PlayStation 4,Asia Pacific,2025-03-01,2020-03-24,64.6,257,32.49,0.5,8349.93,895.71
S00107,G1046,Solar Rising 46,Racing,Moonlight Games,Silverline Studios,PlayStation 5,Japan,2024-06-01,2022-07-11,75.0,2439,59.99,0.0,146315.61,4443.63
S00350,G1221,Apex Warriors 221,Adventure,Red Fox Studio,Titan Publishing,PC,Latin America,2025-12-01,2020-02-28,71.6,2997,38.49,0.3,115354.53,3945.34
S01080,G1096,Legend Arena 96,Adventure,Red Fox Studio,PixelWorks,Xbox Series X,Japan,2022-09-01,2021-05-11,74.0,991,54.99,0.0,54495.09,2763.66
S00239,G1233,Frozen Warriors 233,Strategy,Quantum Labs,Titan Publishing,Xbox One,Japan,2024-04-01,2022-12-07,69.7,492,44.99,0.1,22135.08,1521.91
S00214,G1176,Legend Origins 176,Strategy,Blue Oak Studio,PixelWorks,PlayStation 4,Europe,2022-02-01,2020-02-08,,933,44.99,0.1,41975.67,2262.02
S01145,G1182,Shadow Revolution 182,Action,Sunrise Labs,Silverline Studios,Nintendo Switch,Latin America,2024-06-01,2024-09-02,83.3,302,53.99,0.1,16304.98,824.95
S01477,G1223,Neon Warriors 223,Action,Quantum Labs,NextLevel Games,Xbox One,Europe,2023-05-01,2023-06-14,,1168,59.99,0.0,70068.32,7369.98
S01341,G1112,Cyber Odyssey 112,Action,Red Fox Studio,Titan Publishing,PlayStation 5,North America,2025-08-01,2025-01-26,77.8,1096,59.99,0.0,65749.04,8573.81
S00794,G1089,Velocity Arena 89,Racing,Digital Forge,Vertex Entertainment,Xbox Series X,Latin America,2025-11-01,2022-03-18,68.2,837,53.99,0.1,45189.63,3593.58
S01097,G1082,Shadow Arena 82,Adventure,Moonlight Games,Nova Interactive,Xbox One,Latin America,2023-03-01,2022-01-13,69.8,801,54.99,0.0,44046.99,1409.36
S02003,G1199,Kingdom Revolution 199,Racing,ShadowWorks,Nova Interactive,PC,Japan,2021-10-01,2020-08-16,70.0,612,59.99,0.0,36713.88,1516.38
S02195,G1075,Urban Chronicles 75,Shooter,Wildcat Interactive,Arcadia Media,Xbox One,Asia Pacific,2024-06-01,2019-03-19,74.3,457,58.49,0.1,26729.93,1842.18
S01873,G1254,Star Tactics 254,Racing,Digital Forge,PixelWorks,Xbox Series X,Latin America,2021-03-01,2025-03-27,,318,41.99,0.3,13352.82,1379.3
S01978,G1052,Cyber Rising 52,Action,Northstar Dev,Nova Interactive,PC,Latin America,2023-04-01,2023-04-04,85.1,1967,53.99,0.1,106198.33,4420.81
S00524,G1255,Urban Tactics 255,Action,Moonlight Games,Titan Publishing,Xbox One,North America,2023-10-01,2023-12-05,64.3,1087,53.99,0.1,58687.13,4649.14
S00233,G1233,Frozen Warriors 233,Strategy,Quantum Labs,Titan Publishing,PlayStation 5,Europe,2023-09-01,2022-12-07,69.7,4611,34.99,0.3,161338.89,21278.32
S00645,G1105,Iron Odyssey 105,Racing,ShadowWorks,Titan Publishing,PlayStation 4,Europe,2022-11-01,2019-08-02,72.8,1441,53.99,0.1,77799.59,2405.81
S01787,G1240,Eclipse Warriors 240,Sports,Digital Forge,Nova Interactive,PlayStation 4,Latin America,2022-10-01,2021-07-29,66.4,1391,62.99,0.1,87619.09,11789.92
S00534,G1145,Iron Reborn 145,RPG,Blue Oak Studio,Vertex Entertainment,PlayStation 5,Japan,2021-10-01,2021-10-05,71.5,5683,51.99,0.2,295459.17,21863.62
S01980,G1245,Iron Tactics 245,Shooter,Blue Oak Studio,Nova Interactive,Xbox Series X,Asia Pacific,2024-08-01,2020-09-30,60.8,1517,64.99,0.0,98589.83,6889.18
S00604,G1200,Eclipse Revolution 200,Action,Digital Forge,PixelWorks,PlayStation 4,Asia Pacific,2023-03-01,2022-03-14,67.8,456,47.99,0.2,21883.44,1248.27
S01422,G1220,Eclipse Quest 220,Sports,Quantum Labs,PixelWorks,Xbox Series X,Japan,2025-09-01,2024-07-16,80.2,3455,55.99,0.2,193445.45,20696.16
S01075,G1229,Velocity Warriors 229,Action,Blue Oak Studio,Blue Horizon,PlayStation 5,North America,2022-03-01,2019-03-30,73.5,3657,53.99,0.1,197441.43,24384.83
S01550,G1003,Neon Legends 3,Adventure,Blue Oak Studio,NextLevel Games,PC,Asia Pacific,2022-11-01,2019-07-29,98.0,998,49.49,0.1,49391.02,6862.18
S00061,G1140,Eclipse Strike 140,Shooter,Red Fox Studio,Vertex Entertainment,Nintendo Switch,Japan,2025-07-01,2022-03-25,72.6,4635,64.99,0.0,301228.65,27230.19
S01490,G1230,Mystic Warriors 230,Simulation,Iron Pixel,Silverline Studios,PlayStation 5,Latin America,2025-10-01,2023-07-06,68.3,480,44.99,0.0,21595.2,1152.92
S00093,G1187,Rogue Revolution 187,Action,ShadowWorks,Nova Interactive,PlayStation 5,Latin America,2022-02-01,2020-05-19,84.1,701,41.99,0.3,29434.99,3456.48
S00667,G1002,Shadow Legends 2,Strategy,Red Fox Studio,PixelWorks,Nintendo Switch,Europe,2024-04-01,2023-02-05,88.3,2266,49.99,0.0,113277.34,13008.56
S01311,G1035,Urban Frontier 35,Action,Red Fox Studio,Vertex Entertainment,PlayStation 5,North America,2024-10-01,2021-05-06,,1978,41.99,0.3,83056.22,8759.62
S01917,G1110,Mystic Odyssey 110,Shooter,ShadowWorks,PixelWorks,PlayStation 5,Asia Pacific,2023-05-01,2024-10-07,88.1,553,51.99,0.2,28750.47,3798.15
S00281,G1257,Quantum Tactics 257,Simulation,Northstar Dev,Titan Publishing,PlayStation 4,Europe,2021-04-01,2021-06-17,82.9,430,31.49,0.3,13540.7,776.82
S01315,G1213,Frozen Quest 213,Sports,Wildcat Interactive,Vertex Entertainment,PC,Latin America,2021-06-01,2025-03-06,85.6,1081,55.99,0.2,60525.19,3207.33
S00360,G1078,Storm Chronicles 78,Action,Quantum Labs,NextLevel Games,Nintendo Switch,Latin America,2025-11-01,2019-06-17,65.2,790,59.99,0.0,47392.1,3917.45
S01331,G1257,Quantum Tactics 257,Simulation,Northstar Dev,Titan Publishing,Xbox Series X,Europe,2025-01-01,2021-06-17,82.9,1793,44.99,0.0,80667.07,7902.94
S01804,G1200,Eclipse Revolution 200,Action,Digital Forge,PixelWorks,Xbox Series X,Latin America,2021-12-01,2022-03-14,67.8,750,53.99,0.1,40492.5,3287.65
S00848,G1241,Apex Tactics 241,RPG,Northstar Dev,Arcadia Media,PlayStation 5,North America,2025-09-01,2025-06-12,74.1,574,58.49,0.1,33573.26,1771.2
S01207,G1238,Storm Warriors 238,Adventure,Northstar Dev,Blue Horizon,Xbox Series X,Japan,2024-12-01,2022-09-21,76.6,1663,54.99,0.0,91448.37,10076.81
S01629,G1142,Shadow Reborn 142,RPG,Moonlight Games,Titan Publishing,PC,Europe,2022-03-01,2019-10-20,76.8,418,64.99,0.0,27165.82,2661.74
S00111,G1104,Crystal Odyssey 104,Adventure,Wildcat Interactive,Nova Interactive,Nintendo Switch,North America,2022-08-01,2021-06-26,61.7,2381,54.99,0.0,130931.19,10195.47
S00043,G1241,Apex Tactics 241,RPG,Northstar Dev,Arcadia Media,Nintendo Switch,Japan,2025-02-01,2025-06-12,74.1,575,64.99,0.0,37369.25,3671.56
S00126,G1241,Apex Tactics 241,RPG,Northstar Dev,Arcadia Media,PlayStation 5,Japan,2024-09-01,2025-06-12,74.1,892,58.49,0.1,52173.08,6388.79
S00205,G1091,Titan Arena 91,Action,Red Fox Studio,NextLevel Games,Xbox Series X,Japan,2024-11-01,2021-11-26,,409,47.99,0.2,19627.91,1173.72
S00053,G1168,Dragon Origins 168,Adventure,Iron Pixel,NextLevel Games,PC,North America,2023-12-01,2025-01-01,89.4,1073,49.49,0.1,53102.77,1945.31
S00546,G1122,Shadow Strike 122,Racing,Red Fox Studio,Blue Horizon,PlayStation 5,North America,2025-06-01,2021-02-05,70.3,3663,59.99,0.0,219743.37,30199.2
S00069,G1053,Frozen Rising 53,Adventure,Sunrise Labs,Vertex Entertainment,PC,Japan,2022-11-01,2022-08-24,86.5,983,49.49,0.1,48648.67,6358.21
S01339,G1098,Storm Arena 98,Racing,Wildcat Interactive,NextLevel Games,Xbox One,Latin America,2022-12-01,2022-03-09,73.5,112,59.99,0.0,6718.88,593.73
S01832,G1130,Mystic Strike 130,Shooter,Quantum Labs,PixelWorks,Nintendo Switch,Japan,2021-07-01,2019-08-03,62.0,1147,51.99,0.2,59632.53,7897.42
S00184,G1122,Shadow Strike 122,Racing,Red Fox Studio,Blue Horizon,PlayStation 4,North America,2023-04-01,2021-02-05,70.3,1288,59.99,0.0,77267.12,8953.13
S00138,G1160,Eclipse Reborn 160,Sports,,Nova Interactive,PC,North America,2023-01-01,2019-03-02,,1411,62.99,0.1,88878.89,8319.96
S00900,G1014,Star Legends 14,Sports,Quantum Labs,Nova Interactive,Xbox Series X,North America,2022-07-01,2024-01-16,75.2,5769,69.99,0.0,403772.31,23010.15
S00797,G1059,Kingdom Rising 59,Racing,Orbit Games,Silverline Studios,PC,North America,2022-04-01,2022-04-13,71.9,3910,53.99,0.1,211100.9,17249.44
S00133,G1053,Frozen Rising 53,Adventure,Sunrise Labs,Vertex Entertainment,Xbox Series X,Asia Pacific,2023-11-01,2022-08-24,86.5,1527,49.49,0.1,75571.23,5917.84
S00081,G1025,Iron Frontier 25,Simulation,Quantum Labs,Vertex Entertainment,PlayStation 4,Europe,2022-04-01,2025-01-01,74.3,1995,35.99,0.2,71800.05,7495.15
S02049,G1138,Storm Strike 138,Racing,Red Fox Studio,Silverline Studios,Xbox Series X,Latin America,2024-06-01,2023-09-18,,2805,53.99,0.1,151441.95,7940.67
S01824,G1064,Crystal Chronicles 64,Adventure,Crystal Byte,Titan Publishing,PlayStation 4,Asia Pacific,2025-10-01,2023-05-30,,503,43.99,0.2,22126.97,887.6
S00542,G1142,Shadow Reborn 142,RPG,Moonlight Games,Titan Publishing,Nintendo Switch,Asia Pacific,2025-07-01,2019-10-20,76.8,913,51.99,0.2,47466.87,2034.35
S01887,G1099,Kingdom Arena 99,Sports,Sunrise Labs,Arcadia Media,Xbox Series X,Latin America,2023-08-01,2021-05-27,,1471,48.99,0.3,72064.29,4714.19
S00984,G1112,Cyber Odyssey 112,Action,Red Fox Studio,Titan Publishing,Xbox One,Europe,2021-02-01,2025-01-26,77.8,293,59.99,0.0,17577.07,1487.04
S00166,G1251,Titan Tactics 251,Sports,Iron Pixel,Silverline Studios,Nintendo Switch,Asia Pacific,2023-01-01,2024-06-23,75.0,1988,55.99,0.2,111308.12,12605.34
S00249,G1052,Cyber Rising 52,Action,Northstar Dev,Nova Interactive,PlayStation 5,North America,2021-12-01,2023-04-04,85.1,552,41.99,0.3,23178.48,1284.18
S01332,G1007,Rogue Legends 7,Adventure,ShadowWorks,Titan Publishing,PlayStation 4,Asia Pacific,2025-04-01,2021-05-04,66.7,592,49.49,0.1,29298.08,2455.48
S00447,G1167,Rogue Origins 167,Shooter,Wildcat Interactive,PixelWorks,Nintendo Switch,Japan,2024-12-01,2023-08-02,,796,64.99,0.0,51732.04,3513.88
S01353,G1067,Rogue Chronicles 67,Strategy,Quantum Labs,Vertex Entertainment,Nintendo Switch,Asia Pacific,2025-10-01,2022-09-02,87.3,797,49.99,0.0,39842.03,1860.92
S00859,G1035,Urban Frontier 35,Action,Red Fox Studio,Vertex Entertainment,Xbox One,Europe,2022-02-01,2021-05-06,,1201,59.99,0.0,72047.99,2902.35
S01478,G1025,Iron Frontier 25,Simulation,Quantum Labs,Vertex Entertainment,Xbox One,Europe,2021-06-01,2025-01-01,74.3,1545,35.99,0.2,55604.55,5219.48
S00098,G1034,Star Frontier 34,Action,Red Fox Studio,Titan Publishing,Xbox One,Asia Pacific,2022-08-01,2022-09-16,49.7,609,47.99,0.2,29225.91,1025.34
S02115,G1135,Urban Strike 135,Strategy,Digital Forge,Titan Publishing,PlayStation 4,Asia Pacific,2024-02-01,2023-12-28,77.8,1313,44.99,0.1,59071.87,6023.37
S00806,G1052,Cyber Rising 52,Action,Northstar Dev,Nova Interactive,PC,Europe,2023-08-01,2023-04-04,85.1,2180,59.99,0.0,130778.2,14811.62
S00738,G1228,Dragon Warriors 228,Shooter,Crystal Byte,PixelWorks,PlayStation 5,Japan,2024-02-01,2022-11-21,80.4,239,64.99,0.0,15532.61,521.18
S01482,G1160,Eclipse Reborn 160,Sports,Wildcat Interactive,Nova Interactive,PlayStation 5,Japan,2022-07-01,2019-03-02,,508,34.99,0.5,17774.92,785.26
S00103,G1184,Crystal Revolution 184,Strategy,Sunrise Labs,Vertex Entertainment,Xbox Series X,Europe,2025-02-01,2021-05-17,,661,39.99,0.2,26433.39,1937.44
S00435,G1116,Legend Odyssey 116,Strategy,Crystal Byte,Titan Publishing,PC,Europe,2023-06-01,2023-06-20,86.3,700,49.99,0.0,34993.0,4156.5
S00075,G1041,Apex Rising 41,Racing,ShadowWorks,Silverline Studios,PlayStation 4,Japan,2021-05-01,2020-01-22,66.3,252,53.99,0.1,13605.48,1828.98
S00578,G1058,Storm Rising 58,Strategy,Crystal Byte,Nova Interactive,PlayStation 5,Europe,2021-01-01,2023-09-28,82.4,931,44.99,0.1,41885.69,3854.34
S01413,G1244,Crystal Tactics 244,Adventure,Blue Oak Studio,PixelWorks,PlayStation 4,Asia Pacific,2025-02-01,2023-05-23,79.0,6568,38.49,0.3,252802.32,21567.3
S01481,G1103,Neon Odyssey 103,RPG,Northstar Dev,Arcadia Media,Nintendo Switch,Japan,2024-11-01,2025-02-25,87.8,1622,51.99,0.2,84327.78,5242.07
S01231,G1175,Urban Origins 175,Sports,ShadowWorks,Arcadia Media,Xbox One,Asia Pacific,2025-09-01,2023-01-26,73.6,271,48.99,0.3,13276.29,1208.71
S00919,G1042,Shadow Rising 42,RPG,Crystal Byte,Silverline Studios,PlayStation 4,Latin America,2023-09-01,2023-05-03,75.7,173,64.99,0.0,11243.27,1126.04
S01327,G1042,Shadow Rising 42,RPG,Crystal Byte,Silverline Studios,Xbox Series X,Asia Pacific,2022-09-01,2023-05-03,75.7,1886,64.99,0.0,122571.14,9400.63
S02030,G1164,Crystal Origins 164,Adventure,Crystal Byte,Arcadia Media,Nintendo Switch,Asia Pacific,2025-07-01,2023-10-25,63.3,1474,54.99,0.0,81055.26,3874.24
S01988,G1260,Eclipse Tactics 260,Racing,Orbit Games,Arcadia Media,PlayStation 5,Asia Pacific,2023-02-01,2020-05-27,71.3,3701,41.99,0.3,155404.99,15289.33
S01916,G1027,Rogue Frontier 27,Adventure,ShadowWorks,Silverline Studios,Nintendo Switch,North America,2021-01-01,2023-08-19,,1141,43.99,0.2,50192.59,2504.86
S00763,G1260,Eclipse Tactics 260,Racing,Orbit Games,Arcadia Media,PlayStation 4,Japan,2024-06-01,2020-05-27,71.3,790,59.99,0.0,47392.1,4516.46
S00990,G1162,Shadow Origins 162,Racing,Iron Pixel,Silverline Studios,Xbox Series X,North America,2022-01-01,2020-03-08,,3789,53.99,0.1,204568.11,19024.16
S00389,G1175,Urban Origins 175,Sports,ShadowWorks,Arcadia Media,Xbox Series X,North America,2022-10-01,2023-01-26,73.6,3541,69.99,0.0,247834.59,14742.28
S00236,G1155,Urban Reborn 155,Sports,Blue Oak Studio,Arcadia Media,PC,Asia Pacific,2023-01-01,2022-12-31,74.2,174,34.99,0.5,6088.26,786.51
S01786,G1153,Frozen Reborn 153,Simulation,Digital Forge,Silverline Studios,Xbox Series X,North America,2025-12-01,2020-07-03,67.5,2334,44.99,0.0,105006.66,5173.91
S00268,G1141,Apex Reborn 141,Action,Orbit Games,Vertex Entertainment,Nintendo Switch,Japan,2021-06-01,2021-11-25,93.7,1531,59.99,0.0,91844.69,4535.05
S01330,G1131,Titan Strike 131,RPG,Sunrise Labs,Titan Publishing,Nintendo Switch,Europe,2021-04-01,2019-09-04,83.2,1404,51.99,0.2,72993.96,7626.54
S01472,G1144,Crystal Reborn 144,Adventure,Wildcat Interactive,Arcadia Media,PC,North America,2025-03-01,2022-07-24,68.0,2591,49.49,0.1,128228.59,12849.56
S00118,G1154,Star Reborn 154,Sports,ShadowWorks,Silverline Studios,Xbox Series X,Latin America,2023-07-01,2024-08-30,91.4,361,55.99,0.2,20212.39,713.07
S02172,G1059,Kingdom Rising 59,Racing,Orbit Games,Silverline Studios,PlayStation 5,Europe,2024-10-01,2022-04-13,71.9,1188,59.99,0.0,71268.12,2471.33
S00674,G1150,Mystic Reborn 150,RPG,Moonlight Games,Vertex Entertainment,Xbox One,North America,2023-12-01,2019-12-20,78.9,327,64.99,0.0,21251.73,2175.4
S00250,G1042,Shadow Rising 42,RPG,Crystal Byte,Silverline Studios,Xbox Series X,North America,2023-09-01,2023-05-03,75.7,831,58.49,0.1,48605.19,5405.23
S01798,G1058,Storm Rising 58,Strategy,Crystal Byte,Nova Interactive,Nintendo Switch,Japan,2021-04-01,2023-09-28,82.4,522,49.99,0.0,26094.78,2757.24
S02197,G1161,Apex Origins 161,Strategy,Northstar Dev,Silverline Studios,PlayStation 4,Asia Pacific,2022-03-01,2025-02-28,66.8,248,49.99,0.0,12397.52,719.25
S00095,G1196,Legend Revolution 196,Strategy,Moonlight Games,Arcadia Media,Nintendo Switch,Japan,2022-04-01,2021-11-17,56.7,1000,44.99,0.1,44990.0,2211.07
S01455,G1260,Eclipse Tactics 260,Racing,Orbit Games,Arcadia Media,PlayStation 4,Japan,2023-05-01,2020-05-27,71.3,1002,47.99,0.2,48085.98,6143.33
S00034,G1245,Iron Tactics 245,Shooter,Blue Oak Studio,Nova Interactive,PC,Latin America,2024-09-01,2020-09-30,60.8,587,58.49,0.1,34333.63,2585.38
S02079,G1039,Kingdom Frontier 39,Racing,Blue Oak Studio,Nova Interactive,PlayStation 5,Japan,2021-02-01,2024-12-10,62.4,1405,47.99,0.2,67425.95,8543.3
S01974,G1102,Shadow Odyssey 102,Racing,Northstar Dev,NextLevel Games,PC,North America,2021-10-01,2021-04-04,70.2,3948,41.99,0.3,165776.52,11173.09
S00449,G1047,Rogue Rising 47,Action,Moonlight Games,Silverline Studios,Xbox Series X,Japan,2022-11-01,2021-09-08,65.3,1232,47.99,0.2,59123.68,5233.37
S00717,G1067,Rogue Chronicles 67,Strategy,Quantum Labs,Vertex Entertainment,Xbox Series X,Asia Pacific,2024-03-01,2022-09-02,87.3,0,49.99,0.0,0.0,4793.29
S01491,G1083,Neon Arena 83,Shooter,ShadowWorks,NextLevel Games,PC,Europe,2025-03-01,2025-05-18,,950,58.49,0.1,55565.5,7535.17
S01812,G1028,Dragon Frontier 28,Shooter,,Titan Publishing,Xbox One,Europe,2022-06-01,2023-12-26,75.5,1267,58.49,0.1,74106.83,9264.51
S00001,G1141,Apex Reborn 141,Action,Orbit Games,Vertex Entertainment,Xbox One,North America,2022-10-01,2021-11-25,93.7,636,59.99,0.0,38153.64,1586.3
S01645,G1141,Apex Reborn 141,Action,Orbit Games,Vertex Entertainment,Xbox One,North America,2022-03-01,2021-11-25,93.7,560,53.99,0.1,30234.4,3116.74
S01102,G1212,Cyber Quest 212,Racing,Digital Forge,Vertex Entertainment,Xbox Series X,Asia Pacific,2021-08-01,2022-12-21,67.9,2689,30.0,0.5,80670.0,7617.8
S01109,G1057,Quantum Rising 57,Racing,Orbit Games,Arcadia Media,PlayStation 5,Latin America,2025-09-01,2023-01-09,69.6,355,47.99,0.2,17036.45,1161.22
S01442,G1159,Kingdom Reborn 159,Sports,Blue Oak Studio,Nova Interactive,PlayStation 5,Europe,2023-06-01,2025-04-28,52.2,861,62.99,0.1,54234.39,6011.25
S00083,G1040,Eclipse Frontier 40,Sports,Wildcat Interactive,Arcadia Media,Xbox Series X,Japan,2021-03-01,2020-12-22,74.7,610,55.99,0.2,34153.9,2345.33
S01519,G1245,Iron Tactics 245,Shooter,Blue Oak Studio,Nova Interactive,PlayStation 4,Europe,2021-10-01,2020-09-30,60.8,1583,58.49,0.1,92589.67,10958.04
S00677,G1256,Legend Tactics 256,Action,Red Fox Studio,Silverline Studios,PlayStation 5,North America,2021-07-01,2022-11-25,75.7,1885,41.99,0.3,79151.15,8313.4
S01719,G1259,Kingdom Tactics 259,Simulation,Red Fox Studio,Titan Publishing,PlayStation 4,Latin America,2025-01-01,2021-12-21,83.2,334,44.99,0.0,15026.66,1213.74
S01047,G1019,Kingdom Legends 19,Strategy,Red Fox Studio,Blue Horizon,PC,North America,2024-10-01,2023-05-26,73.5,578,49.99,0.0,28894.22,2214.28
S00771,G1019,Kingdom Legends 19,Strategy,Red Fox Studio,Blue Horizon,PlayStation 5,Japan,2022-06-01,2023-05-26,73.5,629,25.0,0.5,15725.0,1943.73
S01430,G1193,Frozen Revolution 193,Sports,Sunrise Labs,Blue Horizon,Xbox One,Latin America,2024-07-01,2021-01-04,58.6,372,48.99,0.3,18224.28,856.62
S01510,G1238,Storm Warriors 238,Adventure,Northstar Dev,Blue Horizon,Xbox Series X,Europe,2025-03-01,2022-09-21,76.6,629,49.49,0.1,31129.21,2874.76
S01871,G1095,Urban Arena 95,Action,Northstar Dev,Arcadia Media,PlayStation 5,Japan,2022-09-01,2021-08-11,76.2,687,59.99,0.0,41213.13,3952.79
S01766,G1018,Storm Legends 18,RPG,Red Fox Studio,PixelWorks,Xbox Series X,Asia Pacific,2021-04-01,2022-01-30,59.3,1273,64.99,0.0,82732.27,7328.83
S00405,G1246,Solar Tactics 246,Strategy,Sunrise Labs,Nova Interactive,PC,Asia Pacific,2023-07-01,2020-03-18,98.0,383,49.99,0.0,19146.17,2273.1
S02047,G1122,Shadow Strike 122,Racing,Red Fox Studio,Blue Horizon,Xbox One,North America,2021-07-01,2021-02-05,70.3,1587,30.0,0.5,47610.0,4622.72
S01532,G1049,Velocity Rising 49,RPG,Crystal Byte,Blue Horizon,Nintendo Switch,North America,2025-02-01,2022-08-31,60.2,4676,58.49,0.1,273499.24,10560.54
S01583,G1071,Titan Chronicles 71,Sports,Digital Forge,Nova Interactive,Nintendo Switch,Latin America,2024-11-01,2020-11-02,77.9,463,69.99,0.0,32405.37,2409.66
S00105,G1086,Solar Arena 86,Shooter,Blue Oak Studio,Titan Publishing,PlayStation 5,Latin America,2025-08-01,2024-08-15,58.0,945,58.49,0.1,55273.05,5524.6
S00689,G1232,Cyber Warriors 232,Sports,Orbit Games,Arcadia Media,PlayStation 5,Europe,2022-02-01,2023-06-27,83.9,643,69.99,0.0,45003.57,4565.6
S01544,G1004,Crystal Legends 4,Racing,Orbit Games,PixelWorks,Xbox Series X,Latin America,2023-09-01,2024-05-02,,256,47.99,0.2,12285.44,454.63
S00827,G1001,Apex Legends 1,Racing,Digital Forge,Titan Publishing,Nintendo Switch,Latin America,2024-10-01,2022-03-07,62.1,219,30.0,0.5,6570.0,308.41
S01241,G1147,Rogue Reborn 147,Racing,ShadowWorks,Silverline Studios,PC,Asia Pacific,2021-05-01,2025-06-02,59.1,327,41.99,0.3,13730.73,662.28
S00063,G1223,Neon Warriors 223,Action,Quantum Labs,NextLevel Games,Xbox One,Latin America,2024-11-01,2023-06-14,,1417,59.99,0.0,85005.83,7677.91
S01306,G1120,Eclipse Odyssey 120,Simulation,Wildcat Interactive,Arcadia Media,Nintendo Switch,Asia Pacific,2023-06-01,2019-04-15,68.5,2744,40.49,0.1,111104.56,6553.93
S00853,G1032,Cyber Frontier 32,Strategy,Sunrise Labs,Blue Horizon,PlayStation 4,Europe,2022-07-01,2024-01-30,56.8,1381,44.99,0.1,62131.19,8289.81
S01600,G1146,Solar Reborn 146,Action,Northstar Dev,Nova Interactive,Xbox One,North America,2023-09-01,2024-09-21,67.2,348,47.99,0.2,16700.52,1715.66
S01263,G1030,Mystic Frontier 30,RPG,Orbit Games,Arcadia Media,Xbox Series X,Europe,2022-07-01,2019-04-15,52.0,1112,51.99,0.2,57812.88,5276.46
S00224,G1258,Storm Tactics 258,Adventure,Crystal Byte,Nova Interactive,Nintendo Switch,North America,2025-08-01,2024-05-27,93.7,1675,49.49,0.1,82895.75,3180.07
S00146,G1081,Apex Arena 81,RPG,Wildcat Interactive,Nova Interactive,PlayStation 5,Europe,2023-02-01,2023-04-03,76.3,931,45.49,0.3,42351.19,3866.58
S01089,G1157,Quantum Reborn 157,Shooter,Sunrise Labs,Titan Publishing,Nintendo Switch,North America,2024-02-01,2019-08-01,98.0,1878,64.99,0.0,122051.22,12446.96
S00374,G1066,Solar Chronicles 66,Racing,Iron Pixel,NextLevel Games,PlayStation 5,Asia Pacific,2025-09-01,2021-08-26,,1793,59.99,0.0,107562.07,7052.29
S01685,G1120,Eclipse Odyssey 120,Simulation,Wildcat Interactive,Arcadia Media,Xbox Series X,Latin America,2021-03-01,2019-04-15,68.5,1852,31.49,0.3,58319.48,8078.93
S01143,G1235,Urban Warriors 235,Adventure,Red Fox Studio,PixelWorks,PlayStation 4,Europe,2023-11-01,2025-06-20,72.9,661,54.99,0.0,36348.39,1753.02
S02109,G1085,Iron Arena 85,Adventure,Wildcat Interactive,Silverline Studios,Xbox Series X,North America,2022-03-01,2021-04-19,81.4,995,54.99,0.0,54715.05,3426.33
S01772,G1007,Rogue Legends 7,Adventure,ShadowWorks,Titan Publishing,Xbox One,Japan,2021-08-01,2021-05-04,66.7,1768,38.49,0.3,68050.32,9261.99
S01275,G1041,Apex Rising 41,Racing,ShadowWorks,Silverline Studios,Xbox One,Japan,2023-02-01,2020-01-22,66.3,753,59.99,0.0,45172.47,3830.88
S01266,G1221,Apex Warriors 221,Adventure,Red Fox Studio,Titan Publishing,Xbox Series X,Asia Pacific,2023-04-01,2020-02-28,71.6,4727,43.99,0.2,207940.73,28185.16
S01894,G1212,Cyber Quest 212,Racing,Digital Forge,Vertex Entertainment,PlayStation 5,North America,2023-09-01,2022-12-21,67.9,1267,53.99,0.1,68405.33,7577.12
S01940,G1011,Titan Legends 11,Action,Wildcat Interactive,NextLevel Games,Xbox One,Asia Pacific,2023-01-01,2023-10-13,75.2,494,30.0,0.5,14820.0,1833.22
S00010,G1168,Dragon Origins 168,Adventure,Iron Pixel,NextLevel Games,Xbox One,Asia Pacific,2025-10-01,2025-01-01,89.4,133,54.99,0.0,7313.67,437.84
S00450,G1040,Eclipse Frontier 40,Sports,Wildcat Interactive,Arcadia Media,PlayStation 5,North America,2021-05-01,2020-12-22,74.7,1329,55.99,0.2,74410.71,7820.29
S00709,G1253,Frozen Tactics 253,Simulation,Moonlight Games,Vertex Entertainment,Xbox Series X,North America,2021-10-01,2022-11-15,64.5,581,31.49,0.3,18295.69,1256.06
S00256,G1025,Iron Frontier 25,Simulation,Quantum Labs,Vertex Entertainment,PC,Japan,2022-05-01,2025-01-01,74.3,336,31.49,0.3,10580.64,589.52
S00883,G1136,Legend Strike 136,Sports,Northstar Dev,NextLevel Games,PlayStation 5,Latin America,2023-11-01,2021-10-08,84.3,372,69.99,0.0,26036.28,3525.91
S00390,G1072,Cyber Chronicles 72,Adventure,Quantum Labs,Silverline Studios,Xbox Series X,North America,2021-09-01,2024-11-13,66.9,268,49.49,0.1,13263.32,1219.37
S01552,G1120,Eclipse Odyssey 120,Simulation,Wildcat Interactive,Arcadia Media,Xbox One,North America,2024-03-01,2019-04-15,68.5,866,35.99,0.2,31167.34,2809.11
S00909,G1180,Eclipse Origins 180,Shooter,Blue Oak Studio,NextLevel Games,PC,North America,2022-04-01,2023-07-06,77.5,2092,51.99,0.2,108763.08,7711.08
S00925,G1230,Mystic Warriors 230,Simulation,Iron Pixel,Silverline Studios,Xbox One,Europe,2023-04-01,2023-07-06,68.3,809,40.49,0.1,32756.41,2829.16
S02020,G1121,Apex Strike 121,Shooter,Digital Forge,Arcadia Media,Xbox One,Latin America,2021-04-01,2019-01-19,74.2,476,64.99,0.0,30935.24,1324.74
S01448,G1018,Storm Legends 18,RPG,Red Fox Studio,PixelWorks,Xbox One,Japan,2025-07-01,2022-01-30,59.3,411,45.49,0.3,18696.39,806.67
S00461,G1140,Eclipse Strike 140,Shooter,Red Fox Studio,Vertex Entertainment,Nintendo Switch,Asia Pacific,2024-11-01,2022-03-25,72.6,990,58.49,0.1,57905.1,3805.53
S02061,G1078,Storm Chronicles 78,Action,Quantum Labs,NextLevel Games,Nintendo Switch,Japan,2023-04-01,2019-06-17,65.2,1235,53.99,0.1,66677.65,5835.35
S02017,G1102,Shadow Odyssey 102,Racing,Northstar Dev,NextLevel Games,Nintendo Switch,Latin America,2021-07-01,2021-04-04,70.2,489,41.99,0.3,20533.11,2646.13
S01169,G1115,Urban Odyssey 115,Shooter,Orbit Games,NextLevel Games,Nintendo Switch,Latin America,2023-05-01,2025-04-21,88.1,983,64.99,0.0,63885.17,6696.48
S00959,G1096,Legend Arena 96,Adventure,Red Fox Studio,PixelWorks,Xbox Series X,Japan,2024-12-01,2021-05-11,74.0,202,27.5,0.5,5555.0,215.55
S00502,G1179,Kingdom Origins 179,Action,Crystal Byte,PixelWorks,PlayStation 4,Europe,2025-11-01,2020-08-25,68.9,1166,53.99,0.1,62952.34,7233.65
S00740,G1084,Crystal Arena 84,Adventure,Digital Forge,Titan Publishing,Xbox Series X,Europe,2024-10-01,2020-08-15,62.7,1052,54.99,0.0,57849.48,1754.36
S00041,G1230,Mystic Warriors 230,Simulation,Iron Pixel,Silverline Studios,Xbox Series X,North America,2022-06-01,2023-07-06,68.3,1239,31.49,0.3,39016.11,4425.22
S00869,G1012,Cyber Legends 12,Racing,Quantum Labs,PixelWorks,PlayStation 4,Europe,2021-03-01,2024-01-08,,798,47.99,0.2,38296.02,3369.0
S00732,G1258,Storm Tactics 258,Adventure,Crystal Byte,Nova Interactive,Xbox Series X,Asia Pacific,2025-04-01,2024-05-27,93.7,1201,49.49,0.1,59437.49,5773.14
S00540,G1090,Mystic Arena 90,Shooter,Moonlight Games,NextLevel Games,Xbox Series X,Latin America,2022-06-01,2021-07-17,69.7,1426,64.99,0.0,92675.74,11638.66
S01202,G1014,Star Legends 14,Sports,Quantum Labs,Nova Interactive,Xbox Series X,Asia Pacific,2024-03-01,2024-01-16,75.2,332,69.99,0.0,23236.68,2090.89
S01340,G1092,Cyber Arena 92,Strategy,Moonlight Games,Titan Publishing,PlayStation 4,Asia Pacific,2022-04-01,2021-09-22,73.7,230,49.99,0.0,11497.7,552.14
S00698,G1111,Titan Odyssey 111,Racing,Moonlight Games,PixelWorks,PlayStation 4,Europe,2021-10-01,2019-07-07,69.7,1439,59.99,0.0,86325.61,7401.68
S01949,G1137,Quantum Strike 137,Adventure,Orbit Games,Silverline Studios,Xbox One,Japan,2023-05-01,2021-05-19,,330,43.99,0.2,14516.7,761.5
S01754,G1190,Mystic Revolution 190,Action,Blue Oak Studio,Vertex Entertainment,Xbox Series X,Japan,2024-11-01,2020-08-08,,1518,53.99,0.1,81956.82,8936.1
S01372,G1110,Mystic Odyssey 110,Shooter,ShadowWorks,PixelWorks,PlayStation 5,Latin America,2023-07-01,2024-10-07,88.1,581,45.49,0.3,26429.69,3429.69
S01146,G1185,Iron Revolution 185,Shooter,Orbit Games,Vertex Entertainment,Xbox One,Europe,2024-08-01,2020-03-24,64.6,970,51.99,0.2,50430.3,4358.38
S01032,G1155,Urban Reborn 155,Sports,Blue Oak Studio,Arcadia Media,Nintendo Switch,Asia Pacific,2021-06-01,2022-12-31,74.2,331,48.99,0.3,16215.69,843.39
S00373,G1146,Solar Reborn 146,Action,Northstar Dev,Nova Interactive,PC,Japan,2021-12-01,2024-09-21,67.2,729,59.99,0.0,43732.71,3077.76
S00668,G1042,Shadow Rising 42,RPG,Crystal Byte,Silverline Studios,Xbox Series X,Latin America,2022-12-01,2023-05-03,75.7,483,58.49,0.1,28250.67,2555.36
S01432,G1037,Quantum Frontier 37,Shooter,Quantum Labs,Titan Publishing,Xbox Series X,Latin America,2025-10-01,2022-12-04,68.3,479,58.49,0.1,28016.71,3837.84
S01808,G1214,Star Quest 214,Strategy,Sunrise Labs,Blue Horizon,PlayStation 4,Asia Pacific,2021-12-01,2023-01-20,,688,49.99,0.0,34393.12,4595.18
S00358,G1224,Crystal Warriors 224,RPG,Crystal Byte,Silverline Studios,PC,Japan,2022-10-01,2022-11-13,44.4,572,64.99,0.0,37174.28,2704.25
S00968,G1098,Storm Arena 98,Racing,Wildcat Interactive,NextLevel Games,PlayStation 4,Japan,2025-02-01,2022-03-09,73.5,1328,53.99,0.1,71698.72,
S00784,G1183,Neon Revolution 183,Adventure,Quantum Labs,NextLevel Games,Xbox One,North America,2023-09-01,2025-04-08,75.5,1692,38.49,0.3,65125.08,6475.59
S00736,G1091,Titan Arena 91,Action,Red Fox Studio,NextLevel Games,Xbox One,Europe,2021-08-01,2021-11-26,,991,47.99,0.2,47558.09,5332.86
S01354,G1041,Apex Rising 41,Racing,ShadowWorks,Silverline Studios,Xbox Series X,Latin America,2024-11-01,2020-01-22,66.3,846,59.99,0.0,50751.54,5987.27
S01036,G1109,Velocity Odyssey 109,Simulation,Northstar Dev,Vertex Entertainment,PlayStation 5,Latin America,2022-10-01,2023-08-31,73.8,223,40.49,0.1,9029.27,1202.5
S00971,G1232,Cyber Warriors 232,Sports,Orbit Games,Arcadia Media,Xbox One,Europe,2025-12-01,2023-06-27,83.9,508,55.99,0.2,28442.92,3119.58
S02175,G1072,Cyber Chronicles 72,Adventure,Quantum Labs,Silverline Studios,PlayStation 5,Japan,2025-12-01,2024-11-13,66.9,386,54.99,0.0,21226.14,1741.92
S01764,G1082,Shadow Arena 82,Adventure,Moonlight Games,Nova Interactive,PlayStation 5,Asia Pacific,2023-08-01,2022-01-13,69.8,1519,54.99,0.0,83529.81,5304.37
S02072,G1178,Storm Origins 178,Shooter,Wildcat Interactive,PixelWorks,PlayStation 4,Japan,2024-04-01,2023-05-08,,2253,64.99,0.0,146422.47,7745.87
S01872,G1139,Kingdom Strike 139,Sports,Iron Pixel,Nova Interactive,Xbox One,Asia Pacific,2022-02-01,2024-10-30,88.1,208,48.99,0.3,10189.92,936.15
S01638,G1206,Solar Quest 206,Sports,ShadowWorks,Vertex Entertainment,Xbox One,Japan,2024-08-01,2024-06-13,76.9,338,62.99,0.1,21290.62,1819.05
S01806,G1170,Mystic Origins 170,Action,Sunrise Labs,Vertex Entertainment,PlayStation 5,Asia Pacific,2021-03-01,2021-03-13,83.8,2169,53.99,0.1,117104.31,7154.66
S01329,G1185,Iron Revolution 185,Shooter,Orbit Games,Vertex Entertainment,PC,Europe,2022-03-01,2020-03-24,64.6,1233,64.99,0.0,80132.67,10563.75
S01597,G1087,Rogue Arena 87,Adventure,Sunrise Labs,Vertex Entertainment,Xbox One,Japan,2023-02-01,2025-04-24,98.0,660,54.99,0.0,36293.4,2186.45
S01768,G1045,Iron Rising 45,Shooter,Digital Forge,Titan Publishing,PlayStation 4,Europe,2022-10-01,2023-07-18,71.9,1550,64.99,0.0,100734.5,13298.23
S01426,G1150,Mystic Reborn 150,RPG,Moonlight Games,Vertex Entertainment,PlayStation 5,North America,2021-03-01,2019-12-20,78.9,769,64.99,0.0,49977.31,6478.53
S01465,G1074,Star Chronicles 74,Simulation,Wildcat Interactive,Blue Horizon,PC,Europe,2021-07-01,2023-03-05,76.6,639,40.49,0.1,25873.11,785.53
S01943,G1216,Legend Quest 216,Racing,Iron Pixel,PixelWorks,Xbox One,Latin America,2024-09-01,2025-03-17,70.2,233,53.99,0.1,12579.67,1518.77
S01253,G1011,Titan Legends 11,Action,Wildcat Interactive,NextLevel Games,PlayStation 4,Latin America,2023-06-01,2023-10-13,75.2,232,59.99,0.0,13917.68,1297.34
S02009,G1208,Dragon Quest 208,RPG,Digital Forge,Silverline Studios,Xbox Series X,Latin America,2025-01-01,2022-12-01,,865,64.99,0.0,56216.35,5409.61
S02034,G1012,Cyber Legends 12,Racing,Quantum Labs,PixelWorks,Xbox One,Latin America,2022-12-01,2024-01-08,,136,53.99,0.1,7342.64,868.04
S01237,G1101,Apex Odyssey 101,Simulation,Sunrise Labs,Titan Publishing,Nintendo Switch,Latin America,2023-10-01,2022-05-11,62.1,677,22.5,0.5,15232.5,1949.74
S00886,G1069,Velocity Chronicles 69,Action,Red Fox Studio,Arcadia Media,Nintendo Switch,Europe,2025-02-01,2024-05-14,69.3,392,47.99,0.2,18812.08,2598.99
S00080,G1086,Solar Arena 86,Shooter,Blue Oak Studio,Titan Publishing,PC,Asia Pacific,2022-09-01,2024-08-15,58.0,2074,51.99,0.2,107827.26,11278.33
S01173,G1095,Urban Arena 95,Action,Northstar Dev,Arcadia Media,PlayStation 4,Japan,2024-12-01,2021-08-11,76.2,311,59.99,0.0,18656.89,1053.16
S00815,G1101,Apex Odyssey 101,Simulation,Sunrise Labs,Titan Publishing,PC,Latin America,2024-02-01,2022-05-11,62.1,544,44.99,0.0,24474.56,1556.98
S01515,G1143,Neon Reborn 143,Adventure,Northstar Dev,Nova Interactive,Xbox Series X,Japan,2023-03-01,2025-02-18,63.0,1427,38.49,0.3,54925.23,4849.33
S00672,G1011,Titan Legends 11,Action,Wildcat Interactive,NextLevel Games,Nintendo Switch,North America,2022-12-01,2023-10-13,75.2,1159,47.99,0.2,55620.41,3996.44
S01815,G1201,Apex Quest 201,RPG,Crystal Byte,Arcadia Media,Nintendo Switch,Europe,2021-07-01,2024-05-12,63.9,239,58.49,0.1,13979.11,1067.88
S00058,G1070,Mystic Chronicles 70,Simulation,Northstar Dev,Vertex Entertainment,PlayStation 5,Latin America,2024-01-01,2023-06-03,72.4,693,44.99,0.0,31178.07,1287.29
S00134,G1084,Crystal Arena 84,Adventure,Digital Forge,Titan Publishing,Xbox One,Asia Pacific,2024-05-01,2020-08-15,62.7,1094,54.99,0.0,60159.06,3042.54
S01141,G1089,Velocity Arena 89,Racing,Digital Forge,Vertex Entertainment,PlayStation 4,Europe,2023-04-01,2022-03-18,68.2,678,47.99,0.2,32537.22,3685.06
S00934,G1135,Urban Strike 135,Strategy,Digital Forge,Titan Publishing,Nintendo Switch,Latin America,2025-10-01,2023-12-28,77.8,996,34.99,0.3,34850.04,3659.18
S01996,G1159,Kingdom Reborn 159,Sports,Blue Oak Studio,Nova Interactive,PlayStation 4,Asia Pacific,2023-04-01,2025-04-28,52.2,1459,62.99,0.1,91902.41,9957.3
S00824,G1120,Eclipse Odyssey 120,Simulation,Wildcat Interactive,Arcadia Media,PlayStation 4,Asia Pacific,2023-09-01,2019-04-15,68.5,551,44.99,0.0,24789.49,1681.77
S01433,G1061,Apex Chronicles 61,Simulation,Wildcat Interactive,PixelWorks,PlayStation 4,Asia Pacific,2021-07-01,2024-04-07,61.8,334,40.49,0.1,13523.66,927.12
S01614,G1142,Shadow Reborn 142,RPG,Moonlight Games,Titan Publishing,Xbox Series X,Latin America,2022-02-01,2019-10-20,76.8,1763,64.99,0.0,114577.37,4119.22
S01215,G1001,Apex Legends 1,Racing,Digital Forge,Titan Publishing,Xbox One,North America,2023-02-01,2022-03-07,62.1,155,47.99,0.2,7438.45,
S00505,G1069,Velocity Chronicles 69,Action,Red Fox Studio,Arcadia Media,PlayStation 4,North America,2023-11-01,2024-05-14,69.3,2240,41.99,0.3,94057.6,8114.08
S02174,G1115,Urban Odyssey 115,Shooter,Orbit Games,NextLevel Games,PlayStation 4,North America,2025-10-01,2025-04-21,88.1,7776,64.99,0.0,505362.24,17963.64
S00348,G1234,Star Warriors 234,Shooter,Northstar Dev,Arcadia Media,PC,North America,2022-01-01,2024-06-29,52.8,3098,64.99,0.0,201339.02,17768.46
S00387,G1115,Urban Odyssey 115,Shooter,Orbit Games,NextLevel Games,Xbox Series X,Europe,2023-03-01,2025-04-21,88.1,3265,64.99,0.0,212192.35,
S01025,G1254,Star Tactics 254,Racing,Digital Forge,PixelWorks,PlayStation 5,Europe,2021-08-01,2025-03-27,,2039,59.99,0.0,122319.61,14050.99
S01385,G1120,Eclipse Odyssey 120,Simulation,Wildcat Interactive,Arcadia Media,PlayStation 5,Japan,2025-05-01,2019-04-15,68.5,654,31.49,0.3,20594.46,1107.89
S00895,G1156,Legend Reborn 156,Shooter,Wildcat Interactive,PixelWorks,PlayStation 4,Europe,2023-04-01,2021-02-18,72.6,883,58.49,0.1,51646.67,3689.59
S00829,G1143,Neon Reborn 143,Adventure,Northstar Dev,Nova Interactive,PC,Europe,2022-05-01,2025-02-18,63.0,1057,54.99,0.0,58124.43,6685.47
S02144,G1169,Velocity Origins 169,Racing,Northstar Dev,Arcadia Media,PlayStation 4,Japan,2022-12-01,2022-09-08,79.3,470,59.99,0.0,28195.3,1269.85
S00476,G1202,Shadow Quest 202,RPG,Red Fox Studio,PixelWorks,PlayStation 5,Latin America,2024-11-01,2024-07-25,78.9,437,64.99,0.0,28400.63,1705.5
S01743,G1062,Shadow Chronicles 62,Shooter,Digital Forge,NextLevel Games,Xbox Series X,Japan,2023-11-01,2021-06-20,73.7,362,51.99,0.2,18820.38,1691.03
S01715,G1209,Velocity Quest 209,RPG,Northstar Dev,NextLevel Games,PlayStation 5,North America,2025-02-01,2025-06-15,81.3,1379,58.49,0.1,80657.71,4903.53
S01653,G1026,Solar Frontier 26,RPG,Red Fox Studio,PixelWorks,Nintendo Switch,Latin America,2022-12-01,2023-02-07,71.2,289,51.99,0.2,15025.11,1779.05
S00653,G1125,Iron Strike 125,Shooter,ShadowWorks,NextLevel Games,Nintendo Switch,North America,2023-02-01,2019-03-27,79.8,1765,64.99,0.0,114707.35,5633.73
S00173,G1026,Solar Frontier 26,RPG,Red Fox Studio,PixelWorks,Xbox One,Latin America,2021-09-01,2023-02-07,71.2,551,51.99,0.2,28646.49,1392.74
S01475,G1137,Quantum Strike 137,Adventure,Orbit Games,Silverline Studios,Xbox Series X,Asia Pacific,2023-01-01,2021-05-19,,380,54.99,0.0,20896.2,2075.64
S01150,G1150,Mystic Reborn 150,RPG,Moonlight Games,Vertex Entertainment,Xbox Series X,Europe,2025-02-01,2019-12-20,78.9,2756,58.49,0.1,161198.44,19929.03
S00039,G1092,Cyber Arena 92,Strategy,Moonlight Games,Titan Publishing,PlayStation 4,North America,2025-08-01,2021-09-22,73.7,1024,34.99,0.3,35829.76,1929.43
S00714,G1168,Dragon Origins 168,Adventure,Iron Pixel,NextLevel Games,Xbox Series X,Asia Pacific,2022-12-01,2025-01-01,89.4,779,54.99,0.0,42837.21,2882.04
S00091,G1097,Quantum Arena 97,Shooter,Wildcat Interactive,Vertex Entertainment,Xbox Series X,North America,2021-02-01,2021-07-20,,1013,45.49,0.3,46081.37,5691.74
S00167,G1059,Kingdom Rising 59,Racing,Orbit Games,Silverline Studios,Xbox Series X,Europe,2021-05-01,2022-04-13,71.9,2481,59.99,0.0,148835.19,4558.56
S01206,G1047,Rogue Rising 47,Action,Moonlight Games,Silverline Studios,PlayStation 4,Japan,2021-06-01,2021-09-08,65.3,674,47.99,0.2,32345.26,1565.39
S00876,G1246,Solar Tactics 246,Strategy,Sunrise Labs,Nova Interactive,Nintendo Switch,Japan,2024-04-01,2020-03-18,98.0,672,39.99,0.2,26873.28,1330.12
S02088,G1084,Crystal Arena 84,Adventure,Digital Forge,Titan Publishing,PlayStation 4,Asia Pacific,2022-02-01,2020-08-15,62.7,672,54.99,0.0,36953.28,1989.6
S01984,G1223,Neon Warriors 223,Action,Quantum Labs,NextLevel Games,PC,North America,2021-05-01,2023-06-14,,602,41.99,0.3,25277.98,1000.87
S02143,G1060,Eclipse Rising 60,Simulation,Blue Oak Studio,Nova Interactive,Nintendo Switch,Asia Pacific,2022-07-01,2020-02-09,67.3,790,40.49,0.1,31987.1,2977.38
S01094,G1220,Eclipse Quest 220,Sports,Quantum Labs,PixelWorks,Xbox Series X,Europe,2022-10-01,2024-07-16,80.2,2387,48.99,0.3,116939.13,5097.81
S01156,G1041,Apex Rising 41,Racing,ShadowWorks,Silverline Studios,Nintendo Switch,Japan,2021-09-01,2020-01-22,66.3,2241,53.99,0.1,120991.59,13006.72
S01325,G1240,Eclipse Warriors 240,Sports,Digital Forge,Nova Interactive,PlayStation 4,Japan,2024-06-01,2021-07-29,66.4,257,69.99,0.0,17987.43,1406.51
S01611,G1258,Storm Tactics 258,Adventure,Crystal Byte,Nova Interactive,Xbox One,Latin America,2022-02-01,2024-05-27,93.7,198,27.5,0.5,5445.0,512.5
S01351,G1042,Shadow Rising 42,RPG,Crystal Byte,Silverline Studios,Xbox Series X,Europe,2021-10-01,2023-05-03,75.7,456,51.99,0.2,23707.44,2708.55
S00511,G1172,Cyber Origins 172,Simulation,Crystal Byte,Titan Publishing,PlayStation 4,Asia Pacific,2024-10-01,2021-02-13,58.4,484,40.49,0.1,19597.16,672.39
S00500,G1169,Velocity Origins 169,Racing,Northstar Dev,Arcadia Media,Xbox One,Asia Pacific,2025-04-01,2022-09-08,79.3,1931,53.99,0.1,104254.69,9264.45
S01925,G1184,Crystal Revolution 184,Strategy,Sunrise Labs,Vertex Entertainment,PlayStation 5,Latin America,2022-09-01,2021-05-17,,575,25.0,0.5,14375.0,553.65
S01902,G1241,Apex Tactics 241,RPG,Northstar Dev,Arcadia Media,PlayStation 5,North America,2024-05-01,2025-06-12,74.1,941,64.99,0.0,61155.59,6008.65
S01520,G1199,Kingdom Revolution 199,Racing,ShadowWorks,Nova Interactive,Nintendo Switch,Asia Pacific,2023-10-01,2020-08-16,70.0,677,59.99,0.0,40613.23,3933.12
S00339,G1013,Frozen Legends 13,Adventure,Digital Forge,Nova Interactive,PC,Japan,2021-06-01,2021-07-08,74.5,1583,49.49,0.1,78342.67,3142.44
S01947,G1163,Neon Origins 163,Strategy,Northstar Dev,Silverline Studios,PC,Latin America,2023-04-01,2019-08-05,54.7,560,44.99,0.1,25194.4,1814.57
S01189,G1175,Urban Origins 175,Sports,ShadowWorks,Arcadia Media,Nintendo Switch,Europe,2022-11-01,2023-01-26,73.6,1457,69.99,0.0,101975.43,13067.78
S00029,G1067,Rogue Chronicles 67,Strategy,Quantum Labs,Vertex Entertainment,Xbox Series X,Japan,2023-02-01,2022-09-02,87.3,1283,49.99,0.0,64137.17,3109.97
S01541,G1228,Dragon Warriors 228,Shooter,Crystal Byte,PixelWorks,Xbox Series X,Europe,2023-06-01,2022-11-21,80.4,1376,64.99,0.0,89426.24,8050.03
S01218,G1233,Frozen Warriors 233,Strategy,Quantum Labs,Titan Publishing,Xbox Series X,North America,2023-06-01,2022-12-07,69.7,576,44.99,0.1,25914.24,1447.01
S01566,G1097,Quantum Arena 97,Shooter,Wildcat Interactive,Vertex Entertainment,PC,North America,2023-07-01,2021-07-20,,960,64.99,0.0,62390.4,5077.24
S00795,G1071,Titan Chronicles 71,Sports,Digital Forge,Nova Interactive,Nintendo Switch,North America,2021-12-01,2020-11-02,77.9,672,69.99,0.0,47033.28,4861.64
S00946,G1168,Dragon Origins 168,Adventure,Iron Pixel,NextLevel Games,Nintendo Switch,Asia Pacific,2021-03-01,2025-01-01,89.4,904,43.99,0.2,39766.96,3272.57
S01746,G1207,Rogue Quest 207,Strategy,Orbit Games,PixelWorks,PlayStation 5,Asia Pacific,2022-01-01,2023-05-22,61.4,683,49.99,0.0,34143.17,3892.77
S00170,G1144,Crystal Reborn 144,Adventure,Wildcat Interactive,Arcadia Media,Nintendo Switch,Europe,2023-01-01,2022-07-24,68.0,4922,49.49,0.1,243589.78,9270.56
S01836,G1177,Quantum Origins 177,Sports,ShadowWorks,Vertex Entertainment,Xbox One,Latin America,2023-09-01,2021-06-19,55.3,750,69.99,0.0,52492.5,4879.62
S01198,G1043,Neon Rising 43,Sports,Sunrise Labs,Arcadia Media,PlayStation 4,Japan,2022-04-01,2022-08-21,62.8,295,48.99,0.3,14452.05,1568.36
S01543,G1251,Titan Tactics 251,Sports,Iron Pixel,Silverline Studios,Nintendo Switch,North America,2021-04-01,2024-06-23,75.0,1086,62.99,0.1,68407.14,3230.85
S01254,G1231,Titan Warriors 231,Shooter,Sunrise Labs,Blue Horizon,Xbox One,Europe,2022-12-01,2020-01-05,40.2,1489,51.99,0.2,77413.11,9231.67
S01655,G1163,Neon Origins 163,Strategy,Northstar Dev,Silverline Studios,Xbox One,North America,2023-05-01,2019-08-05,54.7,536,49.99,0.0,26794.64,2833.49
S00913,G1250,Mystic Tactics 250,Simulation,Blue Oak Studio,PixelWorks,PC,Japan,2025-06-01,2023-01-07,87.9,410,22.5,0.5,9225.0,1198.84
S00492,G1240,Eclipse Warriors 240,Sports,Digital Forge,Nova Interactive,PlayStation 4,North America,2024-08-01,2021-07-29,66.4,883,62.99,0.1,55620.17,4374.48
S00954,G1192,Cyber Revolution 192,Adventure,Red Fox Studio,Titan Publishing,PC,North America,2025-12-01,2022-07-12,77.0,2297,38.49,0.3,88411.53,5317.12
S01098,G1228,Dragon Warriors 228,Shooter,Crystal Byte,PixelWorks,PlayStation 4,Japan,2025-06-01,2022-11-21,80.4,490,32.49,0.5,15920.1,1193.34
S01033,G1166,Solar Origins 166,Strategy,Crystal Byte,Nova Interactive,PlayStation 5,North America,2025-07-01,2019-10-20,82.0,2099,49.99,0.0,104929.01,8527.49
S00588,G1150,Mystic Reborn 150,RPG,Moonlight Games,Vertex Entertainment,Xbox Series X,Europe,2022-02-01,2019-12-20,78.9,114,58.49,0.1,6667.86,533.56
S00751,G1024,Crystal Frontier 24,Strategy,Northstar Dev,Vertex Entertainment,PlayStation 4,Japan,2021-09-01,2025-04-20,63.3,706,49.99,0.0,35292.94,3457.23
S00658,G1218,Storm Quest 218,Simulation,Blue Oak Studio,Silverline Studios,Nintendo Switch,Latin America,2025-01-01,2022-03-14,59.9,594,44.99,0.0,26724.06,3474.82
S00235,G1195,Urban Revolution 195,Action,Iron Pixel,Nova Interactive,Nintendo Switch,North America,2025-04-01,2024-08-27,69.5,1508,53.99,0.1,81416.92,3613.89
S00733,G1135,Urban Strike 135,Strategy,Digital Forge,Titan Publishing,Xbox Series X,Japan,2025-04-01,2023-12-28,77.8,676,49.99,0.0,33793.24,4257.99
S02193,G1014,Star Legends 14,Sports,Quantum Labs,Nova Interactive,Xbox Series X,Europe,2024-09-01,2024-01-16,75.2,1633,55.99,0.2,91431.67,11413.87
S01930,G1067,Rogue Chronicles 67,Strategy,Quantum Labs,Vertex Entertainment,PC,Europe,2022-11-01,2022-09-02,87.3,859,49.99,0.0,42941.41,2809.86
S01157,G1162,Shadow Origins 162,Racing,Iron Pixel,Silverline Studios,PlayStation 5,North America,2024-09-01,2020-03-08,,2733,41.99,0.3,114758.67,12639.18
S01742,G1249,Velocity Tactics 249,Racing,Moonlight Games,Titan Publishing,Nintendo Switch,Asia Pacific,2021-05-01,2021-08-17,80.0,548,59.99,0.0,32874.52,3279.37
S01691,G1102,Shadow Odyssey 102,Racing,Northstar Dev,NextLevel Games,Xbox Series X,Japan,2021-07-01,2021-04-04,70.2,775,59.99,0.0,46492.25,5181.98
S01923,G1198,Storm Revolution 198,Sports,ShadowWorks,Nova Interactive,Nintendo Switch,Europe,2024-09-01,2023-11-04,58.5,626,55.99,0.2,35049.74,3062.66
S00935,G1022,Shadow Frontier 22,Adventure,Sunrise Labs,Vertex Entertainment,Xbox One,North America,2023-06-01,2019-12-12,77.0,2950,54.99,0.0,162220.5,16857.26
S01210,G1222,Shadow Warriors 222,Racing,Quantum Labs,Silverline Studios,PlayStation 5,North America,2022-03-01,2022-03-25,93.3,1684,53.99,0.1,90919.16,11153.93
S01066,G1002,Shadow Legends 2,Strategy,Red Fox Studio,PixelWorks,PC,Japan,2024-10-01,2023-02-05,88.3,1187,49.99,0.0,59338.13,4494.3
S00109,G1097,Quantum Arena 97,Shooter,Wildcat Interactive,Vertex Entertainment,PC,Europe,2025-03-01,2021-07-20,,1604,58.49,0.1,93817.96,9339.69
S01827,G1009,Velocity Legends 9,Strategy,Sunrise Labs,NextLevel Games,PC,Asia Pacific,2025-03-01,2024-10-17,68.4,1560,39.99,0.2,62384.4,7887.25
S00569,G1176,Legend Origins 176,Strategy,Blue Oak Studio,PixelWorks,PlayStation 5,North America,2025-10-01,2020-02-08,,4940,44.99,0.1,222250.6,29365.28
S01168,G1185,Iron Revolution 185,Shooter,Orbit Games,Vertex Entertainment,PlayStation 4,Japan,2024-11-01,2020-03-24,64.6,1098,64.99,0.0,71359.02,8184.26
S01175,G1223,Neon Warriors 223,Action,Quantum Labs,NextLevel Games,PC,Japan,2024-05-01,2023-06-14,,437,59.99,0.0,26215.63,3094.29
S01508,G1060,Eclipse Rising 60,Simulation,Blue Oak Studio,Nova Interactive,PC,Europe,2023-09-01,2020-02-09,67.3,1096,40.49,0.1,44377.04,1475.74
S01493,G1075,Urban Chronicles 75,Shooter,Wildcat Interactive,Arcadia Media,Xbox One,North America,2024-04-01,2019-03-19,74.3,550,51.99,0.2,28594.5,3948.03
S00891,G1021,Apex Frontier 21,Racing,Northstar Dev,PixelWorks,Xbox One,Latin America,2021-03-01,2019-10-13,68.1,415,59.99,0.0,24895.85,2571.86
S00948,G1116,Legend Odyssey 116,Strategy,Crystal Byte,Titan Publishing,Xbox One,Europe,2025-12-01,2023-06-20,86.3,602,49.99,0.0,30093.98,1968.14
S01049,G1043,Neon Rising 43,Sports,Sunrise Labs,Arcadia Media,Nintendo Switch,Asia Pacific,2022-12-01,2022-08-21,62.8,1533,69.99,0.0,107294.67,14932.5
S01599,G1097,Quantum Arena 97,Shooter,Wildcat Interactive,Vertex Entertainment,PlayStation 5,Europe,2024-12-01,2021-07-20,,602,58.49,0.1,35210.98,1592.98
S01622,G1210,Mystic Quest 210,Shooter,Orbit Games,Titan Publishing,Nintendo Switch,Europe,2022-10-01,2020-10-03,,1616,64.99,0.0,105023.84,5346.52
S01714,G1024,Crystal Frontier 24,Strategy,Northstar Dev,Vertex Entertainment,Xbox Series X,Latin America,2023-05-01,2025-04-20,63.3,493,49.99,0.0,24645.07,1608.23
S00885,G1252,Cyber Tactics 252,Simulation,Crystal Byte,NextLevel Games,Nintendo Switch,Latin America,2025-08-01,2024-08-19,81.0,569,31.49,0.3,17917.81,893.13
S01979,G1138,Storm Strike 138,Racing,Red Fox Studio,Silverline Studios,PC,Europe,2024-04-01,2023-09-18,,334,59.99,0.0,20036.66,1453.8
S02160,G1249,Velocity Tactics 249,Racing,Moonlight Games,Titan Publishing,Xbox Series X,North America,2022-07-01,2021-08-17,80.0,1967,47.99,0.2,94396.33,3817.79
S01818,G1157,Quantum Reborn 157,Shooter,Sunrise Labs,Titan Publishing,Xbox Series X,North America,2021-04-01,2019-08-01,98.0,1056,58.49,0.1,61765.44,2027.06
S00851,G1115,Urban Odyssey 115,Shooter,Orbit Games,NextLevel Games,PlayStation 5,Asia Pacific,2025-02-01,2025-04-21,88.1,452,32.49,0.5,14685.48,2014.21
S01588,G1205,Iron Quest 205,Adventure,ShadowWorks,Arcadia Media,PC,Japan,2024-08-01,2019-01-27,47.6,684,49.49,0.1,33851.16,1102.25
S01408,G1250,Mystic Tactics 250,Simulation,Blue Oak Studio,PixelWorks,Nintendo Switch,Latin America,2022-04-01,2023-01-07,87.9,722,44.99,0.0,32482.78,3840.65
S00735,G1153,Frozen Reborn 153,Simulation,Digital Forge,Silverline Studios,Xbox One,Asia Pacific,2024-03-01,2020-07-03,67.5,485,40.49,0.1,19637.65,1339.06
S00718,G1002,Shadow Legends 2,Strategy,Red Fox Studio,PixelWorks,Xbox One,North America,2024-05-01,2023-02-05,88.3,141,49.99,0.0,7048.59,961.54
S00455,G1166,Solar Origins 166,Strategy,Crystal Byte,Nova Interactive,PlayStation 4,Latin America,2022-06-01,2019-10-20,82.0,1758,49.99,0.0,87882.42,8153.17
S00265,G1209,Velocity Quest 209,RPG,Northstar Dev,NextLevel Games,Nintendo Switch,Europe,2022-04-01,2025-06-15,81.3,866,51.99,0.2,45023.34,1366.92
S00076,G1083,Neon Arena 83,Shooter,ShadowWorks,NextLevel Games,Xbox Series X,Asia Pacific,2023-03-01,2025-05-18,,121,58.49,0.1,7077.29,742.2
S01963,G1065,Iron Chronicles 65,Sports,Red Fox Studio,Nova Interactive,Xbox Series X,Japan,2023-02-01,2025-05-07,,534,69.99,0.0,37374.66,3391.0
S00445,G1009,Velocity Legends 9,Strategy,Sunrise Labs,NextLevel Games,Xbox Series X,Japan,2025-09-01,2024-10-17,68.4,782,49.99,0.0,39092.18,4487.7
S00396,G1060,Eclipse Rising 60,Simulation,Blue Oak Studio,Nova Interactive,Nintendo Switch,Asia Pacific,2023-08-01,2020-02-09,67.3,330,40.49,0.1,13361.7,489.01
S00177,G1160,Eclipse Reborn 160,Sports,Wildcat Interactive,Nova Interactive,Xbox One,Japan,2025-04-01,2019-03-02,,241,69.99,0.0,16867.59,1090.85
S01043,G1198,Storm Revolution 198,Sports,ShadowWorks,Nova Interactive,Xbox One,North America,2024-03-01,2023-11-04,58.5,237,69.99,0.0,16587.63,2052.57
S02054,G1191,Titan Revolution 191,Sports,Red Fox Studio,Blue Horizon,Xbox Series X,North America,2021-07-01,2022-09-05,73.5,2165,69.99,0.0,151528.35,5725.04
S01659,G1174,Star Origins 174,Adventure,ShadowWorks,Arcadia Media,PlayStation 5,Asia Pacific,2024-04-01,2023-07-07,91.5,883,54.99,0.0,48556.17,6324.56
S01791,G1237,Quantum Warriors 237,Simulation,Northstar Dev,Silverline Studios,Xbox One,Latin America,2025-10-01,2024-11-02,89.1,775,35.99,0.2,27892.25,3110.18
S01838,G1160,Eclipse Reborn 160,Sports,Wildcat Interactive,Nova Interactive,PlayStation 4,North America,2024-09-01,2019-03-02,,409,62.99,0.1,25762.91,1542.37
S00596,G1007,Rogue Legends 7,Adventure,ShadowWorks,Titan Publishing,Xbox Series X,North America,2024-08-01,2021-05-04,66.7,849,49.49,0.1,42017.01,2440.73
S00062,G1076,Legend Chronicles 76,Adventure,Northstar Dev,Vertex Entertainment,PC,North America,2022-12-01,2021-02-07,93.4,707,54.99,0.0,38877.93,3998.72
S01297,G1179,Kingdom Origins 179,Action,Crystal Byte,PixelWorks,Xbox Series X,North America,2025-09-01,2020-08-25,68.9,2502,59.99,0.0,150094.98,10381.39
S00873,G1005,Iron Legends 5,RPG,,Nova Interactive,Xbox Series X,North America,2024-05-01,2021-10-12,78.0,1706,64.99,0.0,110872.94,6816.38
S01767,G1171,Titan Origins 171,Simulation,Moonlight Games,Titan Publishing,PlayStation 4,North America,2025-05-01,2024-02-11,63.3,621,40.49,0.1,25144.29,3235.15
S00217,G1217,Quantum Quest 217,Simulation,Iron Pixel,Vertex Entertainment,PlayStation 5,Latin America,2023-05-01,2023-08-03,71.4,868,35.99,0.2,31239.32,3725.22
S00279,G1114,Star Odyssey 114,Shooter,Digital Forge,Arcadia Media,PlayStation 4,Latin America,2024-12-01,2022-09-19,92.7,671,64.99,0.0,43608.29,2172.17
S01549,G1171,Titan Origins 171,Simulation,Moonlight Games,Titan Publishing,PlayStation 4,Latin America,2021-10-01,2024-02-11,63.3,320,44.99,0.0,14396.8,1389.59
S01393,G1189,Velocity Revolution 189,Shooter,Quantum Labs,Titan Publishing,Xbox One,Latin America,2021-01-01,2020-09-30,87.7,300,32.49,0.5,9747.0,508.76
S00037,G1071,Titan Chronicles 71,Sports,Digital Forge,Nova Interactive,Nintendo Switch,Latin America,2024-10-01,2020-11-02,77.9,705,62.99,0.1,44407.95,6165.06
S01796,G1157,Quantum Reborn 157,Shooter,Sunrise Labs,Titan Publishing,Xbox One,Japan,2021-05-01,2019-08-01,98.0,514,64.99,0.0,33404.86,1384.11
S00663,G1061,Apex Chronicles 61,Simulation,Wildcat Interactive,PixelWorks,PlayStation 5,Japan,2021-11-01,2024-04-07,61.8,764,44.99,0.0,34372.36,2409.58
S02097,G1083,Neon Arena 83,Shooter,ShadowWorks,NextLevel Games,PlayStation 5,North America,2023-11-01,2025-05-18,,2436,64.99,0.0,158315.64,16760.81
S01712,G1213,Frozen Quest 213,Sports,Wildcat Interactive,Vertex Entertainment,Xbox Series X,Latin America,2023-03-01,2025-03-06,85.6,1077,48.99,0.3,52762.23,4373.4
S00978,G1063,Neon Chronicles 63,RPG,Moonlight Games,Blue Horizon,PlayStation 4,Asia Pacific,2023-06-01,2019-11-18,63.7,551,58.49,0.1,32227.99,4257.63
S01572,G1144,Crystal Reborn 144,Adventure,Wildcat Interactive,Arcadia Media,Xbox One,North America,2023-08-01,2022-07-24,68.0,619,49.49,0.1,30634.31,4172.74
S02027,G1053,Frozen Rising 53,Adventure,Sunrise Labs,Vertex Entertainment,Nintendo Switch,Japan,2021-07-01,2022-08-24,86.5,420,27.5,0.5,11550.0,1354.6
S00739,G1158,Storm Reborn 158,Sports,Quantum Labs,Arcadia Media,PlayStation 5,North America,2024-10-01,2022-05-16,84.6,2677,69.99,0.0,187363.23,16401.02
S00192,G1023,Neon Frontier 23,Racing,Digital Forge,Arcadia Media,PlayStation 5,North America,2023-09-01,2022-09-23,76.5,1963,59.99,0.0,117760.37,
S00920,G1239,Kingdom Warriors 239,Action,Orbit Games,Arcadia Media,PlayStation 4,Latin America,2021-12-01,2021-09-07,70.4,267,53.99,0.1,14415.33,928.86
S00457,G1202,Shadow Quest 202,RPG,Red Fox Studio,PixelWorks,Xbox Series X,Europe,2024-09-01,2024-07-25,78.9,1901,58.49,0.1,111189.49,5462.0
S01418,G1173,Frozen Origins 173,Sports,Orbit Games,Titan Publishing,Xbox Series X,Europe,2022-10-01,2020-08-27,76.0,555,69.99,0.0,38844.45,5349.07
S00676,G1137,Quantum Strike 137,Adventure,Orbit Games,Silverline Studios,PlayStation 5,North America,2023-10-01,2021-05-19,,747,54.99,0.0,41077.53,3075.59
S00761,G1244,Crystal Tactics 244,Adventure,Blue Oak Studio,PixelWorks,Nintendo Switch,Europe,2025-07-01,2023-05-23,79.0,1757,27.5,0.5,48317.5,5766.96
S02098,G1168,Dragon Origins 168,Adventure,Iron Pixel,NextLevel Games,Nintendo Switch,Japan,2023-07-01,2025-01-01,89.4,356,49.49,0.1,17618.44,1512.64
S01895,G1040,Eclipse Frontier 40,Sports,Wildcat Interactive,Arcadia Media,PlayStation 4,Japan,2025-04-01,2020-12-22,74.7,616,69.99,0.0,43113.84,5927.73
S00729,G1124,Crystal Strike 124,Adventure,Red Fox Studio,Blue Horizon,Xbox Series X,Japan,2021-10-01,2021-06-01,69.5,1610,27.5,0.5,44275.0,3559.99
S01948,G1198,Storm Revolution 198,Sports,ShadowWorks,Nova Interactive,PC,Asia Pacific,2022-04-01,2023-11-04,58.5,1260,69.99,0.0,88187.4,8731.86
S01400,G1226,Solar Warriors 226,Shooter,Blue Oak Studio,Vertex Entertainment,PlayStation 5,North America,2022-03-01,2021-10-15,71.2,1174,64.99,0.0,76298.26,7020.39
S00413,G1030,Mystic Frontier 30,RPG,Orbit Games,Arcadia Media,PlayStation 5,Japan,2022-06-01,2019-04-15,52.0,1163,64.99,0.0,75583.37,2935.35
S01099,G1119,Kingdom Odyssey 119,Sports,Quantum Labs,Blue Horizon,PlayStation 4,Europe,2021-01-01,2019-07-13,81.1,1555,69.99,0.0,108834.45,7486.01
S01517,G1190,Mystic Revolution 190,Action,Blue Oak Studio,Vertex Entertainment,PlayStation 4,Asia Pacific,2022-07-01,2020-08-08,,389,59.99,0.0,23336.11,1046.49
S01525,G1037,Quantum Frontier 37,Shooter,Quantum Labs,Titan Publishing,PC,Asia Pacific,2024-06-01,2022-12-04,68.3,762,64.99,0.0,49522.38,5318.13
S00826,G1157,Quantum Reborn 157,Shooter,Sunrise Labs,Titan Publishing,PlayStation 4,Japan,2025-03-01,2019-08-01,98.0,1886,58.49,0.1,110312.14,14598.84
S01774,G1042,Shadow Rising 42,RPG,Crystal Byte,Silverline Studios,PlayStation 4,Europe,2021-04-01,2023-05-03,75.7,839,58.49,0.1,49073.11,4186.83
S00617,G1217,Quantum Quest 217,Simulation,Iron Pixel,Vertex Entertainment,Nintendo Switch,Latin America,2024-10-01,2023-08-03,71.4,374,44.99,0.0,16826.26,2051.85
S00115,G1125,Iron Strike 125,Shooter,ShadowWorks,NextLevel Games,Nintendo Switch,Latin America,2021-08-01,2019-03-27,79.8,1754,32.49,0.5,56987.46,5059.44
S00418,G1206,Solar Quest 206,Sports,ShadowWorks,Vertex Entertainment,PlayStation 4,Europe,2023-07-01,2024-06-13,76.9,1602,69.99,0.0,112123.98,15386.05
S02154,G1175,Urban Origins 175,Sports,ShadowWorks,Arcadia Media,Xbox Series X,Europe,2024-01-01,2023-01-26,73.6,256,62.99,0.1,16125.44,1314.56
S01626,G1124,Crystal Strike 124,Adventure,Red Fox Studio,Blue Horizon,PlayStation 5,Latin America,2023-03-01,2021-06-01,69.5,892,54.99,0.0,49051.08,3999.92
S00970,G1215,Urban Quest 215,RPG,Quantum Labs,PixelWorks,Nintendo Switch,North America,2022-10-01,2025-02-19,69.8,734,51.99,0.2,38160.66,2815.9
S00605,G1136,Legend Strike 136,Sports,Northstar Dev,NextLevel Games,PlayStation 4,Latin America,2021-10-01,2021-10-08,84.3,177,69.99,0.0,12388.23,1414.04
S02158,G1062,Shadow Chronicles 62,Shooter,Digital Forge,NextLevel Games,PlayStation 5,Japan,2025-04-01,2021-06-20,73.7,831,51.99,0.2,43203.69,4679.97
S00090,G1125,Iron Strike 125,Shooter,ShadowWorks,NextLevel Games,Nintendo Switch,Japan,2022-05-01,2019-03-27,79.8,1739,58.49,0.1,101714.11,8442.81
S00849,G1127,Rogue Strike 127,Adventure,ShadowWorks,Arcadia Media,Nintendo Switch,Japan,2021-01-01,2020-04-24,69.4,1907,43.99,0.2,83888.93,9669.49
S01802,G1065,Iron Chronicles 65,Sports,Red Fox Studio,Nova Interactive,Xbox One,Latin America,2024-03-01,2025-05-07,,1189,62.99,0.1,74895.11,3193.23
S02157,G1053,Frozen Rising 53,Adventure,Sunrise Labs,Vertex Entertainment,PlayStation 4,Europe,2023-12-01,2022-08-24,86.5,135,54.99,0.0,7423.65,270.64
S00754,G1113,Frozen Odyssey 113,Action,Orbit Games,NextLevel Games,Nintendo Switch,Latin America,2021-02-01,2019-11-26,84.8,656,53.99,0.1,35417.44,4910.5
S00499,G1176,Legend Origins 176,Strategy,Blue Oak Studio,PixelWorks,PlayStation 5,Asia Pacific,2024-11-01,2020-02-08,,1191,44.99,0.1,53583.09,4855.36
S01277,G1210,Mystic Quest 210,Shooter,Orbit Games,Titan Publishing,PlayStation 4,Japan,2023-01-01,2020-10-03,,184,64.99,0.0,11958.16,1590.67
S01326,G1246,Solar Tactics 246,Strategy,Sunrise Labs,Nova Interactive,Xbox One,Europe,2024-07-01,2020-03-18,98.0,1328,44.99,0.1,59746.72,4730.07
S01631,G1055,Urban Rising 55,Strategy,Blue Oak Studio,Vertex Entertainment,Xbox One,North America,2024-03-01,2021-12-02,55.4,748,34.99,0.3,26172.52,1354.45
S00012,G1203,Neon Quest 203,Simulation,Sunrise Labs,Titan Publishing,PlayStation 4,North America,2021-11-01,2021-02-11,46.9,935,44.99,0.0,42065.65,5878.32
S00397,G1103,Neon Odyssey 103,RPG,Northstar Dev,Arcadia Media,Xbox Series X,North America,2022-10-01,2025-02-25,87.8,248,58.49,0.1,14505.52,1334.05
S00285,G1161,Apex Origins 161,Strategy,Northstar Dev,Silverline Studios,Xbox Series X,Europe,2021-12-01,2025-02-28,66.8,2817,49.99,0.0,140821.83,14818.06
S02150,G1242,Shadow Tactics 242,Strategy,Iron Pixel,Blue Horizon,Xbox Series X,North America,2025-11-01,2022-10-12,86.1,1776,49.99,0.0,88782.24,10034.22
S01067,G1100,Eclipse Arena 100,Adventure,Blue Oak Studio,NextLevel Games,PC,Japan,2022-04-01,2021-06-16,85.6,1547,54.99,0.0,85069.53,7931.24
S01192,G1108,Dragon Odyssey 108,Adventure,Wildcat Interactive,Silverline Studios,Xbox Series X,North America,2022-08-01,2019-11-23,98.0,6820,54.99,0.0,375031.8,31940.47
S01441,G1126,Solar Strike 126,Strategy,Quantum Labs,Titan Publishing,Xbox One,Asia Pacific,2022-12-01,2020-01-23,,1252,44.99,0.1,56327.48,4194.99
S01601,G1040,Eclipse Frontier 40,Sports,Wildcat Interactive,Arcadia Media,Xbox One,Japan,2022-12-01,2020-12-22,74.7,505,69.99,0.0,35344.95,2038.55
S02056,G1058,Storm Rising 58,Strategy,Crystal Byte,Nova Interactive,PC,Latin America,2025-03-01,2023-09-28,82.4,410,34.99,0.3,14345.9,869.57
S02055,G1005,Iron Legends 5,RPG,Quantum Labs,Nova Interactive,PC,North America,2022-12-01,2021-10-12,78.0,769,32.49,0.5,24984.81,3094.9
S01451,G1201,Apex Quest 201,RPG,Crystal Byte,Arcadia Media,Nintendo Switch,Japan,2024-06-01,2024-05-12,63.9,473,45.49,0.3,21516.77,2873.1
S00691,G1188,Dragon Revolution 188,Action,Moonlight Games,NextLevel Games,PC,Japan,2023-01-01,2019-08-05,84.5,1039,59.99,0.0,62329.61,6433.95
S01928,G1217,Quantum Quest 217,Simulation,Iron Pixel,Vertex Entertainment,Xbox Series X,North America,2021-07-01,2023-08-03,71.4,1168,35.99,0.2,42036.32,4296.53
S01569,G1135,Urban Strike 135,Strategy,Digital Forge,Titan Publishing,Xbox Series X,North America,2023-05-01,2023-12-28,77.8,2475,49.99,0.0,123725.25,10085.37
S02190,G1248,Dragon Tactics 248,Shooter,Sunrise Labs,Arcadia Media,Xbox One,Asia Pacific,2023-08-01,2020-04-04,84.1,303,64.99,0.0,19691.97,2516.28
S00690,G1196,Legend Revolution 196,Strategy,Moonlight Games,Arcadia Media,Nintendo Switch,Latin America,2022-05-01,2021-11-17,56.7,2053,49.99,0.0,102629.47,11947.17
S00852,G1149,Velocity Reborn 149,Simulation,Digital Forge,Vertex Entertainment,Xbox One,Latin America,2025-11-01,2021-01-06,77.5,1019,35.99,0.2,36673.81,1377.82
S01499,G1121,Apex Strike 121,Shooter,Digital Forge,Arcadia Media,Xbox Series X,North America,2021-10-01,2019-01-19,74.2,1280,64.99,0.0,83187.2,10609.12
S00160,G1204,Crystal Quest 204,Shooter,Wildcat Interactive,PixelWorks,PlayStation 5,Asia Pacific,2024-04-01,2019-10-25,85.5,1499,64.99,0.0,97420.01,3426.54
S00896,G1252,Cyber Tactics 252,Simulation,Crystal Byte,NextLevel Games,Xbox One,Europe,2023-09-01,2024-08-19,81.0,8502,44.99,0.0,382504.98,50832.81
S01865,G1006,Solar Legends 6,Strategy,Crystal Byte,PixelWorks,Xbox Series X,Latin America,2021-03-01,2023-02-04,55.5,748,44.99,0.1,33652.52,1139.66
S00258,G1255,Urban Tactics 255,Action,Moonlight Games,Titan Publishing,PlayStation 5,North America,2025-08-01,2023-12-05,64.3,2652,41.99,0.3,111357.48,8772.25
S00336,G1016,Legend Legends 16,Racing,ShadowWorks,Arcadia Media,PlayStation 4,Japan,2022-12-01,2025-06-19,98.0,333,47.99,0.2,15980.67,781.62
S02138,G1015,Urban Legends 15,RPG,Sunrise Labs,Blue Horizon,PlayStation 4,Japan,2022-12-01,2021-06-29,84.6,797,51.99,0.2,41436.03,4807.52
S01040,G1164,Crystal Origins 164,Adventure,Crystal Byte,Arcadia Media,Nintendo Switch,Latin America,2023-02-01,2023-10-25,63.3,688,49.49,0.1,34049.12,3937.26
S00516,G1103,Neon Odyssey 103,RPG,Northstar Dev,Arcadia Media,PC,North America,2025-11-01,2025-02-25,87.8,412,64.99,0.0,26775.88,2986.89
S01349,G1050,Mystic Rising 50,Adventure,Red Fox Studio,Blue Horizon,Xbox Series X,Europe,2023-01-01,2019-12-12,,1561,43.99,0.2,68668.39,6250.32
S01016,G1100,Eclipse Arena 100,Adventure,Blue Oak Studio,NextLevel Games,PlayStation 5,Asia Pacific,2023-10-01,2021-06-16,85.6,1409,54.99,0.0,77480.91,5688.51
S00769,G1182,Shadow Revolution 182,Action,Sunrise Labs,Silverline Studios,PlayStation 4,Europe,2025-04-01,2024-09-02,83.3,672,53.99,0.1,36281.28,2472.23
S02165,G1053,Frozen Rising 53,Adventure,Sunrise Labs,Vertex Entertainment,Xbox Series X,Asia Pacific,2025-04-01,2022-08-24,86.5,1015,43.99,0.2,44649.85,6091.97
S00442,G1100,Eclipse Arena 100,Adventure,Blue Oak Studio,NextLevel Games,Xbox Series X,North America,2022-11-01,2021-06-16,85.6,2685,38.49,0.3,103345.65,11256.86
S02095,G1259,Kingdom Tactics 259,Simulation,Red Fox Studio,Titan Publishing,PlayStation 4,North America,2023-09-01,2021-12-21,83.2,969,44.99,0.0,43595.31,4774.11
S00762,G1089,Velocity Arena 89,Racing,Digital Forge,Vertex Entertainment,PlayStation 5,North America,2023-05-01,2022-03-18,68.2,6046,47.99,0.2,290147.54,39745.34
S01247,G1191,Titan Revolution 191,Sports,Red Fox Studio,Blue Horizon,Nintendo Switch,Latin America,2025-02-01,2022-09-05,73.5,1382,48.99,0.3,67704.18,5179.97
S01204,G1002,Shadow Legends 2,Strategy,Red Fox Studio,PixelWorks,Xbox Series X,Asia Pacific,2025-08-01,2023-02-05,88.3,1555,34.99,0.3,54409.45,2017.12
S01740,G1173,Frozen Origins 173,Sports,Orbit Games,Titan Publishing,Xbox One,Europe,2022-08-01,2020-08-27,76.0,913,69.99,0.0,63900.87,7920.51
S01124,G1243,Neon Tactics 243,Adventure,Crystal Byte,PixelWorks,PlayStation 4,Europe,2023-06-01,2021-10-15,52.6,371,49.49,0.1,18360.79,2350.36
S00522,G1022,Shadow Frontier 22,Adventure,Sunrise Labs,Vertex Entertainment,PC,Europe,2021-08-01,2019-12-12,77.0,1345,54.99,0.0,73961.55,4179.09
S00023,G1138,Storm Strike 138,Racing,Red Fox Studio,Silverline Studios,Nintendo Switch,Asia Pacific,2021-10-01,2023-09-18,,1621,53.99,0.1,87517.79,8862.19
S00357,G1165,Iron Origins 165,Simulation,Crystal Byte,NextLevel Games,PlayStation 5,North America,2021-07-01,2019-04-07,60.7,6540,40.49,0.1,264804.6,11880.17
S01278,G1069,Velocity Chronicles 69,Action,Red Fox Studio,Arcadia Media,PC,North America,2021-04-01,2024-05-14,69.3,7951,53.99,0.1,429274.49,27873.03
S01313,G1122,Shadow Strike 122,Racing,Red Fox Studio,Blue Horizon,PC,North America,2025-12-01,2021-02-05,70.3,772,47.99,0.2,37048.28,4111.06
S01636,G1075,Urban Chronicles 75,Shooter,Wildcat Interactive,Arcadia Media,Xbox One,Europe,2022-12-01,2019-03-19,74.3,400,64.99,0.0,25996.0,2348.96
S01993,G1100,Eclipse Arena 100,Adventure,Blue Oak Studio,NextLevel Games,PlayStation 5,Japan,2025-01-01,2021-06-16,85.6,303,49.49,0.1,14995.47,1399.23
S00341,G1155,Urban Reborn 155,Sports,Blue Oak Studio,Arcadia Media,Xbox One,Europe,2022-01-01,2022-12-31,74.2,495,62.99,0.1,31180.05,2503.94
S00432,G1099,Kingdom Arena 99,Sports,Sunrise Labs,Arcadia Media,Xbox One,Latin America,2021-02-01,2021-05-27,,336,34.99,0.5,11756.64,423.68
S00474,G1110,Mystic Odyssey 110,Shooter,ShadowWorks,PixelWorks,Xbox Series X,Latin America,2021-07-01,2024-10-07,88.1,475,32.49,0.5,15432.75,957.17
S00218,G1001,Apex Legends 1,Racing,Digital Forge,Titan Publishing,Nintendo Switch,Japan,2025-12-01,2022-03-07,62.1,887,53.99,0.1,47889.13,3159.34
S00912,G1185,Iron Revolution 185,Shooter,Orbit Games,Vertex Entertainment,Xbox One,Latin America,2023-12-01,2020-03-24,64.6,1012,58.49,0.1,59191.88,2676.12
S01228,G1067,Rogue Chronicles 67,Strategy,Quantum Labs,Vertex Entertainment,PC,Asia Pacific,2021-03-01,2022-09-02,87.3,2021,44.99,0.1,90924.79,5484.44
S01888,G1137,Quantum Strike 137,Adventure,Orbit Games,Silverline Studios,Nintendo Switch,Japan,2025-01-01,2021-05-19,,3270,54.99,0.0,179817.3,14496.07
S01012,G1056,Legend Rising 56,Shooter,Quantum Labs,Arcadia Media,Nintendo Switch,Asia Pacific,2021-11-01,2023-05-01,77.2,518,58.49,0.1,30297.82,3362.03
S00958,G1249,Velocity Tactics 249,Racing,Moonlight Games,Titan Publishing,PlayStation 4,Latin America,2025-03-01,2021-08-17,80.0,434,41.99,0.3,18223.66,761.85
S00094,G1061,Apex Chronicles 61,Simulation,Wildcat Interactive,PixelWorks,Xbox One,Latin America,2022-09-01,2024-04-07,61.8,495,44.99,0.0,22270.05,1263.44
S01009,G1151,Titan Reborn 151,Adventure,Blue Oak Studio,Arcadia Media,Nintendo Switch,North America,2021-03-01,2024-06-19,68.1,1643,43.99,0.2,72275.57,3511.45
S01071,G1182,Shadow Revolution 182,Action,Sunrise Labs,Silverline Studios,PC,Europe,2023-06-01,2024-09-02,83.3,1292,53.99,0.1,69755.08,9546.63
S01093,G1147,Rogue Reborn 147,Racing,ShadowWorks,Silverline Studios,PC,Latin America,2021-02-01,2025-06-02,59.1,284,30.0,0.5,8520.0,911.16
S01945,G1110,Mystic Odyssey 110,Shooter,ShadowWorks,PixelWorks,Xbox One,Asia Pacific,2022-11-01,2024-10-07,88.1,304,64.99,0.0,19756.96,808.0
S01309,G1172,Cyber Origins 172,Simulation,Crystal Byte,Titan Publishing,PlayStation 5,Latin America,2021-03-01,2021-02-13,58.4,375,44.99,0.0,16871.25,2009.62
S00697,G1058,Storm Rising 58,Strategy,Crystal Byte,Nova Interactive,PC,Japan,2023-08-01,2023-09-28,82.4,1614,49.99,0.0,80683.86,9094.87
S01110,G1116,Legend Odyssey 116,Strategy,Crystal Byte,Titan Publishing,PlayStation 4,North America,2024-12-01,2023-06-20,86.3,221,49.99,0.0,11047.79,623.06
S00997,G1053,Frozen Rising 53,Adventure,Sunrise Labs,Vertex Entertainment,PC,Asia Pacific,2025-11-01,2022-08-24,86.5,998,49.49,0.1,49391.02,4159.65
S01459,G1243,Neon Tactics 243,Adventure,Crystal Byte,PixelWorks,PlayStation 4,Latin America,2023-05-01,2021-10-15,52.6,289,54.99,0.0,15892.11,1516.67
S01680,G1132,Cyber Strike 132,Action,Digital Forge,NextLevel Games,PlayStation 4,Japan,2022-07-01,2019-06-01,63.2,292,59.99,0.0,17517.08,835.0
S00154,G1028,Dragon Frontier 28,Shooter,Quantum Labs,Titan Publishing,Xbox One,North America,2021-12-01,2023-12-26,75.5,1625,64.99,0.0,105608.75,9233.22
S01100,G1146,Solar Reborn 146,Action,Northstar Dev,Nova Interactive,Xbox Series X,North America,2025-02-01,2024-09-21,67.2,4669,47.99,0.2,224065.31,23262.22
S02037,G1228,Dragon Warriors 228,Shooter,Crystal Byte,PixelWorks,PlayStation 5,Latin America,2022-06-01,2022-11-21,80.4,432,51.99,0.2,22459.68,2484.59
S02200,G1149,Velocity Reborn 149,Simulation,Digital Forge,Vertex Entertainment,Xbox Series X,Asia Pacific,2021-12-01,2021-01-06,77.5,4505,40.49,0.1,182407.45,13577.7
S00790,G1136,Legend Strike 136,Sports,Northstar Dev,NextLevel Games,Nintendo Switch,Europe,2025-07-01,2021-10-08,84.3,1308,69.99,0.0,91546.92,11261.63
S00581,G1191,Titan Revolution 191,Sports,Red Fox Studio,Blue Horizon,PC,North America,2021-05-01,2022-09-05,73.5,976,69.99,0.0,68310.24,7777.61
S01471,G1158,Storm Reborn 158,Sports,Quantum Labs,Arcadia Media,PC,Japan,2024-04-01,2022-05-16,84.6,640,69.99,0.0,44793.6,3146.03
S00704,G1257,Quantum Tactics 257,Simulation,Northstar Dev,Titan Publishing,Xbox One,Europe,2024-06-01,2021-06-17,82.9,1865,44.99,0.0,83906.35,4473.04
S01213,G1015,Urban Legends 15,RPG,Sunrise Labs,Blue Horizon,PlayStation 5,Japan,2021-12-01,2021-06-29,84.6,476,58.49,0.1,27841.24,2477.81
S01296,G1229,Velocity Warriors 229,Action,Blue Oak Studio,Blue Horizon,Xbox One,North America,2022-04-01,2019-03-30,73.5,452,59.99,0.0,27115.48,1751.4
S01972,G1193,Frozen Revolution 193,Sports,Sunrise Labs,Blue Horizon,Xbox One,Europe,2024-11-01,2021-01-04,58.6,389,69.99,0.0,27226.11,1526.41
S01261,G1107,Rogue Odyssey 107,RPG,ShadowWorks,Arcadia Media,Nintendo Switch,Europe,2025-08-01,2021-03-12,67.1,967,58.49,0.1,56559.83,3767.97
S00488,G1240,Eclipse Warriors 240,Sports,Digital Forge,Nova Interactive,Xbox Series X,North America,2021-03-01,2021-07-29,66.4,16804,62.99,0.1,1058483.96,115319.46
S01625,G1030,Mystic Frontier 30,RPG,Orbit Games,Arcadia Media,PC,Latin America,2024-01-01,2019-04-15,52.0,563,45.49,0.3,25610.87,1557.48
S00560,G1039,Kingdom Frontier 39,Racing,Blue Oak Studio,Nova Interactive,PlayStation 5,Europe,2021-02-01,2024-12-10,62.4,1679,59.99,0.0,100723.21,12422.59
S01142,G1125,Iron Strike 125,Shooter,ShadowWorks,NextLevel Games,PlayStation 4,North America,2021-05-01,2019-03-27,79.8,951,51.99,0.2,49442.49,6347.89
S02045,G1129,Velocity Strike 129,Adventure,Digital Forge,Nova Interactive,Xbox One,Asia Pacific,2024-11-01,2019-03-19,59.4,535,54.99,0.0,29419.65,1350.3
S01120,G1211,Titan Quest 211,RPG,Sunrise Labs,Titan Publishing,PC,Latin America,2024-02-01,2023-04-26,,1559,64.99,0.0,101319.41,12103.16
S00802,G1218,Storm Quest 218,Simulation,Blue Oak Studio,Silverline Studios,Nintendo Switch,Asia Pacific,2021-09-01,2022-03-14,59.9,1522,44.99,0.0,68474.78,3999.66
S00513,G1155,Urban Reborn 155,Sports,Blue Oak Studio,Arcadia Media,Xbox One,Latin America,2024-04-01,2022-12-31,74.2,574,34.99,0.5,20084.26,2144.43
S00634,G1206,Solar Quest 206,Sports,ShadowWorks,Vertex Entertainment,Nintendo Switch,Japan,2025-02-01,2024-06-13,76.9,348,62.99,0.1,21920.52,812.72
S01753,G1161,Apex Origins 161,Strategy,Northstar Dev,Silverline Studios,PlayStation 4,Europe,2021-11-01,2025-02-28,66.8,840,39.99,0.2,33591.6,3658.99
S01665,G1055,Urban Rising 55,Strategy,Blue Oak Studio,Vertex Entertainment,PC,Europe,2021-03-01,2021-12-02,55.4,617,39.99,0.2,24673.83,1486.39
S01013,G1124,Crystal Strike 124,Adventure,Red Fox Studio,Blue Horizon,PlayStation 4,Asia Pacific,2025-11-01,2021-06-01,69.5,2010,27.5,0.5,55275.0,4725.07
S01830,G1057,Quantum Rising 57,Racing,Orbit Games,Arcadia Media,Xbox One,Asia Pacific,2022-10-01,2023-01-09,69.6,548,53.99,0.1,29586.52,1126.7
S01151,G1167,Rogue Origins 167,Shooter,Wildcat Interactive,PixelWorks,Xbox Series X,Japan,2023-06-01,2023-08-02,,408,64.99,0.0,26515.92,2166.79
S00791,G1085,Iron Arena 85,Adventure,Wildcat Interactive,Silverline Studios,Xbox One,Europe,2022-09-01,2021-04-19,81.4,599,43.99,0.2,26350.01,2183.84
S00117,G1056,Legend Rising 56,Shooter,Quantum Labs,Arcadia Media,PlayStation 4,Europe,2021-10-01,2023-05-01,77.2,445,64.99,0.0,28920.55,1238.55
S01498,G1096,Legend Arena 96,Adventure,Red Fox Studio,PixelWorks,Xbox One,Asia Pacific,2021-07-01,2021-05-11,74.0,457,38.49,0.3,17589.93,994.47
S00741,G1226,Solar Warriors 226,Shooter,Blue Oak Studio,Vertex Entertainment,PC,Japan,2023-04-01,2021-10-15,71.2,1057,64.99,0.0,68694.43,5667.42
S02005,G1008,Dragon Legends 8,RPG,ShadowWorks,Silverline Studios,Xbox Series X,Latin America,2021-02-01,2022-03-06,75.1,908,51.99,0.2,47206.92,6179.55
S01082,G1105,Iron Odyssey 105,Racing,ShadowWorks,Titan Publishing,Xbox Series X,Japan,2022-12-01,2019-08-02,72.8,338,53.99,0.1,18248.62,2219.53
S01628,G1057,Quantum Rising 57,Racing,Orbit Games,Arcadia Media,Xbox Series X,North America,2025-08-01,2023-01-09,69.6,617,41.99,0.3,25907.83,2175.26
S00831,G1135,Urban Strike 135,Strategy,Digital Forge,Titan Publishing,Xbox Series X,Latin America,2021-01-01,2023-12-28,77.8,409,49.99,0.0,20445.91,1896.97
S00120,G1222,Shadow Warriors 222,Racing,Quantum Labs,Silverline Studios,PC,North America,2022-11-01,2022-03-25,93.3,1029,59.99,0.0,61729.71,2634.93
S00657,G1045,Iron Rising 45,Shooter,Digital Forge,Titan Publishing,PlayStation 5,Europe,2024-04-01,2023-07-18,71.9,476,45.49,0.3,21653.24,774.68
S01961,G1193,Frozen Revolution 193,Sports,Sunrise Labs,Blue Horizon,Xbox Series X,Japan,2022-01-01,2021-01-04,58.6,244,69.99,0.0,17077.56,912.04
S01905,G1020,Eclipse Legends 20,Simulation,Wildcat Interactive,Titan Publishing,Xbox One,Europe,2023-08-01,2025-06-05,,349,44.99,0.0,15701.51,661.23
S02153,G1117,Quantum Odyssey 117,Action,Digital Forge,Blue Horizon,Xbox Series X,Europe,2024-05-01,2021-03-29,69.8,557,59.99,0.0,33414.43,1119.59
S00636,G1017,Quantum Legends 17,Shooter,Iron Pixel,Nova Interactive,Xbox One,Asia Pacific,2023-12-01,2020-07-29,,462,64.99,0.0,30025.38,2815.44
S00370,G1040,Eclipse Frontier 40,Sports,Wildcat Interactive,Arcadia Media,Xbox Series X,North America,2023-02-01,2020-12-22,74.7,669,55.99,0.2,37457.31,4724.9
S00269,G1060,Eclipse Rising 60,Simulation,Blue Oak Studio,Nova Interactive,PC,Asia Pacific,2024-01-01,2020-02-09,67.3,3900,22.5,0.5,87750.0,10781.53
S00656,G1082,Shadow Arena 82,Adventure,Moonlight Games,Nova Interactive,Nintendo Switch,Latin America,2022-12-01,2022-01-13,69.8,361,54.99,0.0,19851.39,953.41
S00936,G1074,Star Chronicles 74,Simulation,Wildcat Interactive,Blue Horizon,PlayStation 5,North America,2022-01-01,2023-03-05,76.6,7102,44.99,0.0,319518.98,34856.57
S00823,G1028,Dragon Frontier 28,Shooter,Quantum Labs,Titan Publishing,PlayStation 4,North America,2024-04-01,2023-12-26,75.5,1422,32.49,0.5,46200.78,5760.57
S00867,G1135,Urban Strike 135,Strategy,Digital Forge,Titan Publishing,PlayStation 4,North America,2025-06-01,2023-12-28,77.8,464,39.99,0.2,18555.36,1515.99
S00047,G1135,Urban Strike 135,Strategy,Digital Forge,Titan Publishing,Nintendo Switch,Asia Pacific,2024-12-01,2023-12-28,77.8,210,49.99,0.0,10497.9,1455.68
S01374,G1122,Shadow Strike 122,Racing,Red Fox Studio,Blue Horizon,Nintendo Switch,North America,2022-12-01,2021-02-05,70.3,1911,30.0,0.5,57330.0,2451.07
S02026,G1098,Storm Arena 98,Racing,Wildcat Interactive,NextLevel Games,PC,North America,2024-04-01,2022-03-09,73.5,1868,53.99,0.1,100853.32,4965.8
S00992,G1051,Titan Rising 51,Strategy,ShadowWorks,Blue Horizon,PlayStation 5,Japan,2024-10-01,2024-10-14,80.3,691,34.99,0.3,24178.09,1833.35
S00877,G1154,Star Reborn 154,Sports,ShadowWorks,Silverline Studios,Xbox Series X,Asia Pacific,2022-01-01,2024-08-30,91.4,1107,69.99,0.0,77478.93,3402.13
S00774,G1259,Kingdom Tactics 259,Simulation,Red Fox Studio,Titan Publishing,PC,Asia Pacific,2022-02-01,2021-12-21,83.2,1085,44.99,0.0,48814.15,6328.04
S01220,G1225,Iron Warriors 225,Simulation,Northstar Dev,Blue Horizon,PlayStation 5,Japan,2024-06-01,2024-04-03,70.0,1696,44.99,0.0,76303.04,5035.24
S01127,G1155,Urban Reborn 155,Sports,Blue Oak Studio,Arcadia Media,PC,North America,2021-08-01,2022-12-31,74.2,1998,62.99,0.1,125854.02,13092.09
S00005,G1035,Urban Frontier 35,Action,Red Fox Studio,Vertex Entertainment,PlayStation 4,North America,2024-11-01,2021-05-06,,715,41.99,0.3,30022.85,1324.78
S02085,G1210,Mystic Quest 210,Shooter,Orbit Games,Titan Publishing,PlayStation 5,North America,2022-07-01,2020-10-03,,933,45.49,0.3,42442.17,3758.57
S01004,G1102,Shadow Odyssey 102,Racing,Northstar Dev,NextLevel Games,PC,North America,2024-07-01,2021-04-04,70.2,2668,53.99,0.1,144045.32,10272.95
S01975,G1251,Titan Tactics 251,Sports,Iron Pixel,Silverline Studios,Nintendo Switch,Europe,2021-10-01,2024-06-23,75.0,4043,48.99,0.3,198066.57,18807.95
S02043,G1186,Solar Revolution 186,Simulation,Quantum Labs,Arcadia Media,Xbox Series X,Europe,2025-05-01,2024-02-21,73.0,1407,40.49,0.1,56969.43,7294.61
S00264,G1008,Dragon Legends 8,RPG,ShadowWorks,Silverline Studios,Xbox Series X,Asia Pacific,2023-04-01,2022-03-06,75.1,422,32.49,0.5,13710.78,1800.99
S01859,G1072,Cyber Chronicles 72,Adventure,Quantum Labs,Silverline Studios,Xbox One,Asia Pacific,2022-04-01,2024-11-13,66.9,596,43.99,0.2,26218.04,954.4
S00613,G1235,Urban Warriors 235,Adventure,Red Fox Studio,PixelWorks,Nintendo Switch,Japan,2021-12-01,2025-06-20,72.9,1170,49.49,0.1,57903.3,2545.02
S00444,G1126,Solar Strike 126,Strategy,Quantum Labs,Titan Publishing,PC,Europe,2023-09-01,2020-01-23,,1267,44.99,0.1,57002.33,1867.84
S01003,G1052,Cyber Rising 52,Action,Northstar Dev,Nova Interactive,PC,North America,2021-03-01,2023-04-04,85.1,414,59.99,0.0,24835.86,764.88
S01078,G1150,Mystic Reborn 150,RPG,Moonlight Games,Vertex Entertainment,PlayStation 4,Asia Pacific,2021-06-01,2019-12-20,78.9,854,64.99,0.0,55501.46,4350.3
S00838,G1082,Shadow Arena 82,Adventure,Moonlight Games,Nova Interactive,PlayStation 5,Europe,2024-01-01,2022-01-13,69.8,294,54.99,0.0,16167.06,1521.41
S00682,G1187,Rogue Revolution 187,Action,ShadowWorks,Nova Interactive,Xbox One,Japan,2021-12-01,2020-05-19,84.1,2300,53.99,0.1,124177.0,13247.08
S01716,G1052,Cyber Rising 52,Action,Northstar Dev,Nova Interactive,PC,North America,2024-01-01,2023-04-04,85.1,2547,53.99,0.1,137512.53,12851.67
S00305,G1123,Neon Strike 123,Racing,Quantum Labs,Arcadia Media,Xbox One,Latin America,2021-11-01,2020-04-10,72.6,1645,53.99,0.1,88813.55,9025.12
S01366,G1211,Titan Quest 211,RPG,Sunrise Labs,Titan Publishing,Nintendo Switch,North America,2024-09-01,2023-04-26,,3557,51.99,0.2,184928.43,17326.05
S01845,G1172,Cyber Origins 172,Simulation,Crystal Byte,Titan Publishing,Xbox Series X,North America,2024-09-01,2021-02-13,58.4,2550,35.99,0.2,91774.5,9680.67
S00314,G1001,Apex Legends 1,Racing,Digital Forge,Titan Publishing,Nintendo Switch,Asia Pacific,2023-07-01,2022-03-07,62.1,502,47.99,0.2,24090.98,2112.09
S00150,G1002,Shadow Legends 2,Strategy,Red Fox Studio,PixelWorks,Nintendo Switch,Europe,2024-12-01,2023-02-05,88.3,335,39.99,0.2,13396.65,1715.11
S01149,G1248,Dragon Tactics 248,Shooter,Sunrise Labs,Arcadia Media,Xbox One,Asia Pacific,2023-12-01,2020-04-04,84.1,2197,64.99,0.0,142783.03,11593.28
S01214,G1060,Eclipse Rising 60,Simulation,Blue Oak Studio,Nova Interactive,PC,North America,2023-08-01,2020-02-09,67.3,3134,44.99,0.0,140998.66,5215.03
S00575,G1005,Iron Legends 5,RPG,Quantum Labs,Nova Interactive,PC,North America,2022-12-01,2021-10-12,78.0,628,51.99,0.2,32649.72,2614.26
S01722,G1107,Rogue Odyssey 107,RPG,ShadowWorks,Arcadia Media,PlayStation 5,Japan,2022-11-01,2021-03-12,67.1,1611,64.99,0.0,104698.89,3190.74
S01689,G1112,Cyber Odyssey 112,Action,Red Fox Studio,Titan Publishing,Nintendo Switch,Asia Pacific,2025-07-01,2025-01-26,77.8,339,53.99,0.1,18302.61,2503.21
S00051,G1080,Eclipse Chronicles 80,Sports,Sunrise Labs,PixelWorks,PlayStation 4,North America,2024-06-01,2024-10-21,72.8,2129,48.99,0.3,104299.71,10474.89
S01839,G1079,Kingdom Chronicles 79,Adventure,Moonlight Games,Titan Publishing,PC,Europe,2025-11-01,2023-10-10,84.4,957,38.49,0.3,36834.93,4069.39
S00727,G1115,Urban Odyssey 115,Shooter,Orbit Games,NextLevel Games,Xbox One,Europe,2025-12-01,2025-04-21,88.1,982,64.99,0.0,63820.18,3003.58
S00834,G1184,Crystal Revolution 184,Strategy,Sunrise Labs,Vertex Entertainment,PlayStation 4,Europe,2024-02-01,2021-05-17,,644,44.99,0.1,28973.56,2601.91
S01378,G1003,Neon Legends 3,Adventure,Blue Oak Studio,NextLevel Games,PC,Latin America,2021-12-01,2019-07-29,98.0,346,43.99,0.2,15220.54,1446.69
S01116,G1022,Shadow Frontier 22,Adventure,Sunrise Labs,Vertex Entertainment,PlayStation 4,Europe,2023-09-01,2019-12-12,77.0,157,49.49,0.1,7769.93,560.83
S01167,G1053,Frozen Rising 53,Adventure,Sunrise Labs,Vertex Entertainment,PlayStation 5,Europe,2022-05-01,2022-08-24,86.5,414,38.49,0.3,15934.86,1545.55
S00471,G1259,Kingdom Tactics 259,Simulation,Red Fox Studio,Titan Publishing,PlayStation 4,Latin America,2024-06-01,2021-12-21,83.2,756,31.49,0.3,23806.44,1065.13
S00972,G1124,Crystal Strike 124,Adventure,Red Fox Studio,Blue Horizon,PlayStation 5,Europe,2024-11-01,2021-06-01,69.5,4504,49.49,0.1,222902.96,11141.49
S00654,G1257,Quantum Tactics 257,Simulation,Northstar Dev,Titan Publishing,PlayStation 5,Latin America,2023-05-01,2021-06-17,82.9,1269,44.99,0.0,57092.31,3924.39
S00400,G1179,Kingdom Origins 179,Action,Crystal Byte,PixelWorks,Xbox One,Latin America,2022-02-01,2020-08-25,68.9,1254,47.99,0.2,60179.46,4675.2
S00512,G1002,Shadow Legends 2,Strategy,Red Fox Studio,PixelWorks,PC,North America,2025-03-01,2023-02-05,88.3,1338,49.99,0.0,66886.62,8994.45
S01899,G1122,Shadow Strike 122,Racing,Red Fox Studio,Blue Horizon,PlayStation 5,Japan,2023-06-01,2021-02-05,70.3,925,30.0,0.5,27750.0,2025.93
S00321,G1036,Legend Frontier 36,Strategy,Red Fox Studio,Blue Horizon,Xbox One,Europe,2025-05-01,2019-01-15,71.6,542,49.99,0.0,27094.58,3579.51
S00020,G1105,Iron Odyssey 105,Racing,ShadowWorks,Titan Publishing,Nintendo Switch,Japan,2021-11-01,2019-08-02,72.8,1336,59.99,0.0,80146.64,9177.72
S00685,G1182,Shadow Revolution 182,Action,Sunrise Labs,Silverline Studios,Xbox Series X,North America,2021-04-01,2024-09-02,83.3,266,59.99,0.0,15957.34,1906.2
S00036,G1240,Eclipse Warriors 240,Sports,Digital Forge,Nova Interactive,Xbox Series X,Asia Pacific,2024-06-01,2021-07-29,66.4,939,69.99,0.0,65720.61,8274.66
S00903,G1132,Cyber Strike 132,Action,Digital Forge,NextLevel Games,Nintendo Switch,North America,2023-08-01,2019-06-01,63.2,4188,53.99,0.1,226110.12,30444.99
S02080,G1214,Star Quest 214,Strategy,Sunrise Labs,Blue Horizon,PlayStation 5,Latin America,2024-03-01,2023-01-20,,988,39.99,0.2,39510.12,4370.97
S00828,G1153,Frozen Reborn 153,Simulation,Digital Forge,Silverline Studios,Xbox Series X,Latin America,2023-07-01,2020-07-03,67.5,888,44.99,0.0,39951.12,2584.15
S00525,G1184,Crystal Revolution 184,Strategy,Sunrise Labs,Vertex Entertainment,Xbox One,Europe,2023-07-01,2021-05-17,,985,39.99,0.2,39390.15,4130.51
S00408,G1132,Cyber Strike 132,Action,Digital Forge,NextLevel Games,Nintendo Switch,Asia Pacific,2024-11-01,2019-06-01,63.2,827,41.99,0.3,34725.73,2555.23
S00921,G1230,Mystic Warriors 230,Simulation,Iron Pixel,Silverline Studios,Xbox One,Latin America,2021-08-01,2023-07-06,68.3,248,44.99,0.0,11157.52,760.49
S00538,G1167,Rogue Origins 167,Shooter,Wildcat Interactive,PixelWorks,PlayStation 5,Latin America,2022-09-01,2023-08-02,,183,51.99,0.2,9514.17,1309.87
S00759,G1054,Star Rising 54,Simulation,Blue Oak Studio,Nova Interactive,PC,Japan,2021-06-01,2020-08-13,77.0,1068,44.99,0.0,48049.32,2110.64
S01706,G1221,Apex Warriors 221,Adventure,Red Fox Studio,Titan Publishing,Xbox Series X,Japan,2025-06-01,2020-02-28,71.6,1468,49.49,0.1,72651.32,6662.3
S02152,G1095,Urban Arena 95,Action,Northstar Dev,Arcadia Media,PC,Japan,2025-08-01,2021-08-11,76.2,4495,59.99,0.0,269655.05,10687.85
S01063,G1030,Mystic Frontier 30,RPG,Orbit Games,Arcadia Media,Xbox One,Japan,2021-04-01,2019-04-15,52.0,812,64.99,0.0,52771.88,3284.73
S01200,G1064,Crystal Chronicles 64,Adventure,Crystal Byte,Titan Publishing,Xbox One,Europe,2021-11-01,2023-05-30,,1743,54.99,0.0,95847.57,3186.04
S00246,G1094,Star Arena 94,Action,ShadowWorks,PixelWorks,Xbox Series X,Japan,2023-09-01,2024-05-17,56.9,846,59.99,0.0,50751.54,4171.22
S01417,G1107,Rogue Odyssey 107,RPG,ShadowWorks,Arcadia Media,PlayStation 4,Asia Pacific,2023-03-01,2021-03-12,67.1,1927,64.99,0.0,125235.73,16725.29
S01128,G1172,Cyber Origins 172,Simulation,Crystal Byte,Titan Publishing,Xbox Series X,Europe,2024-09-01,2021-02-13,58.4,1641,44.99,0.0,73828.59,5301.44
S00785,G1056,Legend Rising 56,Shooter,Quantum Labs,Arcadia Media,PlayStation 4,Japan,2021-09-01,2023-05-01,77.2,482,64.99,0.0,31325.18,1987.12
S01410,G1095,Urban Arena 95,Action,Northstar Dev,Arcadia Media,PC,Japan,2022-01-01,2021-08-11,76.2,1200,47.99,0.2,57588.0,3177.31
S00490,G1078,Storm Chronicles 78,Action,Quantum Labs,NextLevel Games,Xbox Series X,Japan,2022-02-01,2019-06-17,65.2,827,53.99,0.1,44649.73,1887.32
S00155,G1227,Rogue Warriors 227,RPG,Red Fox Studio,NextLevel Games,Xbox Series X,Asia Pacific,2025-09-01,2023-05-26,73.2,2274,51.99,0.2,118225.26,15418.95
S01663,G1024,Crystal Frontier 24,Strategy,Northstar Dev,Vertex Entertainment,Nintendo Switch,North America,2021-11-01,2025-04-20,63.3,8058,49.99,0.0,402819.42,37980.55
S00962,G1120,Eclipse Odyssey 120,Simulation,Wildcat Interactive,Arcadia Media,Xbox One,Latin America,2025-06-01,2019-04-15,68.5,734,44.99,0.0,33022.66,3079.27
S01687,G1187,Rogue Revolution 187,Action,ShadowWorks,Nova Interactive,PlayStation 5,Latin America,2024-01-01,2020-05-19,84.1,419,59.99,0.0,25135.81,1412.96
S00854,G1176,Legend Origins 176,Strategy,Blue Oak Studio,PixelWorks,PlayStation 5,Japan,2023-03-01,2020-02-08,,2528,39.99,0.2,101094.72,12294.95
S01312,G1052,Cyber Rising 52,Action,Northstar Dev,Nova Interactive,PlayStation 4,North America,2025-11-01,2023-04-04,85.1,2954,53.99,0.1,159486.46,20185.47
S00626,G1060,Eclipse Rising 60,Simulation,Blue Oak Studio,Nova Interactive,PC,Japan,2021-10-01,2020-02-09,67.3,731,35.99,0.2,26308.69,2611.2
S01816,G1216,Legend Quest 216,Racing,Iron Pixel,PixelWorks,Xbox One,Europe,2022-01-01,2025-03-17,70.2,381,53.99,0.1,20570.19,1280.47
S00686,G1167,Rogue Origins 167,Shooter,Wildcat Interactive,PixelWorks,PC,Asia Pacific,2021-09-01,2023-08-02,,3561,45.49,0.3,161989.89,21680.02
S01851,G1083,Neon Arena 83,Shooter,ShadowWorks,NextLevel Games,PlayStation 5,Latin America,2022-10-01,2025-05-18,,448,45.49,0.3,20379.52,635.48
S00570,G1143,Neon Reborn 143,Adventure,Northstar Dev,Nova Interactive,PC,North America,2023-06-01,2025-02-18,63.0,1478,54.99,0.0,81275.22,10051.93
S00566,G1071,Titan Chronicles 71,Sports,Digital Forge,Nova Interactive,Xbox Series X,Asia Pacific,2023-05-01,2020-11-02,77.9,1009,48.99,0.3,49430.91,2618.03
S01759,G1177,Quantum Origins 177,Sports,ShadowWorks,Vertex Entertainment,Nintendo Switch,Asia Pacific,2024-12-01,2021-06-19,55.3,612,62.99,0.1,38549.88,2762.98
S01817,G1127,Rogue Strike 127,Adventure,ShadowWorks,Arcadia Media,PlayStation 5,Latin America,2023-01-01,2020-04-24,69.4,228,54.99,0.0,12537.72,693.03
S00018,G1170,Mystic Origins 170,Action,Sunrise Labs,Vertex Entertainment,Xbox Series X,Japan,2023-09-01,2021-03-13,83.8,806,59.99,0.0,48351.94,2591.92
S00128,G1235,Urban Warriors 235,Adventure,Red Fox Studio,PixelWorks,Nintendo Switch,Japan,2022-08-01,2025-06-20,72.9,1531,38.49,0.3,58928.19,6901.8
S01347,G1045,Iron Rising 45,Shooter,Digital Forge,Titan Publishing,Xbox Series X,Asia Pacific,2022-12-01,2023-07-18,71.9,531,51.99,0.2,27606.69,1329.0
S01280,G1195,Urban Revolution 195,Action,Iron Pixel,Nova Interactive,Xbox One,Japan,2022-11-01,2024-08-27,69.5,289,47.99,0.2,13869.11,783.18
S02183,G1042,Shadow Rising 42,RPG,Crystal Byte,Silverline Studios,PlayStation 5,Asia Pacific,2022-04-01,2023-05-03,75.7,1404,58.49,0.1,82119.96,7827.2
S00928,G1236,Legend Warriors 236,Strategy,Orbit Games,Nova Interactive,PlayStation 5,North America,2024-05-01,2024-06-12,71.7,4550,44.99,0.1,204704.5,24135.66
S00981,G1108,Dragon Odyssey 108,Adventure,Wildcat Interactive,Silverline Studios,PlayStation 4,Latin America,2021-09-01,2019-11-23,98.0,402,43.99,0.2,17683.98,758.8
S00253,G1117,Quantum Odyssey 117,Action,Digital Forge,Blue Horizon,Nintendo Switch,North America,2022-05-01,2021-03-29,69.8,699,53.99,0.1,37739.01,4994.15
S00191,G1002,Shadow Legends 2,Strategy,Red Fox Studio,PixelWorks,Nintendo Switch,North America,2021-03-01,2023-02-05,88.3,282,49.99,0.0,14097.18,1889.0
S01140,G1069,Velocity Chronicles 69,Action,Red Fox Studio,Arcadia Media,Nintendo Switch,North America,2025-12-01,2024-05-14,69.3,1665,53.99,0.1,89893.35,10882.8
S00993,G1106,Solar Odyssey 106,Sports,Blue Oak Studio,Nova Interactive,Xbox Series X,North America,2024-06-01,2024-12-15,97.8,500,69.99,0.0,34995.0,3861.83
S00700,G1156,Legend Reborn 156,Shooter,Wildcat Interactive,PixelWorks,Xbox One,North America,2024-11-01,2021-02-18,72.6,1077,64.99,0.0,69994.23,3642.35
S01962,G1052,Cyber Rising 52,Action,Northstar Dev,Nova Interactive,Xbox One,Latin America,2025-08-01,2023-04-04,85.1,234,59.99,0.0,14037.66,978.54
S00607,G1139,Kingdom Strike 139,Sports,Iron Pixel,Nova Interactive,Nintendo Switch,Asia Pacific,2023-11-01,2024-10-30,88.1,788,62.99,0.1,49636.12,4825.91
S00181,G1163,Neon Origins 163,Strategy,Northstar Dev,Silverline Studios,PlayStation 4,Latin America,2022-02-01,2019-08-05,54.7,302,44.99,0.1,13586.98,693.46
S00302,G1136,Legend Strike 136,Sports,Northstar Dev,NextLevel Games,PlayStation 5,Asia Pacific,2021-10-01,2021-10-08,84.3,1524,69.99,0.0,106664.76,12157.08
S00497,G1160,Eclipse Reborn 160,Sports,Wildcat Interactive,Nova Interactive,PlayStation 4,Latin America,2021-06-01,2019-03-02,,3333,69.99,0.0,233276.67,29924.11
S02012,G1161,Apex Origins 161,Strategy,Northstar Dev,Silverline Studios,Xbox Series X,Asia Pacific,2024-05-01,2025-02-28,66.8,1331,25.0,0.5,33275.0,1709.29
S02129,G1011,Titan Legends 11,Action,Wildcat Interactive,NextLevel Games,Xbox One,Europe,2021-03-01,2023-10-13,75.2,1025,47.99,0.2,49189.75,5496.24
S01967,G1162,Shadow Origins 162,Racing,Iron Pixel,Silverline Studios,PlayStation 5,Europe,2021-11-01,2020-03-08,,438,53.99,0.1,23647.62,2725.59
S02073,G1013,Frozen Legends 13,Adventure,Digital Forge,Nova Interactive,PlayStation 4,North America,2025-03-01,2021-07-08,74.5,1561,54.99,0.0,85839.39,5005.47
S01939,G1020,Eclipse Legends 20,Simulation,Wildcat Interactive,Titan Publishing,PC,Latin America,2021-05-01,2025-06-05,,936,44.99,0.0,42110.64,1841.63
S00518,G1008,Dragon Legends 8,RPG,ShadowWorks,Silverline Studios,Xbox One,North America,2025-01-01,2022-03-06,75.1,1137,51.99,0.2,59112.63,2578.11
S01397,G1243,Neon Tactics 243,Adventure,Crystal Byte,PixelWorks,PlayStation 5,Asia Pacific,2021-02-01,2021-10-15,52.6,2005,49.49,0.1,99227.45,8254.48
S01070,G1164,Crystal Origins 164,Adventure,Crystal Byte,Arcadia Media,PlayStation 4,Asia Pacific,2022-01-01,2023-10-25,63.3,1036,38.49,0.3,39875.64,4478.25
S00477,G1246,Solar Tactics 246,Strategy,Sunrise Labs,Nova Interactive,PlayStation 5,Europe,2023-07-01,2020-03-18,98.0,575,44.99,0.1,25869.25,1519.23
S00158,G1125,Iron Strike 125,Shooter,ShadowWorks,NextLevel Games,Nintendo Switch,North America,2021-03-01,2019-03-27,79.8,358,45.49,0.3,16285.42,1050.84
S01244,G1002,Shadow Legends 2,Strategy,Red Fox Studio,PixelWorks,Xbox One,Japan,2022-03-01,2023-02-05,88.3,3233,44.99,0.1,145452.67,19935.28
S01196,G1159,Kingdom Reborn 159,Sports,Blue Oak Studio,Nova Interactive,Xbox Series X,North America,2022-08-01,2025-04-28,52.2,581,62.99,0.1,36597.19,4178.67
S00017,G1044,Crystal Rising 44,Simulation,Wildcat Interactive,Silverline Studios,Nintendo Switch,Latin America,2024-09-01,2020-05-30,74.1,600,44.99,0.0,26994.0,3204.2
S01536,G1100,Eclipse Arena 100,Adventure,Blue Oak Studio,NextLevel Games,PC,Latin America,2021-05-01,2021-06-16,85.6,96,43.99,0.2,4223.04,182.4
S01073,G1251,Titan Tactics 251,Sports,Iron Pixel,Silverline Studios,Nintendo Switch,Europe,2024-09-01,2024-06-23,75.0,1453,69.99,0.0,101695.47,6029.91
S02185,G1176,Legend Origins 176,Strategy,Blue Oak Studio,PixelWorks,PlayStation 5,North America,2025-10-01,2020-02-08,,3483,34.99,0.3,121870.17,7244.76
S00547,G1063,Neon Chronicles 63,RPG,Moonlight Games,Blue Horizon,Xbox Series X,Europe,2022-01-01,2019-11-18,63.7,2643,58.49,0.1,154589.07,14941.7
S01540,G1145,Iron Reborn 145,RPG,Blue Oak Studio,Vertex Entertainment,PC,Europe,2021-02-01,2021-10-05,71.5,2109,58.49,0.1,123355.41,16604.78
S00659,G1047,Rogue Rising 47,Action,Moonlight Games,Silverline Studios,PlayStation 4,North America,2022-09-01,2021-09-08,65.3,505,53.99,0.1,27264.95,3492.75
S01921,G1084,Crystal Arena 84,Adventure,Digital Forge,Titan Publishing,PlayStation 5,Europe,2023-05-01,2020-08-15,62.7,1550,49.49,0.1,76709.5,8969.83
S01853,G1148,Dragon Reborn 148,Sports,Moonlight Games,PixelWorks,PlayStation 4,Japan,2025-08-01,2021-04-27,75.1,292,69.99,0.0,20437.08,913.01
S01020,G1148,Dragon Reborn 148,Sports,Moonlight Games,PixelWorks,PlayStation 5,North America,2022-09-01,2021-04-27,75.1,2299,69.99,0.0,160907.01,15408.31
S01968,G1055,Urban Rising 55,Strategy,Blue Oak Studio,Vertex Entertainment,PlayStation 5,Japan,2023-10-01,2021-12-02,55.4,677,44.99,0.1,30458.23,3251.55
S01505,G1142,Shadow Reborn 142,RPG,Moonlight Games,Titan Publishing,PlayStation 5,Europe,2023-09-01,2019-10-20,76.8,1166,58.49,0.1,68199.34,5264.42
S00960,G1108,Dragon Odyssey 108,Adventure,Wildcat Interactive,Silverline Studios,Xbox One,Japan,2021-10-01,2019-11-23,98.0,625,54.99,0.0,34368.75,1975.26
S02161,G1114,Star Odyssey 114,Shooter,Digital Forge,Arcadia Media,PC,North America,2021-11-01,2022-09-19,92.7,5226,58.49,0.1,305668.74,35951.44
S00284,G1138,Storm Strike 138,Racing,Red Fox Studio,Silverline Studios,Nintendo Switch,Latin America,2025-09-01,2023-09-18,,1873,59.99,0.0,112361.27,6686.74
S01633,G1139,Kingdom Strike 139,Sports,Iron Pixel,Nova Interactive,PC,Latin America,2025-12-01,2024-10-30,88.1,315,69.99,0.0,22046.85,2225.54
S00798,G1019,Kingdom Legends 19,Strategy,Red Fox Studio,Blue Horizon,PlayStation 5,Japan,2025-08-01,2023-05-26,73.5,1459,39.99,0.2,58345.41,5728.29
S01922,G1181,Apex Revolution 181,Action,Moonlight Games,PixelWorks,Xbox Series X,North America,2023-12-01,2020-03-20,85.5,871,59.99,0.0,52251.29,6622.21
S00226,G1147,Rogue Reborn 147,Racing,ShadowWorks,Silverline Studios,Xbox One,North America,2023-03-01,2025-06-02,59.1,3061,53.99,0.1,165263.39,11727.64
S00027,G1119,Kingdom Odyssey 119,Sports,Quantum Labs,Blue Horizon,PlayStation 5,North America,2024-03-01,2019-07-13,81.1,1278,69.99,0.0,89447.22,12269.2
S02075,G1012,Cyber Legends 12,Racing,Quantum Labs,PixelWorks,Nintendo Switch,North America,2022-03-01,2024-01-08,,769,47.99,0.2,36904.31,4544.93
S01800,G1241,Apex Tactics 241,RPG,Northstar Dev,Arcadia Media,Xbox One,Japan,2022-02-01,2025-06-12,74.1,802,64.99,0.0,52121.98,4817.32
S00438,G1140,Eclipse Strike 140,Shooter,Red Fox Studio,Vertex Entertainment,Xbox One,Europe,2022-01-01,2022-03-25,72.6,509,51.99,0.2,26462.91,2088.06
S02173,G1095,Urban Arena 95,Action,Northstar Dev,Arcadia Media,PC,Japan,2022-10-01,2021-08-11,76.2,752,59.99,0.0,45112.48,1756.14
S01389,G1001,Apex Legends 1,Racing,Digital Forge,Titan Publishing,PlayStation 5,Europe,2023-05-01,2022-03-07,62.1,992,59.99,0.0,59510.08,6622.52
S00230,G1057,Quantum Rising 57,Racing,Orbit Games,Arcadia Media,PC,Japan,2022-12-01,2023-01-09,69.6,389,41.99,0.3,16334.11,714.49
S00038,G1157,Quantum Reborn 157,Shooter,Sunrise Labs,Titan Publishing,PC,Latin America,2025-12-01,2019-08-01,98.0,364,58.49,0.1,21290.36,2866.67
S01694,G1054,Star Rising 54,Simulation,Blue Oak Studio,Nova Interactive,PlayStation 5,Asia Pacific,2023-02-01,2020-08-13,77.0,512,31.49,0.3,16122.88,2249.59
S00750,G1038,Storm Frontier 38,RPG,,Silverline Studios,Xbox One,Europe,2024-01-01,2020-03-02,74.0,417,51.99,0.2,21679.83,1454.66
S01046,G1206,Solar Quest 206,Sports,ShadowWorks,Vertex Entertainment,Xbox One,North America,2022-04-01,2024-06-13,76.9,1335,69.99,0.0,93436.65,3158.81
S01399,G1057,Quantum Rising 57,Racing,Orbit Games,Arcadia Media,Nintendo Switch,Asia Pacific,2025-09-01,2023-01-09,69.6,3922,53.99,0.1,211748.78,11981.74
S00470,G1016,Legend Legends 16,Racing,ShadowWorks,Arcadia Media,Xbox One,Asia Pacific,2021-02-01,2025-06-19,98.0,223,53.99,0.1,12039.77,1640.53
S01907,G1066,Solar Chronicles 66,Racing,Iron Pixel,NextLevel Games,Xbox Series X,Asia Pacific,2021-10-01,2021-08-26,,617,53.99,0.1,33311.83,2314.45
S02008,G1034,Star Frontier 34,Action,Red Fox Studio,Titan Publishing,Xbox Series X,Asia Pacific,2022-08-01,2022-09-16,49.7,1679,30.0,0.5,50370.0,2805.48
S02182,G1161,Apex Origins 161,Strategy,Northstar Dev,Silverline Studios,Xbox Series X,Asia Pacific,2022-10-01,2025-02-28,66.8,1929,39.99,0.2,77140.71,2371.42
S00688,G1081,Apex Arena 81,RPG,Wildcat Interactive,Nova Interactive,PC,North America,2024-04-01,2023-04-03,76.3,1026,64.99,0.0,66679.74,5417.15
S01057,G1204,Crystal Quest 204,Shooter,Wildcat Interactive,PixelWorks,Nintendo Switch,Europe,2023-01-01,2019-10-25,85.5,1220,45.49,0.3,55497.8,6248.81
S00640,G1090,Mystic Arena 90,Shooter,Moonlight Games,NextLevel Games,Xbox Series X,Latin America,2021-11-01,2021-07-17,69.7,643,58.49,0.1,37609.07,4393.59
S02031,G1250,Mystic Tactics 250,Simulation,Blue Oak Studio,PixelWorks,Nintendo Switch,North America,2024-07-01,2023-01-07,87.9,6803,44.99,0.0,306066.97,26186.56
S01219,G1103,Neon Odyssey 103,RPG,Northstar Dev,Arcadia Media,PC,North America,2025-12-01,2025-02-25,87.8,0,58.49,0.1,0.0,14394.58
S01159,G1051,Titan Rising 51,Strategy,ShadowWorks,Blue Horizon,PlayStation 4,Asia Pacific,2024-12-01,2024-10-14,80.3,350,39.99,0.2,13996.5,
S01416,G1205,Iron Quest 205,Adventure,ShadowWorks,Arcadia Media,Xbox One,North America,2022-07-01,2019-01-27,47.6,708,49.49,0.1,35038.92,4383.02
S01528,G1196,Legend Revolution 196,Strategy,Moonlight Games,Arcadia Media,PlayStation 4,Latin America,2023-02-01,2021-11-17,56.7,1191,44.99,0.1,53583.09,4547.4
S01995,G1038,Storm Frontier 38,RPG,Blue Oak Studio,Silverline Studios,PlayStation 4,Latin America,2022-06-01,2020-03-02,74.0,2026,58.49,0.1,118500.74,4265.66
S01301,G1162,Shadow Origins 162,Racing,Iron Pixel,Silverline Studios,Nintendo Switch,Asia Pacific,2025-12-01,2020-03-08,,273,59.99,0.0,16377.27,1578.81
S02107,G1004,Crystal Legends 4,Racing,Orbit Games,PixelWorks,PlayStation 5,North America,2021-12-01,2024-05-02,,1697,47.99,0.2,81439.03,11300.18
S00801,G1224,Crystal Warriors 224,RPG,Crystal Byte,Silverline Studios,Xbox One,Asia Pacific,2021-04-01,2022-11-13,44.4,1140,51.99,0.2,59268.6,7237.45
S01604,G1209,Velocity Quest 209,RPG,Northstar Dev,NextLevel Games,Xbox One,Japan,2023-01-01,2025-06-15,81.3,157,58.49,0.1,9182.93,836.48
S00161,G1125,Iron Strike 125,Shooter,ShadowWorks,NextLevel Games,Nintendo Switch,North America,2023-03-01,2019-03-27,79.8,6016,51.99,0.2,312771.84,28134.13
S01705,G1042,Shadow Rising 42,RPG,Crystal Byte,Silverline Studios,Xbox Series X,Japan,2022-08-01,2023-05-03,75.7,971,64.99,0.0,63105.29,3385.28
S00957,G1229,Velocity Warriors 229,Action,Blue Oak Studio,Blue Horizon,PlayStation 5,North America,2022-10-01,2019-03-30,73.5,754,59.99,0.0,45232.46,2814.01
S01744,G1068,Dragon Chronicles 68,Shooter,Blue Oak Studio,Titan Publishing,PlayStation 4,Asia Pacific,2022-05-01,2021-04-11,,1344,64.99,0.0,87346.56,8014.67
S01187,G1076,Legend Chronicles 76,Adventure,Northstar Dev,Vertex Entertainment,PlayStation 4,Europe,2024-05-01,2021-02-07,93.4,1199,49.49,0.1,59338.51,6052.16
S00822,G1111,Titan Odyssey 111,Racing,Moonlight Games,PixelWorks,Xbox One,Asia Pacific,2025-06-01,2019-07-07,69.7,1224,53.99,0.1,66083.76,4988.39
S01730,G1176,Legend Origins 176,Strategy,Blue Oak Studio,PixelWorks,PlayStation 4,Europe,2023-04-01,2020-02-08,,808,44.99,0.1,36351.92,3579.62
S01992,G1259,Kingdom Tactics 259,Simulation,Red Fox Studio,Titan Publishing,PlayStation 5,Latin America,2023-01-01,2021-12-21,83.2,600,35.99,0.2,21594.0,960.35
S00878,G1168,Dragon Origins 168,Adventure,Iron Pixel,NextLevel Games,Nintendo Switch,Asia Pacific,2024-01-01,2025-01-01,89.4,761,27.5,0.5,20927.5,2352.93
S01920,G1168,Dragon Origins 168,Adventure,Iron Pixel,NextLevel Games,Xbox Series X,Asia Pacific,2023-04-01,2025-01-01,89.4,464,43.99,0.2,20411.36,1165.35
S00914,G1004,Crystal Legends 4,Racing,Orbit Games,PixelWorks,PlayStation 5,Europe,2021-12-01,2024-05-02,,523,59.99,0.0,31374.77,4017.43
S01885,G1247,Rogue Tactics 247,Shooter,Moonlight Games,Vertex Entertainment,Xbox Series X,Asia Pacific,2021-12-01,2022-08-24,76.2,3278,51.99,0.2,170423.22,8597.84
S00153,G1028,Dragon Frontier 28,Shooter,Quantum Labs,Titan Publishing,PlayStation 4,Asia Pacific,2025-07-01,2023-12-26,75.5,946,64.99,0.0,61480.54,6452.98
S00099,G1239,Kingdom Warriors 239,Action,Orbit Games,Arcadia Media,Nintendo Switch,Asia Pacific,2025-04-01,2021-09-07,70.4,1690,41.99,0.3,70963.1,7651.44
S02078,G1090,Mystic Arena 90,Shooter,Moonlight Games,NextLevel Games,Xbox One,Japan,2023-07-01,2021-07-17,69.7,224,58.49,0.1,13101.76,883.09
S00510,G1148,Dragon Reborn 148,Sports,Moonlight Games,PixelWorks,Nintendo Switch,Japan,2025-12-01,2021-04-27,75.1,847,62.99,0.1,53352.53,5431.39
S01136,G1176,Legend Origins 176,Strategy,Blue Oak Studio,PixelWorks,Xbox Series X,Japan,2024-11-01,2020-02-08,,711,25.0,0.5,17775.0,1880.36
S01251,G1211,Titan Quest 211,RPG,Sunrise Labs,Titan Publishing,PlayStation 5,Japan,2023-10-01,2023-04-26,,354,58.49,0.1,20705.46,832.93
S01986,G1106,Solar Odyssey 106,Sports,Blue Oak Studio,Nova Interactive,PlayStation 5,Latin America,2025-11-01,2024-12-15,97.8,770,62.99,0.1,48502.3,5974.96
S01876,G1246,Solar Tactics 246,Strategy,Sunrise Labs,Nova Interactive,Nintendo Switch,Europe,2024-08-01,2020-03-18,98.0,1730,49.99,0.0,86482.7,6746.79
S00104,G1234,Star Warriors 234,Shooter,Northstar Dev,Arcadia Media,Nintendo Switch,North America,2021-08-01,2024-06-29,52.8,2898,58.49,0.1,169504.02,8049.01
S01446,G1008,Dragon Legends 8,RPG,ShadowWorks,Silverline Studios,PlayStation 4,Asia Pacific,2024-02-01,2022-03-06,75.1,630,45.49,0.3,28658.7,3620.51
S01444,G1207,Rogue Quest 207,Strategy,Orbit Games,PixelWorks,Xbox Series X,North America,2025-02-01,2023-05-22,61.4,955,25.0,0.5,23875.0,2998.51
S01649,G1088,Dragon Arena 88,Racing,Moonlight Games,Arcadia Media,Xbox Series X,Japan,2022-09-01,2020-04-27,75.6,189,41.99,0.3,7936.11,398.34
S00587,G1051,Titan Rising 51,Strategy,ShadowWorks,Blue Horizon,Nintendo Switch,Europe,2025-12-01,2024-10-14,80.3,1330,44.99,0.1,59836.7,5303.8
S00628,G1148,Dragon Reborn 148,Sports,Moonlight Games,PixelWorks,Nintendo Switch,North America,2022-11-01,2021-04-27,75.1,3941,69.99,0.0,275830.59,18584.65
S01944,G1146,Solar Reborn 146,Action,Northstar Dev,Nova Interactive,PC,Asia Pacific,2025-11-01,2024-09-21,67.2,888,47.99,0.2,42615.12,4310.77
S01697,G1003,Neon Legends 3,Adventure,Blue Oak Studio,NextLevel Games,Nintendo Switch,Asia Pacific,2022-01-01,2019-07-29,98.0,4722,54.99,0.0,259662.78,10338.29
S01144,G1152,Cyber Reborn 152,Adventure,Sunrise Labs,NextLevel Games,Xbox One,North America,2023-08-01,2021-06-24,81.7,1510,38.49,0.3,58119.9,1769.77
S00054,G1217,Quantum Quest 217,Simulation,Iron Pixel,Vertex Entertainment,Xbox Series X,Japan,2022-11-01,2023-08-03,71.4,601,40.49,0.1,24334.49,1771.96
S00152,G1140,Eclipse Strike 140,Shooter,Red Fox Studio,Vertex Entertainment,Xbox One,Latin America,2023-05-01,2022-03-25,72.6,812,58.49,0.1,47493.88,3348.26
S00404,G1032,Cyber Frontier 32,Strategy,Sunrise Labs,Blue Horizon,PlayStation 4,Asia Pacific,2021-04-01,2024-01-30,56.8,1810,39.99,0.2,72381.9,5374.66
S01155,G1169,Velocity Origins 169,Racing,Northstar Dev,Arcadia Media,PlayStation 4,Japan,2022-02-01,2022-09-08,79.3,117,53.99,0.1,6316.83,822.06
S00208,G1154,Star Reborn 154,Sports,ShadowWorks,Silverline Studios,PC,Japan,2025-02-01,2024-08-30,91.4,158,48.99,0.3,7740.42,299.76
S02145,G1073,Frozen Chronicles 73,Strategy,Digital Forge,Silverline Studios,Xbox One,North America,2025-12-01,2025-02-27,78.9,944,34.99,0.3,33030.56,3609.47
S01683,G1173,Frozen Origins 173,Sports,Orbit Games,Titan Publishing,Nintendo Switch,Latin America,2021-08-01,2020-08-27,76.0,2207,62.99,0.1,139018.93,7542.16
S01123,G1016,Legend Legends 16,Racing,ShadowWorks,Arcadia Media,PlayStation 4,Japan,2023-02-01,2025-06-19,98.0,459,53.99,0.1,24781.41,3182.41
S01257,G1085,Iron Arena 85,Adventure,,Silverline Studios,Xbox One,Japan,2021-06-01,2021-04-19,81.4,462,49.49,0.1,22864.38,1491.65
S00009,G1189,Velocity Revolution 189,Shooter,Quantum Labs,Titan Publishing,Nintendo Switch,Japan,2024-11-01,2020-09-30,87.7,826,64.99,0.0,53681.74,4517.72
S01015,G1233,Frozen Warriors 233,Strategy,Quantum Labs,Titan Publishing,PlayStation 5,Latin America,2022-06-01,2022-12-07,69.7,257,39.99,0.2,10277.43,770.81
S02091,G1120,Eclipse Odyssey 120,Simulation,Wildcat Interactive,Arcadia Media,Nintendo Switch,Latin America,2024-10-01,2019-04-15,68.5,1118,35.99,0.2,40236.82,4974.11
S01061,G1150,Mystic Reborn 150,RPG,Moonlight Games,Vertex Entertainment,Xbox Series X,Latin America,2024-11-01,2019-12-20,78.9,215,64.99,0.0,13972.85,836.89
S00453,G1051,Titan Rising 51,Strategy,ShadowWorks,Blue Horizon,Nintendo Switch,Asia Pacific,2023-02-01,2024-10-14,80.3,330,34.99,0.3,11546.7,1547.07
S01676,G1104,Crystal Odyssey 104,Adventure,Wildcat Interactive,Nova Interactive,Xbox Series X,Asia Pacific,2023-04-01,2021-06-26,61.7,1044,43.99,0.2,45925.56,3895.67
S00254,G1116,Legend Odyssey 116,Strategy,Crystal Byte,Titan Publishing,Nintendo Switch,Asia Pacific,2025-03-01,2023-06-20,86.3,2985,49.99,0.0,149220.15,7968.65
S01328,G1167,Rogue Origins 167,Shooter,Wildcat Interactive,PixelWorks,Nintendo Switch,Asia Pacific,2024-03-01,2023-08-02,,289,45.49,0.3,13146.61,1501.45
S00897,G1112,Cyber Odyssey 112,Action,Red Fox Studio,Titan Publishing,Nintendo Switch,Japan,2025-04-01,2025-01-26,77.8,677,59.99,0.0,40613.23,1473.5
S02053,G1007,Rogue Legends 7,Adventure,ShadowWorks,Titan Publishing,PC,Europe,2025-04-01,2021-05-04,66.7,2304,54.99,0.0,126696.96,8477.89
S00881,G1040,Eclipse Frontier 40,Sports,Wildcat Interactive,Arcadia Media,PlayStation 4,North America,2023-11-01,2020-12-22,74.7,1203,48.99,0.3,58934.97,2979.53
S01596,G1144,Crystal Reborn 144,Adventure,Wildcat Interactive,Arcadia Media,PlayStation 4,Latin America,2021-07-01,2022-07-24,68.0,432,43.99,0.2,19003.68,2503.39
S02142,G1132,Cyber Strike 132,Action,Digital Forge,NextLevel Games,Xbox Series X,North America,2023-09-01,2019-06-01,63.2,803,30.0,0.5,24090.0,
S00624,G1128,Dragon Strike 128,RPG,Northstar Dev,NextLevel Games,Nintendo Switch,Asia Pacific,2022-06-01,2020-05-06,96.2,1090,58.49,0.1,63754.1,8693.36
S00346,G1184,Crystal Revolution 184,Strategy,Sunrise Labs,Vertex Entertainment,PlayStation 5,Asia Pacific,2024-06-01,2021-05-17,,1275,49.99,0.0,63737.25,3284.26
S02019,G1024,Crystal Frontier 24,Strategy,Northstar Dev,Vertex Entertainment,Xbox Series X,Japan,2024-04-01,2025-04-20,63.3,615,44.99,0.1,27668.85,2613.19
S01788,G1142,Shadow Reborn 142,RPG,Moonlight Games,Titan Publishing,Xbox One,Japan,2023-04-01,2019-10-20,76.8,253,58.49,0.1,14797.97,
S00263,G1154,Star Reborn 154,Sports,ShadowWorks,Silverline Studios,Xbox Series X,Europe,2023-01-01,2024-08-30,91.4,1452,69.99,0.0,101625.48,3678.31
S01635,G1055,Urban Rising 55,Strategy,Blue Oak Studio,Vertex Entertainment,Xbox One,Latin America,2024-12-01,2021-12-02,55.4,645,39.99,0.2,25793.55,1071.4
S01322,G1074,Star Chronicles 74,Simulation,Wildcat Interactive,Blue Horizon,Nintendo Switch,Asia Pacific,2025-06-01,2023-03-05,76.6,409,44.99,0.0,18400.91,2396.31
S01439,G1115,Urban Odyssey 115,Shooter,Orbit Games,NextLevel Games,PlayStation 5,Japan,2023-10-01,2025-04-21,88.1,508,58.49,0.1,29712.92,2863.21
S00151,G1172,Cyber Origins 172,Simulation,Crystal Byte,Titan Publishing,PlayStation 4,North America,2025-04-01,2021-02-13,58.4,483,44.99,0.0,21730.17,2761.92
S01970,G1186,Solar Revolution 186,Simulation,Quantum Labs,Arcadia Media,PlayStation 4,North America,2022-06-01,2024-02-21,73.0,3641,40.49,0.1,147424.09,19657.44
S00473,G1058,Storm Rising 58,Strategy,Crystal Byte,Nova Interactive,PlayStation 5,Asia Pacific,2024-08-01,2023-09-28,82.4,1111,49.99,0.0,55538.89,3717.26
S01977,G1130,Mystic Strike 130,Shooter,Quantum Labs,PixelWorks,PlayStation 5,North America,2022-05-01,2019-08-03,62.0,1065,51.99,0.2,55369.35,7271.75
S01803,G1253,Frozen Tactics 253,Simulation,Moonlight Games,Vertex Entertainment,Nintendo Switch,North America,2023-03-01,2022-11-15,64.5,559,31.49,0.3,17602.91,1150.22
S00641,G1110,Mystic Odyssey 110,Shooter,ShadowWorks,PixelWorks,PlayStation 5,North America,2021-04-01,2024-10-07,88.1,887,58.49,0.1,51880.63,3073.6
S00872,G1077,Quantum Chronicles 77,Shooter,Digital Forge,PixelWorks,Nintendo Switch,Japan,2024-11-01,2024-07-01,59.5,742,51.99,0.2,38576.58,1588.23
S02141,G1225,Iron Warriors 225,Simulation,Northstar Dev,Blue Horizon,Nintendo Switch,Latin America,2022-10-01,2024-04-03,70.0,933,31.49,0.3,29380.17,1248.02
S00551,G1084,Crystal Arena 84,Adventure,Digital Forge,Titan Publishing,PC,Latin America,2024-10-01,2020-08-15,62.7,418,54.99,0.0,22985.82,2470.26
S02081,G1093,Frozen Arena 93,Shooter,Red Fox Studio,Nova Interactive,Xbox Series X,Asia Pacific,2024-01-01,2021-09-20,58.2,1521,64.99,0.0,98849.79,9946.93
S01960,G1208,Dragon Quest 208,RPG,Digital Forge,Silverline Studios,PC,Europe,2024-01-01,2022-12-01,,1946,58.49,0.1,113821.54,7882.31
S00929,G1090,Mystic Arena 90,Shooter,Moonlight Games,NextLevel Games,PlayStation 5,North America,2022-06-01,2021-07-17,69.7,1022,58.49,0.1,59776.78,3263.19
S00489,G1162,Shadow Origins 162,Racing,Iron Pixel,Silverline Studios,PlayStation 5,Europe,2024-09-01,2020-03-08,,281,59.99,0.0,16857.19,1992.43
S01844,G1143,Neon Reborn 143,Adventure,Northstar Dev,Nova Interactive,PC,Europe,2023-03-01,2025-02-18,63.0,413,54.99,0.0,22710.87,2044.07
S01735,G1212,Cyber Quest 212,Racing,Digital Forge,Vertex Entertainment,Nintendo Switch,North America,2024-11-01,2022-12-21,67.9,1287,41.99,0.3,54041.13,7393.7
S02100,G1146,Solar Reborn 146,Action,,Nova Interactive,PlayStation 4,Japan,2021-07-01,2024-09-21,67.2,2234,47.99,0.2,107209.66,4909.12
S01172,G1079,Kingdom Chronicles 79,Adventure,Moonlight Games,Titan Publishing,PC,Asia Pacific,2022-06-01,2023-10-10,84.4,1918,27.5,0.5,52745.0,5826.31
S00147,G1138,Storm Strike 138,Racing,Red Fox Studio,Silverline Studios,Nintendo Switch,Europe,2021-01-01,2023-09-18,,1662,53.99,0.1,89731.38,6898.63
S02021,G1144,Crystal Reborn 144,Adventure,Wildcat Interactive,Arcadia Media,PlayStation 4,Europe,2023-10-01,2022-07-24,68.0,541,49.49,0.1,26774.09,2859.28
S01987,G1070,Mystic Chronicles 70,Simulation,Northstar Dev,Vertex Entertainment,PlayStation 5,North America,2024-02-01,2023-06-03,72.4,836,40.49,0.1,33849.64,1278.67
S01370,G1125,Iron Strike 125,Shooter,ShadowWorks,NextLevel Games,PC,Europe,2022-01-01,2019-03-27,79.8,3118,64.99,0.0,202638.82,18476.12
S00403,G1122,Shadow Strike 122,Racing,Red Fox Studio,Blue Horizon,Xbox Series X,Japan,2024-04-01,2021-02-05,70.3,114,41.99,0.3,4786.86,
S02156,G1090,Mystic Arena 90,Shooter,Moonlight Games,NextLevel Games,PlayStation 5,Japan,2023-06-01,2021-07-17,69.7,2119,51.99,0.2,110166.81,10564.53
S00955,G1181,Apex Revolution 181,Action,Moonlight Games,PixelWorks,Nintendo Switch,Latin America,2025-07-01,2020-03-20,85.5,823,59.99,0.0,49371.77,2105.0
S02137,G1253,Frozen Tactics 253,Simulation,Moonlight Games,Vertex Entertainment,PC,North America,2025-04-01,2022-11-15,64.5,1686,40.49,0.1,68266.14,7095.17
S00660,G1098,Storm Arena 98,Racing,Wildcat Interactive,NextLevel Games,Nintendo Switch,Europe,2023-10-01,2022-03-09,73.5,0,53.99,0.1,0.0,10089.07
S01795,G1020,Eclipse Legends 20,Simulation,Wildcat Interactive,Titan Publishing,PC,North America,2024-02-01,2025-06-05,,7310,44.99,0.0,328876.9,15389.85
S01373,G1146,Solar Reborn 146,Action,Northstar Dev,Nova Interactive,PlayStation 5,Latin America,2023-04-01,2024-09-21,67.2,1164,47.99,0.2,55860.36,5012.79
S00464,G1159,Kingdom Reborn 159,Sports,Blue Oak Studio,Nova Interactive,PlayStation 4,North America,2021-01-01,2025-04-28,52.2,5015,69.99,0.0,350999.85,16287.23
S01350,G1020,Eclipse Legends 20,Simulation,Wildcat Interactive,Titan Publishing,Nintendo Switch,Europe,2021-04-01,2025-06-05,,617,44.99,0.0,27758.83,2806.35
S00187,G1236,Legend Warriors 236,Strategy,Orbit Games,Nova Interactive,PlayStation 4,Europe,2021-08-01,2024-06-12,71.7,291,49.99,0.0,14547.09,1362.01
S01148,G1020,Eclipse Legends 20,Simulation,Wildcat Interactive,Titan Publishing,PC,Latin America,2025-05-01,2025-06-05,,388,44.99,0.0,17456.12,1304.76
S01225,G1065,Iron Chronicles 65,Sports,Red Fox Studio,Nova Interactive,Xbox One,Europe,2024-08-01,2025-05-07,,240,69.99,0.0,16797.6,530.79
S00609,G1076,Legend Chronicles 76,Adventure,Northstar Dev,Vertex Entertainment,Xbox Series X,Asia Pacific,2024-08-01,2021-02-07,93.4,1005,43.99,0.2,44209.95,3511.76
S00144,G1023,Neon Frontier 23,Racing,Digital Forge,Arcadia Media,Xbox Series X,North America,2025-11-01,2022-09-23,76.5,578,53.99,0.1,31206.22,1572.98
S00752,G1241,Apex Tactics 241,RPG,Northstar Dev,Arcadia Media,Xbox Series X,Europe,2022-01-01,2025-06-12,74.1,348,58.49,0.1,20354.52,1203.78
S01535,G1094,Star Arena 94,Action,ShadowWorks,PixelWorks,PlayStation 4,Japan,2021-05-01,2024-05-17,56.9,580,59.99,0.0,34794.2,1353.61
S01931,G1180,Eclipse Origins 180,Shooter,Blue Oak Studio,NextLevel Games,Xbox One,Asia Pacific,2022-04-01,2023-07-06,77.5,301,51.99,0.2,15648.99,1581.24
S00982,G1232,Cyber Warriors 232,Sports,Orbit Games,Arcadia Media,PlayStation 5,Latin America,2021-02-01,2023-06-27,83.9,969,62.99,0.1,61037.31,5677.71
S00198,G1167,Rogue Origins 167,Shooter,Wildcat Interactive,PixelWorks,Nintendo Switch,Europe,2025-09-01,2023-08-02,,4259,51.99,0.2,221425.41,25453.69
S01634,G1049,Velocity Rising 49,RPG,Crystal Byte,Blue Horizon,Xbox Series X,Japan,2024-11-01,2022-08-31,60.2,1653,58.49,0.1,96683.97,5065.81
S00884,G1193,Frozen Revolution 193,Sports,Sunrise Labs,Blue Horizon,PlayStation 4,Europe,2022-10-01,2021-01-04,58.6,1530,62.99,0.1,96374.7,11233.64
S01861,G1013,Frozen Legends 13,Adventure,Digital Forge,Nova Interactive,Xbox Series X,Latin America,2023-07-01,2021-07-08,74.5,2850,49.49,0.1,141046.5,18343.77
S00280,G1090,Mystic Arena 90,Shooter,Moonlight Games,NextLevel Games,PlayStation 5,Japan,2025-06-01,2021-07-17,69.7,3477,32.49,0.5,112967.73,14005.17
S00294,G1138,Storm Strike 138,Racing,Red Fox Studio,Silverline Studios,Xbox Series X,Asia Pacific,2022-02-01,2023-09-18,,2144,47.99,0.2,102890.56,4286.3
S00767,G1181,Apex Revolution 181,Action,Moonlight Games,PixelWorks,PlayStation 5,Asia Pacific,2025-04-01,2020-03-20,85.5,1181,53.99,0.1,63762.19,5677.09
S00401,G1003,Neon Legends 3,Adventure,Blue Oak Studio,NextLevel Games,Xbox Series X,Europe,2023-04-01,2019-07-29,98.0,1481,54.99,0.0,81440.19,5886.3
S00123,G1252,Cyber Tactics 252,Simulation,Crystal Byte,NextLevel Games,PlayStation 5,North America,2021-09-01,2024-08-19,81.0,2049,35.99,0.2,73743.51,6712.38
S01208,G1123,Neon Strike 123,Racing,Quantum Labs,Arcadia Media,PC,North America,2023-10-01,2020-04-10,72.6,1202,53.99,0.1,64895.98,7542.23
S00203,G1259,Kingdom Tactics 259,Simulation,Red Fox Studio,Titan Publishing,Nintendo Switch,Europe,2024-04-01,2021-12-21,83.2,854,40.49,0.1,34578.46,1887.82
S01463,G1050,Mystic Rising 50,Adventure,Red Fox Studio,Blue Horizon,PlayStation 4,Latin America,2024-11-01,2019-12-12,,1028,27.5,0.5,28270.0,1892.85
S00836,G1030,Mystic Frontier 30,RPG,Orbit Games,Arcadia Media,PlayStation 4,Europe,2023-02-01,2019-04-15,52.0,841,51.99,0.2,43723.59,3519.59
S00247,G1242,Shadow Tactics 242,Strategy,Iron Pixel,Blue Horizon,PC,Japan,2021-06-01,2022-10-12,86.1,937,49.99,0.0,46840.63,1825.93
S01440,G1222,Shadow Warriors 222,Racing,Quantum Labs,Silverline Studios,PlayStation 5,Japan,2025-08-01,2022-03-25,93.3,318,47.99,0.2,15260.82,1931.42
S01734,G1189,Velocity Revolution 189,Shooter,Quantum Labs,Titan Publishing,Xbox Series X,North America,2022-06-01,2020-09-30,87.7,3057,58.49,0.1,178803.93,17242.67
S01696,G1195,Urban Revolution 195,Action,Iron Pixel,Nova Interactive,PlayStation 5,North America,2022-12-01,2024-08-27,69.5,2151,59.99,0.0,129038.49,11202.0
S00730,G1146,Solar Reborn 146,Action,Northstar Dev,Nova Interactive,PlayStation 4,Europe,2021-02-01,2024-09-21,67.2,235,53.99,0.1,12687.65,1214.2
S01708,G1134,Star Strike 134,Action,Orbit Games,Silverline Studios,PC,Japan,2023-02-01,2020-04-02,67.2,1675,47.99,0.2,80383.25,4692.17
S02139,G1002,Shadow Legends 2,Strategy,Red Fox Studio,PixelWorks,Nintendo Switch,Latin America,2023-08-01,2023-02-05,88.3,843,39.99,0.2,33711.57,2203.46
S01154,G1100,Eclipse Arena 100,Adventure,Blue Oak Studio,NextLevel Games,Xbox One,Japan,2024-02-01,2021-06-16,85.6,281,49.49,0.1,13906.69,1158.51
S01662,G1136,Legend Strike 136,Sports,Northstar Dev,NextLevel Games,PlayStation 5,North America,2021-05-01,2021-10-08,84.3,1247,55.99,0.2,69819.53,7786.21
S01427,G1180,Eclipse Origins 180,Shooter,Blue Oak Studio,NextLevel Games,Xbox One,Asia Pacific,2022-04-01,2023-07-06,77.5,281,64.99,0.0,18262.19,1249.71
S00385,G1001,Apex Legends 1,Racing,Digital Forge,Titan Publishing,Xbox Series X,Latin America,2025-05-01,2022-03-07,62.1,712,41.99,0.3,29896.88,3265.07
S01249,G1232,Cyber Warriors 232,Sports,Orbit Games,Arcadia Media,PC,Japan,2021-10-01,2023-06-27,83.9,938,69.99,0.0,65650.62,2292.35
S01760,G1259,Kingdom Tactics 259,Simulation,Red Fox Studio,Titan Publishing,PlayStation 5,Latin America,2023-04-01,2021-12-21,83.2,409,44.99,0.0,18400.91,1792.38
S00855,G1031,Titan Frontier 31,Racing,Red Fox Studio,Nova Interactive,Xbox One,Europe,2021-02-01,2021-06-29,64.6,382,59.99,0.0,22916.18,1954.99
S01590,G1116,Legend Odyssey 116,Strategy,Crystal Byte,Titan Publishing,PlayStation 4,Japan,2023-12-01,2023-06-20,86.3,675,44.99,0.1,30368.25,4123.01
S00642,G1198,Storm Revolution 198,Sports,ShadowWorks,Nova Interactive,PlayStation 4,North America,2021-07-01,2023-11-04,58.5,1031,62.99,0.1,64942.69,3838.98
S00002,G1209,Velocity Quest 209,RPG,Northstar Dev,NextLevel Games,Xbox One,Japan,2025-08-01,2025-06-15,81.3,170,64.99,0.0,11048.3,934.0
S00699,G1076,Legend Chronicles 76,Adventure,Northstar Dev,Vertex Entertainment,PlayStation 5,North America,2024-04-01,2021-02-07,93.4,431,49.49,0.1,21330.19,1081.87
S01637,G1118,Storm Odyssey 118,Racing,Iron Pixel,Titan Publishing,Nintendo Switch,Japan,2021-05-01,2023-03-14,56.9,1379,59.99,0.0,82726.21,8422.9
S01292,G1238,Storm Warriors 238,Adventure,Northstar Dev,Blue Horizon,PlayStation 5,Europe,2023-03-01,2022-09-21,76.6,1277,54.99,0.0,70222.23,4381.27
S02099,G1005,Iron Legends 5,RPG,Quantum Labs,Nova Interactive,Xbox One,Asia Pacific,2025-01-01,2021-10-12,78.0,1506,51.99,0.2,78296.94,8851.87
S01521,G1221,Apex Warriors 221,Adventure,Red Fox Studio,Titan Publishing,PC,Asia Pacific,2021-06-01,2020-02-28,71.6,1711,49.49,0.1,84677.39,6948.91
S01854,G1175,Urban Origins 175,Sports,ShadowWorks,Arcadia Media,PC,Asia Pacific,2025-08-01,2023-01-26,73.6,682,62.99,0.1,42959.18,3275.0
S01137,G1012,Cyber Legends 12,Racing,Quantum Labs,PixelWorks,PlayStation 4,Europe,2024-12-01,2024-01-08,,1013,53.99,0.1,54691.87,5951.17
S02128,G1123,Neon Strike 123,Racing,Quantum Labs,Arcadia Media,PC,Europe,2024-12-01,2020-04-10,72.6,685,59.99,0.0,41093.15,4004.87
S01632,G1190,Mystic Revolution 190,Action,Blue Oak Studio,Vertex Entertainment,PlayStation 4,Asia Pacific,2024-08-01,2020-08-08,,797,47.99,0.2,38248.03,4476.76
S01999,G1067,Rogue Chronicles 67,Strategy,Quantum Labs,Vertex Entertainment,Xbox Series X,Europe,2021-09-01,2022-09-02,87.3,621,39.99,0.2,24833.79,3272.59
S00664,G1073,Frozen Chronicles 73,Strategy,Digital Forge,Silverline Studios,PlayStation 5,Asia Pacific,2022-04-01,2025-02-27,78.9,1844,39.99,0.2,73741.56,9269.05
S00684,G1197,Quantum Revolution 197,Sports,Orbit Games,Silverline Studios,PlayStation 4,Latin America,2025-10-01,2023-05-26,54.1,311,62.99,0.1,19589.89,1304.96
S01258,G1143,Neon Reborn 143,Adventure,Northstar Dev,Nova Interactive,PC,Europe,2022-09-01,2025-02-18,63.0,4510,49.49,0.1,223199.9,20367.47
S00318,G1184,Crystal Revolution 184,Strategy,Sunrise Labs,Vertex Entertainment,PlayStation 4,Europe,2022-11-01,2021-05-17,,3204,49.99,0.0,160167.96,8517.78
S00649,G1200,Eclipse Revolution 200,Action,Digital Forge,PixelWorks,Xbox Series X,Latin America,2025-01-01,2022-03-14,67.8,781,53.99,0.1,42166.19,3885.56
S01435,G1007,Rogue Legends 7,Adventure,ShadowWorks,Titan Publishing,Nintendo Switch,Europe,2023-01-01,2021-05-04,66.7,1263,54.99,0.0,69452.37,7464.67
S01480,G1073,Frozen Chronicles 73,Strategy,Digital Forge,Silverline Studios,Xbox One,Europe,2023-03-01,2025-02-27,78.9,1492,25.0,0.5,37300.0,2785.81
S00710,G1179,Kingdom Origins 179,Action,Crystal Byte,PixelWorks,PlayStation 4,Japan,2022-12-01,2020-08-25,68.9,329,53.99,0.1,17762.71,1617.98
S01283,G1193,Frozen Revolution 193,Sports,Sunrise Labs,Blue Horizon,Xbox Series X,Europe,2022-12-01,2021-01-04,58.6,420,69.99,0.0,29395.8,1904.96
S01769,G1020,Eclipse Legends 20,Simulation,Wildcat Interactive,Titan Publishing,Xbox Series X,Japan,2021-02-01,2025-06-05,,575,35.99,0.2,20694.25,953.2
S00973,G1153,Frozen Reborn 153,Simulation,Digital Forge,Silverline Studios,Xbox One,North America,2021-08-01,2020-07-03,67.5,834,40.49,0.1,33768.66,3263.35
S01307,G1036,Legend Frontier 36,Strategy,Red Fox Studio,Blue Horizon,Nintendo Switch,Asia Pacific,2023-04-01,2019-01-15,71.6,866,49.99,0.0,43291.34,3786.08
S01401,G1212,Cyber Quest 212,Racing,Digital Forge,Vertex Entertainment,PlayStation 5,Europe,2021-02-01,2022-12-21,67.9,3325,59.99,0.0,199466.75,12898.16
S01409,G1200,Eclipse Revolution 200,Action,Digital Forge,PixelWorks,Nintendo Switch,Japan,2022-07-01,2022-03-14,67.8,859,59.99,0.0,51531.41,5082.76
S01497,G1064,Crystal Chronicles 64,Adventure,Crystal Byte,Titan Publishing,PlayStation 5,North America,2024-06-01,2023-05-30,,1982,38.49,0.3,76287.18,2322.4
S02039,G1142,Shadow Reborn 142,RPG,Moonlight Games,Titan Publishing,Xbox Series X,North America,2022-12-01,2019-10-20,76.8,854,58.49,0.1,49950.46,3088.03
S01530,G1252,Cyber Tactics 252,Simulation,Crystal Byte,NextLevel Games,Xbox Series X,Europe,2023-09-01,2024-08-19,81.0,937,44.99,0.0,42155.63,2123.65
S01664,G1224,Crystal Warriors 224,RPG,Crystal Byte,Silverline Studios,Nintendo Switch,Latin America,2021-09-01,2022-11-13,44.4,1184,58.49,0.1,69252.16,6193.39
S01355,G1054,Star Rising 54,Simulation,Blue Oak Studio,Nova Interactive,PC,Europe,2022-06-01,2020-08-13,77.0,471,40.49,0.1,19070.79,1480.82
S02147,G1009,Velocity Legends 9,Strategy,Sunrise Labs,NextLevel Games,Nintendo Switch,Europe,2022-07-01,2024-10-17,68.4,2861,44.99,0.1,128716.39,12677.3
S02162,G1166,Solar Origins 166,Strategy,Crystal Byte,Nova Interactive,Xbox One,Europe,2024-12-01,2019-10-20,82.0,864,25.0,0.5,21600.0,1647.66
S01644,G1159,Kingdom Reborn 159,Sports,Blue Oak Studio,Nova Interactive,PlayStation 4,North America,2024-05-01,2025-04-28,52.2,1082,48.99,0.3,53007.18,5979.19
S01052,G1224,Crystal Warriors 224,RPG,Crystal Byte,Silverline Studios,Xbox Series X,Latin America,2023-01-01,2022-11-13,44.4,777,32.49,0.5,25244.73,1779.94
S00796,G1241,Apex Tactics 241,RPG,Northstar Dev,Arcadia Media,Xbox Series X,Latin America,2025-10-01,2025-06-12,74.1,362,64.99,0.0,23526.38,1835.36
S01598,G1237,Quantum Warriors 237,Simulation,Northstar Dev,Silverline Studios,Nintendo Switch,North America,2023-10-01,2024-11-02,89.1,13238,44.99,0.0,595577.62,49974.48
S01820,G1030,Mystic Frontier 30,RPG,Orbit Games,Arcadia Media,Xbox Series X,Japan,2022-01-01,2019-04-15,52.0,898,45.49,0.3,40850.02,4650.78
S01723,G1139,Kingdom Strike 139,Sports,Iron Pixel,Nova Interactive,PC,North America,2022-04-01,2024-10-30,88.1,0,69.99,0.0,0.0,15919.52
S01184,G1130,Mystic Strike 130,Shooter,Quantum Labs,PixelWorks,Nintendo Switch,North America,2024-11-01,2019-08-03,62.0,3349,64.99,0.0,217651.51,18096.38
S01060,G1030,Mystic Frontier 30,RPG,Orbit Games,Arcadia Media,Nintendo Switch,Latin America,2023-12-01,2019-04-15,52.0,258,64.99,0.0,16767.42,2164.43
S00541,G1068,Dragon Chronicles 68,Shooter,Blue Oak Studio,Titan Publishing,PlayStation 4,North America,2025-08-01,2021-04-11,,4444,64.99,0.0,288815.56,37242.68
S01679,G1094,Star Arena 94,Action,ShadowWorks,PixelWorks,PlayStation 5,Latin America,2024-05-01,2024-05-17,56.9,211,53.99,0.1,11391.89,503.25
S01758,G1067,Rogue Chronicles 67,Strategy,Quantum Labs,Vertex Entertainment,PlayStation 5,North America,2023-06-01,2022-09-02,87.3,1411,34.99,0.3,49370.89,5670.47
S01924,G1240,Eclipse Warriors 240,Sports,Digital Forge,Nova Interactive,Xbox One,Asia Pacific,2021-12-01,2021-07-29,66.4,572,55.99,0.2,32026.28,4160.41
S00096,G1044,Crystal Rising 44,Simulation,Wildcat Interactive,Silverline Studios,Xbox Series X,Japan,2022-03-01,2020-05-30,74.1,2455,40.49,0.1,99402.95,12023.65
S01021,G1062,Shadow Chronicles 62,Shooter,Digital Forge,NextLevel Games,PlayStation 4,Latin America,2024-02-01,2021-06-20,73.7,828,51.99,0.2,43047.72,5245.6
S00564,G1139,Kingdom Strike 139,Sports,Iron Pixel,Nova Interactive,PC,Europe,2023-04-01,2024-10-30,88.1,1830,62.99,0.1,115271.7,11552.86
S00864,G1100,Eclipse Arena 100,Adventure,Blue Oak Studio,NextLevel Games,Nintendo Switch,North America,2023-01-01,2021-06-16,85.6,3041,38.49,0.3,117048.09,8256.24
S01485,G1203,Neon Quest 203,Simulation,Sunrise Labs,Titan Publishing,PlayStation 5,Japan,2023-07-01,2021-02-11,46.9,387,35.99,0.2,13928.13,477.12
S01882,G1237,Quantum Warriors 237,Simulation,Northstar Dev,Silverline Studios,PlayStation 5,Japan,2024-06-01,2024-11-02,89.1,2392,44.99,0.0,107616.08,7706.12
S01039,G1194,Star Revolution 194,Action,Northstar Dev,Arcadia Media,PlayStation 4,North America,2023-02-01,2024-05-08,69.7,2765,59.99,0.0,165872.35,11278.55
S00207,G1040,Eclipse Frontier 40,Sports,Wildcat Interactive,Arcadia Media,PlayStation 5,North America,2023-07-01,2020-12-22,74.7,1755,69.99,0.0,122832.45,4264.52
S00393,G1105,Iron Odyssey 105,Racing,ShadowWorks,Titan Publishing,PlayStation 5,North America,2021-07-01,2019-08-02,72.8,3637,53.99,0.1,196361.63,27135.19
S00871,G1057,Quantum Rising 57,Racing,Orbit Games,Arcadia Media,Xbox One,Asia Pacific,2024-12-01,2023-01-09,69.6,408,59.99,0.0,24475.92,3294.4
S00398,G1020,Eclipse Legends 20,Simulation,Wildcat Interactive,Titan Publishing,PC,Latin America,2021-05-01,2025-06-05,,840,35.99,0.2,30231.6,2479.15
S02116,G1225,Iron Warriors 225,Simulation,Northstar Dev,Blue Horizon,Xbox Series X,North America,2022-09-01,2024-04-03,70.0,7012,44.99,0.0,315469.88,33261.99
S01029,G1153,Frozen Reborn 153,Simulation,Digital Forge,Silverline Studios,Xbox Series X,Japan,2022-09-01,2020-07-03,67.5,426,44.99,0.0,19165.74,1263.68
S01486,G1225,Iron Warriors 225,Simulation,Northstar Dev,Blue Horizon,PlayStation 5,Japan,2022-06-01,2024-04-03,70.0,464,44.99,0.0,20875.36,845.98
S00961,G1254,Star Tactics 254,Racing,Digital Forge,PixelWorks,Xbox One,Japan,2022-09-01,2025-03-27,,495,53.99,0.1,26725.05,1555.09
S01571,G1102,Shadow Odyssey 102,Racing,Northstar Dev,NextLevel Games,PlayStation 5,Japan,2021-08-01,2021-04-04,70.2,311,59.99,0.0,18656.89,1500.3
S01896,G1191,Titan Revolution 191,Sports,Red Fox Studio,Blue Horizon,Xbox One,Latin America,2023-06-01,2022-09-05,73.5,285,62.99,0.1,17952.15,967.55
S00805,G1132,Cyber Strike 132,Action,Digital Forge,NextLevel Games,Xbox Series X,Asia Pacific,2025-09-01,2019-06-01,63.2,733,47.99,0.2,35176.67,1363.08
S01752,G1038,Storm Frontier 38,RPG,Blue Oak Studio,Silverline Studios,PC,Asia Pacific,2023-02-01,2020-03-02,74.0,573,51.99,0.2,29790.27,1854.53
S00503,G1073,Frozen Chronicles 73,Strategy,Digital Forge,Silverline Studios,PC,North America,2021-12-01,2025-02-27,78.9,6857,44.99,0.1,308496.43,26653.11
S00780,G1223,Neon Warriors 223,Action,Quantum Labs,NextLevel Games,PlayStation 5,Japan,2024-10-01,2023-06-14,,360,47.99,0.2,17276.4,1786.04
S01864,G1165,Iron Origins 165,Simulation,Crystal Byte,NextLevel Games,PC,Latin America,2021-11-01,2019-04-07,60.7,405,44.99,0.0,18220.95,952.7
S00201,G1109,Velocity Odyssey 109,Simulation,Northstar Dev,Vertex Entertainment,Nintendo Switch,North America,2024-09-01,2023-08-31,73.8,1378,40.49,0.1,55795.22,5553.71
S02089,G1136,Legend Strike 136,Sports,Northstar Dev,NextLevel Games,Nintendo Switch,Asia Pacific,2025-11-01,2021-10-08,84.3,2501,62.99,0.1,157537.99,12114.24
S01797,G1137,Quantum Strike 137,Adventure,Orbit Games,Silverline Studios,PlayStation 5,Japan,2021-10-01,2021-05-19,,2413,27.5,0.5,66357.5,6152.94
S00379,G1164,Crystal Origins 164,Adventure,Crystal Byte,Arcadia Media,Xbox Series X,North America,2022-09-01,2023-10-25,63.3,1175,54.99,0.0,64613.25,2685.11
S00419,G1240,Eclipse Warriors 240,Sports,Digital Forge,Nova Interactive,PC,North America,2024-10-01,2021-07-29,66.4,1033,69.99,0.0,72299.67,5030.07
S01699,G1253,Frozen Tactics 253,Simulation,Moonlight Games,Vertex Entertainment,PC,North America,2022-06-01,2022-11-15,64.5,7383,31.49,0.3,232490.67,14675.02
S00392,G1215,Urban Quest 215,RPG,Quantum Labs,PixelWorks,Nintendo Switch,North America,2024-03-01,2025-02-19,69.8,517,64.99,0.0,33599.83,3530.05
S01523,G1004,Crystal Legends 4,Racing,Orbit Games,PixelWorks,PlayStation 4,Latin America,2024-12-01,2024-05-02,,392,59.99,0.0,23516.08,2223.24
S01163,G1135,Urban Strike 135,Strategy,Digital Forge,Titan Publishing,PlayStation 5,Latin America,2023-07-01,2023-12-28,77.8,1183,39.99,0.2,47308.17,5486.77
S01496,G1034,Star Frontier 34,Action,Red Fox Studio,Titan Publishing,Xbox One,Japan,2022-09-01,2022-09-16,49.7,937,59.99,0.0,56210.63,2713.85
S02028,G1184,Crystal Revolution 184,Strategy,Sunrise Labs,Vertex Entertainment,PC,North America,2024-09-01,2021-05-17,,3831,49.99,0.0,191511.69,17167.0
S01153,G1036,Legend Frontier 36,Strategy,Red Fox Studio,Blue Horizon,PC,Latin America,2021-05-01,2019-01-15,71.6,1767,49.99,0.0,88332.33,7228.58
S01368,G1125,Iron Strike 125,Shooter,ShadowWorks,NextLevel Games,Xbox One,Japan,2024-07-01,2019-03-27,79.8,492,64.99,0.0,31975.08,3533.58
S00065,G1117,Quantum Odyssey 117,Action,Digital Forge,Blue Horizon,PlayStation 4,Asia Pacific,2024-12-01,2021-03-29,69.8,811,53.99,0.1,43785.89,4600.08
S02063,G1052,Cyber Rising 52,Action,Northstar Dev,Nova Interactive,PlayStation 5,Europe,2021-12-01,2023-04-04,85.1,2519,59.99,0.0,151114.81,19055.46
S01181,G1065,Iron Chronicles 65,Sports,Red Fox Studio,Nova Interactive,Xbox Series X,Latin America,2021-09-01,2025-05-07,,1087,62.99,0.1,68470.13,3793.69
S00493,G1253,Frozen Tactics 253,Simulation,Moonlight Games,Vertex Entertainment,Xbox Series X,Europe,2024-06-01,2022-11-15,64.5,385,40.49,0.1,15588.65,934.26
S00380,G1134,Star Strike 134,Action,Orbit Games,Silverline Studios,PC,Latin America,2022-12-01,2020-04-02,67.2,256,53.99,0.1,13821.44,1582.9
S00764,G1169,Velocity Origins 169,Racing,Northstar Dev,Arcadia Media,PlayStation 5,Japan,2025-07-01,2022-09-08,79.3,1049,53.99,0.1,56635.51,3247.09
S00792,G1187,Rogue Revolution 187,Action,ShadowWorks,Nova Interactive,PC,Europe,2023-04-01,2020-05-19,84.1,2282,47.99,0.2,109513.18,7432.73
S01077,G1094,Star Arena 94,Action,ShadowWorks,PixelWorks,Xbox Series X,Asia Pacific,2022-11-01,2024-05-17,56.9,880,53.99,0.1,47511.2,2256.95
S00879,G1202,Shadow Quest 202,RPG,Red Fox Studio,PixelWorks,PlayStation 4,Latin America,2021-02-01,2024-07-25,78.9,273,58.49,0.1,15967.77,1582.0
S00338,G1109,Velocity Odyssey 109,Simulation,Northstar Dev,Vertex Entertainment,PlayStation 5,Latin America,2023-08-01,2023-08-31,73.8,622,35.99,0.2,22385.78,1133.6
S01017,G1100,Eclipse Arena 100,Adventure,Blue Oak Studio,NextLevel Games,PlayStation 5,Latin America,2021-08-01,2021-06-16,85.6,1488,54.99,0.0,81825.12,7645.04
S01276,G1249,Velocity Tactics 249,Racing,Moonlight Games,Titan Publishing,Xbox One,North America,2022-08-01,2021-08-17,80.0,838,53.99,0.1,45243.62,2771.69
S00456,G1249,Velocity Tactics 249,Racing,Moonlight Games,Titan Publishing,Nintendo Switch,Latin America,2022-11-01,2021-08-17,80.0,252,59.99,0.0,15117.48,894.54
S00816,G1093,Frozen Arena 93,Shooter,Red Fox Studio,Nova Interactive,Xbox Series X,Japan,2021-03-01,2021-09-20,58.2,738,64.99,0.0,47962.62,3166.15
S00996,G1202,Shadow Quest 202,RPG,Red Fox Studio,PixelWorks,Xbox Series X,Europe,2023-12-01,2024-07-25,78.9,364,45.49,0.3,16558.36,1920.55
S01982,G1061,Apex Chronicles 61,Simulation,Wildcat Interactive,PixelWorks,Xbox One,Europe,2022-08-01,2024-04-07,61.8,330,44.99,0.0,14846.7,1748.22
S00202,G1151,Titan Reborn 151,Adventure,Blue Oak Studio,Arcadia Media,PlayStation 5,North America,2025-09-01,2024-06-19,68.1,3344,43.99,0.2,147102.56,12250.9
S00162,G1056,Legend Rising 56,Shooter,Quantum Labs,Arcadia Media,PC,Europe,2022-07-01,2023-05-01,77.2,451,64.99,0.0,29310.49,2210.37
S01580,G1130,Mystic Strike 130,Shooter,Quantum Labs,PixelWorks,PC,North America,2024-01-01,2019-08-03,62.0,1565,45.49,0.3,71191.85,9852.91
S00703,G1218,Storm Quest 218,Simulation,Blue Oak Studio,Silverline Studios,Xbox Series X,North America,2023-06-01,2022-03-14,59.9,1260,40.49,0.1,51017.4,2672.1
S01501,G1104,Crystal Odyssey 104,Adventure,Wildcat Interactive,Nova Interactive,Xbox One,Japan,2024-03-01,2021-06-26,61.7,621,54.99,0.0,34148.79,1723.74
S01130,G1179,Kingdom Origins 179,Action,Crystal Byte,PixelWorks,PlayStation 5,Japan,2021-10-01,2020-08-25,68.9,967,47.99,0.2,46406.33,5903.67
S01022,G1011,Titan Legends 11,Action,Wildcat Interactive,NextLevel Games,Nintendo Switch,Japan,2021-03-01,2023-10-13,75.2,598,59.99,0.0,35874.02,4280.33
S01586,G1015,Urban Legends 15,RPG,Sunrise Labs,Blue Horizon,Xbox Series X,North America,2025-09-01,2021-06-29,84.6,5926,64.99,0.0,385130.74,15974.8
S01956,G1090,Mystic Arena 90,Shooter,Moonlight Games,NextLevel Games,Xbox Series X,Japan,2023-12-01,2021-07-17,69.7,114,58.49,0.1,6667.86,551.01
S00035,G1150,Mystic Reborn 150,RPG,Moonlight Games,Vertex Entertainment,Xbox Series X,Europe,2022-03-01,2019-12-20,78.9,3336,64.99,0.0,216806.64,6599.88
S00776,G1012,Cyber Legends 12,Racing,Quantum Labs,PixelWorks,PC,Europe,2025-01-01,2024-01-08,,1006,59.99,0.0,60349.94,2621.86
S01479,G1055,Urban Rising 55,Strategy,Blue Oak Studio,Vertex Entertainment,Xbox Series X,Latin America,2024-01-01,2021-12-02,55.4,607,25.0,0.5,15175.0,627.44
S01391,G1174,Star Origins 174,Adventure,ShadowWorks,Arcadia Media,PlayStation 4,Europe,2025-05-01,2023-07-07,91.5,1835,49.49,0.1,90814.15,10732.66
S02140,G1008,Dragon Legends 8,RPG,ShadowWorks,Silverline Studios,Xbox One,Japan,2025-06-01,2022-03-06,75.1,129,64.99,0.0,8383.71,375.14
S01364,G1016,Legend Legends 16,Racing,ShadowWorks,Arcadia Media,Nintendo Switch,North America,2021-07-01,2025-06-19,98.0,1018,41.99,0.3,42745.82,4863.35
S02042,G1063,Neon Chronicles 63,RPG,Moonlight Games,Blue Horizon,PlayStation 4,Latin America,2021-07-01,2019-11-18,63.7,1037,64.99,0.0,67394.63,3119.13
S00242,G1225,Iron Warriors 225,Simulation,Northstar Dev,Blue Horizon,PC,Asia Pacific,2024-11-01,2024-04-03,70.0,916,40.49,0.1,37088.84,2738.86
S02062,G1250,Mystic Tactics 250,Simulation,Blue Oak Studio,PixelWorks,Xbox One,North America,2025-11-01,2023-01-07,87.9,1787,44.99,0.0,80397.13,11024.02
S00601,G1006,Solar Legends 6,Strategy,Crystal Byte,PixelWorks,Nintendo Switch,Europe,2021-07-01,2023-02-04,55.5,626,49.99,0.0,31293.74,2422.2
S01298,G1210,Mystic Quest 210,Shooter,Orbit Games,Titan Publishing,Xbox One,Asia Pacific,2024-03-01,2020-10-03,,561,58.49,0.1,32812.89,2198.72
S02069,G1065,Iron Chronicles 65,Sports,Red Fox Studio,Nova Interactive,PlayStation 4,North America,2022-04-01,2025-05-07,,1340,69.99,0.0,93786.6,3961.78
S00647,G1138,Storm Strike 138,Racing,Red Fox Studio,Silverline Studios,PlayStation 5,North America,2025-10-01,2023-09-18,,3203,53.99,0.1,172929.97,8922.21
S01529,G1217,Quantum Quest 217,Simulation,Iron Pixel,Vertex Entertainment,PlayStation 5,Europe,2023-07-01,2023-08-03,71.4,2671,40.49,0.1,108148.79,14581.08
S01268,G1214,Star Quest 214,Strategy,Sunrise Labs,Blue Horizon,Xbox Series X,Asia Pacific,2025-11-01,2023-01-20,,569,49.99,0.0,28444.31,1465.09
S01900,G1183,Neon Revolution 183,Adventure,Quantum Labs,NextLevel Games,Xbox One,North America,2023-05-01,2025-04-08,75.5,664,43.99,0.2,29209.36,1411.46
S00563,G1224,Crystal Warriors 224,RPG,Crystal Byte,Silverline Studios,PlayStation 4,Europe,2022-11-01,2022-11-13,44.4,423,58.49,0.1,24741.27,1842.29
S00190,G1196,Legend Revolution 196,Strategy,Moonlight Games,Arcadia Media,PlayStation 5,Europe,2025-08-01,2021-11-17,56.7,1479,44.99,0.1,66540.21,6511.74
S01807,G1243,Neon Tactics 243,Adventure,Crystal Byte,PixelWorks,PC,North America,2025-05-01,2021-10-15,52.6,869,43.99,0.2,38227.31,2518.93
S00976,G1024,Crystal Frontier 24,Strategy,Northstar Dev,Vertex Entertainment,Xbox Series X,Asia Pacific,2024-09-01,2025-04-20,63.3,511,49.99,0.0,25544.89,2690.13
S02048,G1188,Dragon Revolution 188,Action,Moonlight Games,NextLevel Games,Xbox One,Asia Pacific,2024-07-01,2019-08-05,84.5,244,59.99,0.0,14637.56,1911.41
S01083,G1201,Apex Quest 201,RPG,Crystal Byte,Arcadia Media,PC,Europe,2023-06-01,2024-05-12,63.9,1404,64.99,0.0,91245.96,6734.92
S00475,G1165,Iron Origins 165,Simulation,Crystal Byte,NextLevel Games,PC,Latin America,2025-11-01,2019-04-07,60.7,1012,31.49,0.3,31867.88,4014.29
S00748,G1188,Dragon Revolution 188,Action,Moonlight Games,NextLevel Games,PlayStation 4,North America,2021-04-01,2019-08-05,84.5,701,41.99,0.3,29434.99,2170.24
S00022,G1255,Urban Tactics 255,Action,Moonlight Games,Titan Publishing,Xbox One,Latin America,2025-07-01,2023-12-05,64.3,177,53.99,0.1,9556.23,891.07
S00460,G1065,Iron Chronicles 65,Sports,Red Fox Studio,Nova Interactive,Xbox One,Latin America,2023-05-01,2025-05-07,,159,62.99,0.1,10015.41,1035.49
S01185,G1216,Legend Quest 216,Racing,Iron Pixel,PixelWorks,Xbox One,Latin America,2025-12-01,2025-03-17,70.2,825,53.99,0.1,44541.75,4237.53
S00956,G1160,Eclipse Reborn 160,Sports,Wildcat Interactive,Nova Interactive,PlayStation 4,Asia Pacific,2025-09-01,2019-03-02,,580,69.99,0.0,40594.2,1900.36
S01216,G1107,Rogue Odyssey 107,RPG,ShadowWorks,Arcadia Media,Xbox One,North America,2023-03-01,2021-03-12,67.1,1122,51.99,0.2,58332.78,5279.27
S01516,G1175,Urban Origins 175,Sports,ShadowWorks,Arcadia Media,Xbox Series X,Latin America,2024-02-01,2023-01-26,73.6,527,48.99,0.3,25817.73,2744.57
S00770,G1210,Mystic Quest 210,Shooter,Orbit Games,Titan Publishing,PlayStation 5,North America,2023-12-01,2020-10-03,,2200,64.99,0.0,142978.0,5325.27
S01686,G1054,Star Rising 54,Simulation,Blue Oak Studio,Nova Interactive,PlayStation 5,Europe,2021-05-01,2020-08-13,77.0,5875,44.99,0.0,264316.25,21346.05
S00131,G1108,Dragon Odyssey 108,Adventure,Wildcat Interactive,Silverline Studios,PlayStation 4,Latin America,2021-01-01,2019-11-23,98.0,366,54.99,0.0,20126.34,2751.65
S02136,G1213,Frozen Quest 213,Sports,Wildcat Interactive,Vertex Entertainment,PlayStation 5,Latin America,2025-11-01,2025-03-06,85.6,551,62.99,0.1,34707.49,4299.5
S01483,G1238,Storm Warriors 238,Adventure,Northstar Dev,Blue Horizon,Xbox One,Asia Pacific,2023-03-01,2022-09-21,76.6,435,54.99,0.0,23920.65,813.77
S00331,G1059,Kingdom Rising 59,Racing,Orbit Games,Silverline Studios,Nintendo Switch,Japan,2023-09-01,2022-04-13,71.9,853,53.99,0.1,46053.47,2829.3
S01239,G1215,Urban Quest 215,RPG,Quantum Labs,PixelWorks,PlayStation 4,Asia Pacific,2021-11-01,2025-02-19,69.8,980,51.99,0.2,50950.2,5235.01
S00467,G1034,Star Frontier 34,Action,Red Fox Studio,Titan Publishing,Xbox Series X,Latin America,2023-06-01,2022-09-16,49.7,1529,53.99,0.1,82550.71,3482.84
S02170,G1224,Crystal Warriors 224,RPG,Crystal Byte,Silverline Studios,Nintendo Switch,Japan,2022-04-01,2022-11-13,44.4,1466,64.99,0.0,95275.34,3323.52
S01639,G1059,Kingdom Rising 59,Racing,Orbit Games,Silverline Studios,PC,Asia Pacific,2023-05-01,2022-04-13,71.9,459,53.99,0.1,24781.41,1061.43
S01096,G1017,Quantum Legends 17,Shooter,Iron Pixel,Nova Interactive,Nintendo Switch,Asia Pacific,2024-11-01,2020-07-29,,1712,45.49,0.3,77878.88,8658.61
S01131,G1029,Velocity Frontier 29,Strategy,Wildcat Interactive,NextLevel Games,Xbox Series X,Latin America,2024-10-01,2024-11-12,89.2,514,49.99,0.0,25694.86,836.35
S01295,G1227,Rogue Warriors 227,RPG,Red Fox Studio,NextLevel Games,Xbox Series X,North America,2022-08-01,2023-05-26,73.2,2003,51.99,0.2,104135.97,7519.64
S00861,G1129,Velocity Strike 129,Adventure,Digital Forge,Nova Interactive,PlayStation 5,North America,2021-12-01,2019-03-19,59.4,2674,54.99,0.0,147043.26,6888.62
